id,title,price,city,property_type,surface_m2,rooms,bathrooms,transaction_type,url,inferred_type,is_duplicate,price_per_m2,city_median_m2,deal_score_pct,estimated_monthly_rent,annual_roi_pct,rent_per_m2
698ba1ca2211a108c2dbcb44,Immobilier Bizerte (8),135000.0,Tunis,Appartement,7000.0,1,1,vente,https://www.behya.tn/annonce-tunisie/annonces-bizerte/,vente,False,19.285714285714285,2121.212121212121,99.09081632653061,38043.47826086957,338.1642512077295,
6995ec008d086219fd25e113,V259,35000.0,Tunis,Appartement,1800.0,1,1,vente,http://drimmobilier.com/fr/vente/terrain/v259,vente,False,19.444444444444443,2121.212121212121,99.08333333333333,9782.608695652174,335.4037267080745,
69922104b4db7c7155569a96,Terrain agricole contenant des arbres,200000.0,Tunis,Appartement,8000.0,1,1,vente,https://tunisiapromo.com/annonce/terrain-agricole-contenant-des-arbres-z156035.html,vente,True,25.0,2121.212121212121,98.82142857142857,43478.260869565216,260.8695652173913,
6990b9f631d6a7e29e31f21d,Vente,200000.0,Tunis,Appartement,8000.0,1,1,vente,https://tunisiapromo.com/vente,vente,True,25.0,2121.212121212121,98.82142857142857,43478.260869565216,260.8695652173913,
698b9f40b1afddc99cbe6d09,les plus rcentes.,20000.0,Tunis,Appartement,435.0,2,1,vente,https://www.dahmenimmobilier.tn/biens/detail/7534,vente,False,45.97701149425287,2121.212121212121,97.83251231527092,2364.130434782609,141.84782608695653,
69922968b4db7c7155569b6a,PROPOS DE CE BIEN,300000.0,Tunis,Appartement,6200.0,1,1,vente,https://www.immobiliere-casabella.com/bien/details/56787-un-terrain-a-vendre-a-bouficha,vente,False,48.38709677419355,2121.212121212121,97.71889400921658,33695.65217391305,134.7826086956522,
6995ec0b8d086219fd25e11a,V254,75000.0,Tunis,Appartement,1500.0,1,1,vente,http://drimmobilier.com/fr/vente/terrain/v254,vente,False,50.0,2121.212121212121,97.64285714285714,8152.173913043479,130.43478260869566,
6990b80c31d6a7e29e31f1df,Dcouvrez des annonces immobilires,200000.0,Tunis,Appartement,3700.0,2,1,vente,https://limmobilier.tn/annonce/terrain-de-3700-m2-a-1-5-km-de-afh-mrezga-a-vendre-51355351-7406.html,vente,False,54.054054054054056,2121.212121212121,97.45173745173744,20108.695652173912,120.65217391304348,
69922833b4db7c7155569b22,PROPOS DE CE BIEN,350000.0,Tunis,Appartement,6160.0,1,1,vente,https://www.immo-dulac.com/bien/details/127756-terrain-agricole-a-vendre-a-kalaa-kebira,vente,False,56.81818181818182,2121.212121212121,97.32142857142856,33478.260869565216,114.78260869565217,
6990b2b331d6a7e29e31f0a8,Terrain agricole Route Teniour,505000.0,Tunis,Appartement,8416.0,1,1,vente,"https://www.easyhome.tn/vente/terrain-agricole-8416-m2-sfax,VT329",vente,False,60.004752851711025,2121.212121212121,97.17120450841932,45739.13043478261,108.68704261730522,
69a0c924ad65c088f7a9c5ad,1000 m a ezzahra kelibia,63000.0,Tunis,Appartement,1000.0,1,1,vente,https://tunisiapromo.com/annonce/1000-m-a-ezzahra-kelibia-z153998.html,vente,True,63.0,2121.212121212121,97.03,5434.782608695652,103.51966873706004,
69a0c917ad65c088f7a9c5a8,Un terrain de 1000 m,63000.0,Tunis,Appartement,1000.0,1,1,vente,https://tunisiapromo.com/annonce/un-terrain-de-1000-m-z153978.html,vente,True,63.0,2121.212121212121,97.03,5434.782608695652,103.51966873706004,
69a0c922ad65c088f7a9c5ac,Occasion de 1000 m,63000.0,Tunis,Appartement,1000.0,1,1,vente,https://tunisiapromo.com/annonce/occasion-de-1000-m-z154121.html,vente,True,63.0,2121.212121212121,97.03,5434.782608695652,103.51966873706004,
69a0c91fad65c088f7a9c5ab,1000 m a ne pas rater,63000.0,Tunis,Appartement,1000.0,1,1,vente,https://tunisiapromo.com/annonce/1000-m-a-ne-pas-rater-z153999.html,vente,True,63.0,2121.212121212121,97.03,5434.782608695652,103.51966873706004,
698ba08b2211a108c2dbcae8,Vente Fonds de commerce en Tunisie,35000.0,Tunis,Appartement,490.0,1,1,vente,https://www.immobilier.com.tn/annonces/particulier/vente/1/fonds-de-commerce/6,vente,False,71.42857142857143,2121.212121212121,96.63265306122449,2663.0434782608695,91.30434782608695,
6995cbef8d086219fd25dfc3,"a vendre un terrain Cite El Bidhane, Enfidha, Sousse",21000.0,Tunis,Appartement,270.0,1,1,vente,https://www.immobilier.com.tn/annonce/33661/a-vendre-un-terrain,vente,False,77.77777777777777,2121.212121212121,96.33333333333333,1467.3913043478262,83.85093167701865,
6995d51b8d086219fd25e04c,Ayoub Immobilier Hammamet,790000.0,Tunis,Appartement,10000.0,1,1,vente,http://www.ayoubimmobilierhammamet.com/bien/details/12554-appartement-zahra,vente,True,79.0,2121.212121212121,96.27571428571429,54347.82608695652,82.55365987892131,
69921e74b4db7c7155569a48,Ayoub Immobilier Hammamet,790000.0,Tunis,Appartement,10000.0,1,1,vente,http://www.ayoubimmobilierhammamet.com/bien/details/12239-appartement-bein-2,vente,True,79.0,2121.212121212121,96.27571428571429,54347.82608695652,82.55365987892131,
6995d4de8d086219fd25e044,Ayoub Immobilier Hammamet,790000.0,Tunis,Appartement,10000.0,1,1,vente,http://www.ayoubimmobilierhammamet.com/bien/details/10772-terrain-hs-500,vente,True,79.0,2121.212121212121,96.27571428571429,54347.82608695652,82.55365987892131,
69921e78b4db7c7155569a49,Ayoub Immobilier Hammamet,790000.0,Tunis,Appartement,10000.0,1,1,vente,http://www.ayoubimmobilierhammamet.com/bien/details/12535-villa-hedi-2,vente,True,79.0,2121.212121212121,96.27571428571429,54347.82608695652,82.55365987892131,
69921e82b4db7c7155569a4b,Ayoub Immobilier Hammamet,790000.0,Tunis,Appartement,10000.0,1,1,vente,http://www.ayoubimmobilierhammamet.com/bien/details/14854-studio-achraf-3,vente,True,79.0,2121.212121212121,96.27571428571429,54347.82608695652,82.55365987892131,
69921e7db4db7c7155569a4a,Ayoub Immobilier Hammamet,790000.0,Tunis,Appartement,10000.0,1,1,vente,http://www.ayoubimmobilierhammamet.com/bien/details/12458-villa-lhaje,vente,True,79.0,2121.212121212121,96.27571428571429,54347.82608695652,82.55365987892131,
69921e92b4db7c7155569a4d,Ayoub Immobilier Hammamet,790000.0,Tunis,Appartement,10000.0,1,1,vente,http://www.ayoubimmobilierhammamet.com/bien/details/12087-terrain-saleh-2,vente,True,79.0,2121.212121212121,96.27571428571429,54347.82608695652,82.55365987892131,
69921e97b4db7c7155569a4e,Ayoub Immobilier Hammamet,790000.0,Tunis,Appartement,10000.0,1,1,vente,http://www.ayoubimmobilierhammamet.com/bien/details/15570-studio-jaune-2,vente,True,79.0,2121.212121212121,96.27571428571429,54347.82608695652,82.55365987892131,
69921e6fb4db7c7155569a47,Ayoub Immobilier Hammamet,790000.0,Tunis,Appartement,10000.0,1,1,vente,http://www.ayoubimmobilierhammamet.com/bien/details/11884-appartement-snit-2,vente,True,79.0,2121.212121212121,96.27571428571429,54347.82608695652,82.55365987892131,
6995d4f38d086219fd25e047,Ayoub Immobilier Hammamet,790000.0,Tunis,Appartement,10000.0,1,1,vente,http://www.ayoubimmobilierhammamet.com/bien/details/12304-studio-achref-2,vente,True,79.0,2121.212121212121,96.27571428571429,54347.82608695652,82.55365987892131,
6995d4d48d086219fd25e042,Ayoub Immobilier Hammamet,790000.0,Tunis,Appartement,10000.0,1,1,vente,http://www.ayoubimmobilierhammamet.com/bien/details/11153-terrain-zen,vente,True,79.0,2121.212121212121,96.27571428571429,54347.82608695652,82.55365987892131,
6995d4e48d086219fd25e045,Ayoub Immobilier Hammamet,790000.0,Tunis,Appartement,10000.0,1,1,vente,http://www.ayoubimmobilierhammamet.com/bien/details/14943-maison-mirage,vente,True,79.0,2121.212121212121,96.27571428571429,54347.82608695652,82.55365987892131,
6995d4d98d086219fd25e043,Ayoub Immobilier Hammamet,790000.0,Tunis,Appartement,10000.0,1,1,vente,http://www.ayoubimmobilierhammamet.com/bien/details/12641-terrain-guiga-1,vente,True,79.0,2121.212121212121,96.27571428571429,54347.82608695652,82.55365987892131,
6995d4fc8d086219fd25e048,Ayoub Immobilier Hammamet,790000.0,Tunis,Appartement,10000.0,1,1,vente,http://www.ayoubimmobilierhammamet.com/bien/details/11148-residence-samira,vente,True,79.0,2121.212121212121,96.27571428571429,54347.82608695652,82.55365987892131,
69921e9cb4db7c7155569a4f,Ayoub Immobilier Hammamet,790000.0,Tunis,Appartement,10000.0,1,1,vente,http://www.ayoubimmobilierhammamet.com/bien/details/11453-studio-violet,vente,True,79.0,2121.212121212121,96.27571428571429,54347.82608695652,82.55365987892131,
69921e8db4db7c7155569a4c,Ayoub Immobilier Hammamet,790000.0,Tunis,Appartement,10000.0,1,1,vente,http://www.ayoubimmobilierhammamet.com/bien/details/12617-villa-borj-hfayed,vente,True,79.0,2121.212121212121,96.27571428571429,54347.82608695652,82.55365987892131,
6995db8b8d086219fd25e09a,Terrain agricole - Vente - Djerba - Houmt Souk Mdenine Tunisie,70000.0,Tunis,Appartement,863.0,1,1,vente,https://www.remax-lotophages.com/bien/1492?nom=Terrain agricole - Vente - Djerba - Houmt Souk Médenine Tunisie,vente,False,81.11239860950174,2121.212121212121,96.17612977983777,4690.217391304348,80.40372670807454,
6995ecb18d086219fd25e14e,Vente,32000.0,Tunis,Appartement,380.0,1,1,vente,http://www.speranzaimmobiliere.com/immobilier-tunisie/annonces-achat/,vente,True,84.21052631578948,2121.212121212121,96.03007518796993,2065.217391304348,77.44565217391305,
6995ecb88d086219fd25e150,Vente,32000.0,Tunis,Appartement,380.0,1,1,vente,https://speranzaimmobiliere.com/achat-immobilier/,vente,True,84.21052631578948,2121.212121212121,96.03007518796993,2065.217391304348,77.44565217391305,
6995ecc28d086219fd25e153,Vente,32000.0,Tunis,Appartement,380.0,1,1,vente,https://speranzaimmobiliere.com/immobilier-tunisie/annonces-achat/,vente,True,84.21052631578948,2121.212121212121,96.03007518796993,2065.217391304348,77.44565217391305,
698b9f052211a108c2dbcabf,les plus rcentes.,80000.0,Tunis,Appartement,840.0,2,1,vente,https://www.dahmenimmobilier.tn/biens/detail/7935,vente,False,95.23809523809524,2121.212121212121,95.51020408163265,4565.217391304348,68.47826086956522,
6990b9ac31d6a7e29e31f214,Terrain agricole vendre grombalia el fondok jedid prs de,100000.0,Tunis,Appartement,1000.0,1,1,vente,https://tunisiapromo.com/annonce/terrain-agricole-a-vendre-a-grombalia-el-fondok-jedid-pres-de-z154577.html,vente,False,100.0,2121.212121212121,95.28571428571428,5434.782608695652,65.21739130434783,
6995ecbd8d086219fd25e151,Vente,32000.0,Tunis,Appartement,290.0,2,1,vente,https://speranzaimmobiliere.com/achat-immobilier/hammamet-nord/,vente,False,110.34482758620689,2121.212121212121,94.79802955665025,1576.0869565217392,59.10326086956522,
6995ec388d086219fd25e12f,BALLOUCHI.COM,1200000.0,Tunis,Appartement,10000.0,1,1,vente,https://m.ballouchi.com/annonces/immobilier/terrains-a-usage-commercial-et-industriel/centre-sport-et-loisirs.html,vente,True,120.0,2121.212121212121,94.34285714285714,54347.82608695652,54.347826086956516,
69a0d192ad65c088f7a9c65a,BALLOUCHI.COM,1200000.0,Tunis,Appartement,10000.0,1,1,vente,https://m.ballouchi.com/annonces/immobilier/terrains-a-usage-commercial-et-industriel/,vente,True,120.0,2121.212121212121,94.34285714285714,54347.82608695652,54.347826086956516,
6995ec158d086219fd25e120,V758,729000.0,Tunis,Appartement,5400.0,1,1,vente,http://drimmobilier.com/fr/vente/houch-djerbien/v758,vente,False,135.0,2121.212121212121,93.63571428571429,29347.826086956524,48.309178743961354,
6990b8c331d6a7e29e31f210,Vente terrain monchar hammamet,75000.0,Tunis,Appartement,500.0,1,1,vente,https://tunisiapromo.com/annonce/vente-terrain-monchar-hammamet-z139642.html,vente,False,150.0,2121.212121212121,92.92857142857143,2717.391304347826,43.47826086956522,
6990b78931d6a7e29e31f1ad,Vente,60000.0,Tunis,Appartement,400.0,4,1,vente,https://oasisimmobilier.com/achat-immobilier/hammamet-sud/,vente,False,150.0,2121.212121212121,92.92857142857143,2173.913043478261,43.47826086956522,
6990bd5c31d6a7e29e31f28f,Terrain Vendre,26250.0,Tunis,Appartement,175.0,1,1,vente,https://www.metisimmo.tn/bien/details/119890-terrain-a-vendre,vente,False,150.0,2121.212121212121,92.92857142857143,951.0869565217391,43.47826086956522,
6995eca38d086219fd25e149,Vente,50400.0,Tunis,Appartement,320.0,2,1,vente,https://speranzaimmobiliere.com/achat-immobilier/hammamet/,vente,False,157.5,2121.212121212121,92.575,1739.1304347826087,41.40786749482401,
6995ec3c8d086219fd25e131,BALLOUCHI.COM,48000.0,Tunis,Appartement,300.0,1,1,vente,https://m.ballouchi.com/annonces/immobilier/terrains-d-habitation/,vente,False,160.0,2121.212121212121,92.45714285714286,1630.4347826086957,40.76086956521739,
698ba0ae2211a108c2dbcaff,Vente Terrain en Tunisie,360000.0,Tunis,Appartement,2153.0,1,1,vente,https://www.immobilier.com.tn/annonces/particulier/vente/1/terrain/1/sousse,vente,True,167.2085462145843,2121.212121212121,92.11731139274103,11701.08695652174,39.0036231884058,
698ba0a1b1afddc99cbe6d39,Vente Terrain en Tunisie,360000.0,Tunis,Appartement,2153.0,1,1,vente,https://www.immobilier.com.tn/annonces/particulier/vente/1/terrain/1,vente,True,167.2085462145843,2121.212121212121,92.11731139274103,11701.08695652174,39.0036231884058,
6990b79431d6a7e29e31f1b4,Vente,27000.0,Tunis,Appartement,149.0,4,1,vente,https://oasisimmobilier.com/achat-immobilier/hammamet/,vente,False,181.20805369127515,2121.212121212121,91.45733461169702,809.7826086956522,35.99033816425121,
6995ecb58d086219fd25e14f,Vente,70000.0,Tunis,Appartement,380.0,1,1,vente,https://speranzaimmobiliere.com/achat-immobilier/hammamet-sud/,vente,False,184.21052631578948,2121.212121212121,91.3157894736842,2065.217391304348,35.40372670807454,
6995ecbf8d086219fd25e152,Vente,90000.0,Tunis,Appartement,460.0,2,1,vente,https://speranzaimmobiliere.com/achat-immobilier/nabeul/,vente,False,195.65217391304347,2121.212121212121,90.77639751552795,2500.0,33.33333333333333,
6992285bb4db7c7155569b34,PROPOS DE CE BIEN,21000.0,Tunis,Appartement,100.0,2,1,vente,https://www.immo-dulac.com/bien/details/121155-rez-de-chaussee-villa-s2,vente,False,210.0,2121.212121212121,90.10000000000001,543.4782608695652,31.055900621118017,
6990b89531d6a7e29e31f1fe,PROPOS DE CE BIEN,22500.0,Ariana,Appartement,50.0,1,1,vente,https://www.sevenrealestate.com.tn/bien/details/128474-local-commercial-a-chotrana-2,vente,False,450.0,4252.062662256837,89.41690102560351,800.0,42.66666666666667,
698bd56b1be0d2f3d728e946,Une Villa compos de deux appartements Mornag Cit Mezyen,100000.0,Tunis,Appartement,443.0,6,1,vente,https://www.verdar.tn/bien/details/99825-une-villa-compose-de-deux-appartements-a-mornag-cite-mezyen,vente,False,225.73363431151242,2121.212121212121,89.35827152531442,2407.608695652174,28.891304347826086,
6990b6b931d6a7e29e31f165,Terrain 2 Km de la plage,118000.0,Tunis,Appartement,507.0,2,1,vente,https://immoteam.tn/bien/details/47325-terrain-2-km-de-la-plage,vente,False,232.74161735700199,2121.212121212121,89.02789518174133,2755.4347826086955,28.0213706705969,
69922845b4db7c7155569b2a,PROPOS DE CE BIEN,250000.0,Tunis,Appartement,1002.0,1,1,vente,https://www.immo-dulac.com/bien/details/128233-villa-de-luxe-a-vendre-a-kantaoui-sousse,vente,False,249.500998003992,2121.212121212121,88.23781009409753,5445.652173913044,26.139130434782608,
69922853b4db7c7155569b30,Liste des maisons ou villas vendre,250000.0,Tunis,Appartement,1002.0,2,1,vente,https://www.immo-dulac.com/vente/maison,vente,True,249.500998003992,2121.212121212121,88.23781009409753,5445.652173913044,26.139130434782608,
69922868b4db7c7155569b3a,Liste des villas vendre,250000.0,Tunis,Appartement,1002.0,2,1,vente,https://www.immo-dulac.com/vente/villa,vente,True,249.500998003992,2121.212121212121,88.23781009409753,5445.652173913044,26.139130434782608,
6992284cb4db7c7155569b2d,PROPOS DE CE BIEN,250000.0,Tunis,Appartement,970.0,1,1,vente,https://www.immo-dulac.com/bien/details/120922-villa-luxueuse-sur-3-niveaux-a-vendre,vente,False,257.7319587628866,2121.212121212121,87.84977908689248,5271.739130434783,25.30434782608696,
6995db928d086219fd25e09b,Terrain - Vente - Djerba - Midoun Mdenine Tunisie,220000.0,Tunis,Appartement,850.0,1,1,vente,https://www.remax-lotophages.com/bien/1493?nom=Terrain - Vente - Djerba - Midoun Médenine Tunisie,vente,False,258.8235294117647,2121.212121212121,87.7983193277311,4619.565217391304,25.197628458498023,
698bd5761be0d2f3d728e94b,Une villa de 360 m sur un terrain de 642m Blair Boumhel,100000.0,Tunis,Appartement,360.0,6,1,vente,https://www.verdar.tn/bien/details/119792-une-villa-de-360-m-sur-un-terrain-de-642m-a-belair-boumhel,vente,False,277.77777777777777,2121.212121212121,86.9047619047619,1956.5217391304348,23.478260869565215,
6995ec0a8d086219fd25e119,V722,350000.0,Tunis,Appartement,1192.0,1,1,vente,http://drimmobilier.com/fr/vente/terrain/v722,vente,False,293.6241610738255,2121.212121212121,86.15771812080537,6478.260869565218,22.211180124223606,
6990bd9531d6a7e29e31f2a7,Villa en S+7 avec piscine,205690.0,Tunis,Appartement,700.0,1,1,vente,https://www.metisimmo.tn/bien/details/92226-villa-en-s7-avec-piscine,vente,False,293.84285714285716,2121.212121212121,86.14740816326531,3804.3478260869565,22.194649187147398,
6990b75b31d6a7e29e31f197,PROPOS DE CE BIEN,85000.0,Tunis,Appartement,285.0,1,1,vente,https://www.mostakbalimmo.com/bien/details/108047-fond-de-commerce,vente,False,298.2456140350877,2121.212121212121,85.93984962406014,1548.913043478261,21.867007672634273,
6990b41a31d6a7e29e31f12b,PROPOS DE CE BIEN,3000000.0,Tunis,Appartement,10000.0,1,1,vente,https://www.adam-immo.com/bien/details/128500-terrain-industriel-zone-industrielle-de-nabeul,vente,False,300.0,2121.212121212121,85.85714285714286,54347.82608695652,21.73913043478261,
69a0d538ad65c088f7a9c725,A vendre un de Terrain 300 m Raoued,90000.0,Tunis,Appartement,300.0,6,1,vente,https://porteneuve-immo.tn/bien/details/108288-a-vendre-un-de-terrain-300-m-raoued,vente,False,300.0,2121.212121212121,85.85714285714286,1630.4347826086957,21.73913043478261,
6990ab8e31d6a7e29e31f001,les plus rcentes.,300000.0,Tunis,Appartement,1000.0,2,1,vente,https://www.dahmenimmobilier.tn/biens/detail/7864,vente,False,300.0,2121.212121212121,85.85714285714286,5434.782608695652,21.73913043478261,
69a0d118ad65c088f7a9c62c,V061,61650.0,Tunis,Appartement,200.0,3,1,vente,https://djerba-immobilier.com/property/v061/,vente,False,308.25,2121.212121212121,85.46821428571428,1086.9565217391305,21.157304559399133,
698ba0932211a108c2dbcaed,Vente immobilier en Tunisie,670000.0,Tunis,Appartement,2153.0,1,1,vente,https://www.immobilier.com.tn/annonces/particulier/vente/1,vente,False,311.19368323269856,2121.212121212121,85.32944064760134,11701.08695652174,20.957170668397143,
6990b87731d6a7e29e31f1f1,Liste des terrains vendre,350000.0,Tunis,Appartement,1120.0,1,1,vente,https://www.sevenrealestate.com.tn/vente/terrain,vente,False,312.5,2121.212121212121,85.26785714285714,6086.956521739131,20.869565217391305,
69a0c84cad65c088f7a9c583,Vente Terrain chalimar,85000.0,Tunis,Appartement,250.0,1,1,vente,"https://www.oasisimmobilier.com/vente/Tunisie/hammamet-sud/terrain-chalimar/id,2250.html",vente,False,340.0,2121.212121212121,83.97142857142858,1358.695652173913,19.18158567774936,
6990bd9131d6a7e29e31f2a6,Villa s+3 avec piscine,205690.0,Tunis,Appartement,600.0,1,1,vente,https://www.metisimmo.tn/bien/details/94773-villa-s3-avec-piscine,vente,False,342.81666666666666,2121.212121212121,83.83864285714286,3260.8695652173915,19.023985017554914,
6990b70d31d6a7e29e31f172,PROPOS DE CE BIEN,900000.0,Tunis,Appartement,2600.0,1,1,vente,https://www.mostakbalimmo.com/bien/details/123829-a-vendre-magnifique-maison-d-hotes-style-arabesque-a-bir-bouragba-hammamet,vente,False,346.15384615384613,2121.212121212121,83.68131868131867,14130.434782608696,18.84057971014493,
69922812b4db7c7155569b14,PROPOS DE CE BIEN,250000.0,Tunis,Appartement,720.0,1,1,vente,https://www.immo-dulac.com/bien/details/121534-villa-r1-de-prestige,vente,False,347.22222222222223,2121.212121212121,83.63095238095238,3913.0434782608695,18.782608695652172,
6995ea6e8d086219fd25e0cf,Bureaux,62500.0,Tunis,Appartement,180.0,5,1,vente,https://ballouchi.com/annonces/immobilier/bureaux/,vente,True,347.22222222222223,2121.212121212121,83.63095238095238,978.2608695652174,18.782608695652172,
6995ec448d086219fd25e136,BALLOUCHI.COM,62500.0,Tunis,Appartement,180.0,5,1,vente,https://m.ballouchi.com/annonces/immobilier/bureaux/,vente,True,347.22222222222223,2121.212121212121,83.63095238095238,978.2608695652174,18.782608695652172,
69a0d196ad65c088f7a9c65c,BALLOUCHI.COM,110000.0,Tunis,Appartement,312.0,1,1,vente,https://m.ballouchi.com/annonces/immobilier/terrains-agricoles-fermes/un-hectare-et-demi-pour-une-residence-rurale.html,vente,False,352.56410256410254,2121.212121212121,83.37912087912088,1695.6521739130435,18.49802371541502,
69a0c4c2ad65c088f7a9c52b,Un Terrain de 310 m Borj Cdria Ct Solimar,115000.0,Tunis,Appartement,310.0,1,1,vente,https://www.verdar.tn/bien/details/129310-un-terrain-de-310-m-borj-cedria-a-cote-solimar,vente,False,370.96774193548384,2121.212121212121,82.51152073732719,1684.7826086956522,17.580340264650285,
69922999b4db7c7155569b79,PROPOS DE CE BIEN,75000.0,Tunis,Appartement,200.0,1,1,vente,https://www.immobiliere-casabella.com/bien/details/35312-une-salle-de-sport-a-vendre-a-hammam-sousse,vente,False,375.0,2121.212121212121,82.32142857142857,1086.9565217391305,17.39130434782609,
69922106b4db7c7155569a97,Superbe maison de 326 m vendre,125000.0,Tunis,Appartement,326.0,3,1,vente,https://tunisiapromo.com/annonce/superbe-maison-de-326-m-a-vendre-z136325.html,vente,False,383.4355828220859,2121.212121212121,81.92375109553024,1771.7391304347827,17.008695652173913,
698b9eb2b1afddc99cbe6cf2,les plus rcentes.,170000.0,Tunis,Appartement,435.0,2,1,vente,https://www.dahmenimmobilier.tn/biens/detail/7936,vente,False,390.8045977011494,2121.212121212121,81.57635467980296,2364.130434782609,16.687979539641944,
6995ccf08d086219fd25e007,VENTE IMMEUBLE NEUF DIRECT PROMOTEUR,450000.0,Tunis,Appartement,1095.0,1,1,vente,https://immobiliere.tn/propertie_/vente-immeuble-neuf-direct-promoteur1082,vente,False,410.958904109589,2121.212121212121,80.62622309197653,5951.086956521739,15.869565217391305,
6992296cb4db7c7155569b6b,PROPOS DE CE BIEN,417480.0,Tunis,Appartement,994.0,1,1,vente,https://www.immobiliere-casabella.com/bien/details/49598-un-terrain-a-vendre-a-chott-mariem,vente,False,420.0,2121.212121212121,80.19999999999999,5402.173913043478,15.527950310559005,
69a0bfaead65c088f7a9c4be,Vente/ Lot de terrain de 1233 m - Jardins d'El Menzah 2 Tunis,554850.0,Tunis,Appartement,1233.0,1,1,vente,https://www.immobilier.com.tn/annonce/25763/vente-lot-de-terrain-de-1233-m2-jardins-del-menzah-2,vente,False,450.0,2121.212121212121,78.78571428571428,6701.086956521739,14.492753623188403,
69922561b4db7c7155569abe,Locaux commerciaux - Vente - Djerba - Houmt Souk Mdenine Tunisie,410000.0,Tunis,Appartement,887.0,1,1,vente,https://www.remax-lotophages.com/bien/1459?nom=Locaux commerciaux - Vente - Djerba - Houmt Souk Médenine Tunisie,vente,False,462.2322435174746,2121.212121212121,78.20905137703333,4820.652173913044,14.109225874867445,
6990b80631d6a7e29e31f1db,Dcouvrez des annonces immobilires,200000.0,Tunis,Appartement,420.0,2,1,vente,https://limmobilier.tn/annonce/terrain-de-420-m2-a-hammamet-zone-theatre-a-vendre-51355351-7477.html,vente,False,476.1904761904762,2121.212121212121,77.55102040816327,2282.608695652174,13.695652173913045,
698ba1a4b1afddc99cbe6d7a,Commerces et Bureaux (219),99999.0,Tunis,Appartement,200.0,1,1,vente,https://www.behya.tn/annonces-tunisie/annonces-immobilier-tunisie/annonces-commerces-bureaux-tunisie/,vente,False,499.995,2121.212121212121,76.42880714285715,1086.9565217391305,13.043608696956536,
6990b7fd31d6a7e29e31f1d4,Dcouvrez des annonces immobilires,200000.0,Tunis,Appartement,400.0,2,1,vente,https://limmobilier.tn/annonce/terrain-de-400-m2-a-vendre-a-hammamet-zone-theatre-51355351-7823.html,vente,False,500.0,2121.212121212121,76.42857142857142,2173.913043478261,13.043478260869565,
698bc93d1be0d2f3d728e6bf,VENTE TERRAIN A NABEUL,110000.0,Tunis,Appartement,219.0,1,1,vente,https://immobiliere.tn/propertie_/vente-terrain-a-nabeul2096,vente,False,502.283105022831,2121.212121212121,76.32093933463796,1190.2173913043478,12.984189723320155,
6990b78231d6a7e29e31f1a8,Vente A vendre Terrain Marvles,95000.0,Tunis,Appartement,174.0,1,1,vente,"https://www.oasisimmobilier.com/vente/Tunisie/hammamet/a-vendre-terrain-marvles/id,2247.html",vente,False,545.9770114942529,2121.212121212121,74.26108374384236,945.6521739130435,11.94508009153318,
69a0c18aad65c088f7a9c507,A vendre terrain 483m Double faade Maamoura,265000.0,Tunis,Appartement,483.0,1,1,vente,https://www.houni.tn/annonce/vente/terrain-et-ferme/nabeul/beni-khiar/el-maamoura/a-vendre-terrain-483m²-double-facade-a-maamoura/d68dqr,vente,False,548.6542443064183,2121.212121212121,74.13487133984027,2625.0,11.88679245283019,
6992255eb4db7c7155569abc,Terrain - Vente - Djerba - Houmt Souk Mdenine Tunisie,220000.0,Tunis,Appartement,400.0,1,1,vente,https://www.remax-lotophages.com/bien/1507?nom=Terrain - Vente - Djerba - Houmt Souk Médenine Tunisie,vente,False,550.0,2121.212121212121,74.07142857142857,2173.913043478261,11.857707509881424,
6992296fb4db7c7155569b6c,PROPOS DE CE BIEN,650000.0,Tunis,Appartement,1160.0,3,1,vente,https://www.immobiliere-casabella.com/bien/details/40077-une-magnifique-maison-a-vendre-a-sfax,vente,False,560.3448275862069,2121.212121212121,73.58374384236453,6304.347826086957,11.638795986622075,
6990b72531d6a7e29e31f17e,PROPOS DE CE BIEN,60000.0,Tunis,Appartement,100.0,2,1,vente,https://www.mostakbalimmo.com/bien/details/115665-a-vendre-fond-de-commerce-de-salon-de-coiffure,vente,False,600.0,2121.212121212121,71.71428571428571,543.4782608695652,10.869565217391305,
6995ec3d8d086219fd25e132,BALLOUCHI.COM,510000.0,Tunis,Appartement,850.0,1,1,vente,https://m.ballouchi.com/annonces/immobilier/terrains-d-habitation/a-vendre-122.html,vente,False,600.0,2121.212121212121,71.71428571428571,4619.565217391304,10.869565217391305,
698ba1f42211a108c2dbcb57,Immobilier Terrains et Fermes vendre Mdenine (7),350000.0,Tunis,Appartement,566.0,1,1,vente,https://www.behya.tn/annonce-tunisie/terrains-et-fermes-a-vendre-medenine/,vente,False,618.3745583038869,2121.212121212121,70.84805653710247,3076.086956521739,10.546583850931675,
698be1891be0d2f3d728ecd1,Liste Immeubles vendre,400000.0,Tunis,Appartement,640.0,1,1,vente,https://www.adam-immo.com/vente/immeuble,vente,False,625.0,2121.212121212121,70.53571428571428,3478.2608695652175,10.434782608695652,
698bd5651be0d2f3d728e943,Un Terrain de 214 m Borj Cdria Lotissement Ministre de Tourisme,134000.0,Tunis,Appartement,214.0,1,1,vente,https://www.verdar.tn/bien/details/127964-un-terrain-de-214-m-a-borj-cedria-lotissement-ministere-de-tourisme,vente,False,626.1682242990654,2121.212121212121,70.48064085447263,1163.0434782608695,10.415314730694353,
6995dba18d086219fd25e09d,Villa - Vente - Djerba - Midoun Mdenine Tunisie,320000.0,Tunis,Appartement,500.0,1,1,vente,https://www.remax-lotophages.com/bien/1489?nom=Villa - Vente - Djerba - Midoun Médenine Tunisie,vente,False,640.0,2121.212121212121,69.82857142857142,2717.391304347826,10.190217391304348,
6990b8bd31d6a7e29e31f20d,Annonces avec vido,390000.0,Tunis,Appartement,600.0,3,1,vente,https://tunisiapromo.com/annonces-avec-video,vente,False,650.0,2121.212121212121,69.35714285714285,3260.8695652173915,10.033444816053512,
6990b79131d6a7e29e31f1b2,Vente,201500.0,Tunis,Appartement,310.0,2,1,vente,https://oasisimmobilier.com/achat-immobilier/hammamet-nord/,vente,False,650.0,2121.212121212121,69.35714285714285,1684.7826086956522,10.033444816053512,
69921fa0b4db7c7155569a58,Villa CALIFORNIA,850000.0,Tunis,Appartement,1300.0,2,1,vente,https://immoteam.tn/bien/details/34504-villa-california,vente,False,653.8461538461538,2121.212121212121,69.17582417582418,7065.217391304348,9.974424552429667,
69a0c4d9ad65c088f7a9c530,Terrain de 850m hammamet sud,560000.0,Tunis,Appartement,850.0,1,1,vente,"https://www.easyhome.tn/vente/terrain-agricole-850-m2-hammamet-8050,VT697",vente,False,658.8235294117648,2121.212121212121,68.94117647058823,4619.565217391304,9.899068322981366,
6990bd5831d6a7e29e31f28d,Terrain vendre,205690.0,Tunis,Appartement,307.0,1,1,vente,https://www.metisimmo.tn/bien/details/124374-terrain-a-vendre,vente,False,670.0,2121.212121212121,68.41428571428571,1668.4782608695652,9.73393900064893,
69a0d17ead65c088f7a9c651,BALLOUCHI.COM,210000.0,Tunis,Appartement,312.0,1,1,vente,https://m.ballouchi.com/annonces/immobilier/terrains-agricoles-fermes/une-charmante-petite-ferme.html,vente,False,673.0769230769231,2121.212121212121,68.26923076923077,1695.6521739130435,9.689440993788818,
698bc77d1be0d2f3d728e67c,terrain 808 m Sidi Salah Ariana,560000.0,Tunis,Appartement,808.0,1,1,vente,https://www.darcomtunisia.com/bien/details/40201-terrain-808-m-a-sidi-salah,vente,False,693.0693069306931,2121.212121212121,67.32673267326732,4391.304347826087,9.409937888198758,
6995d26d8d086219fd25e028,Un Terrain de 190 m Fouchana Lotissement El Meghira,133000.0,Tunis,Appartement,190.0,1,1,vente,https://www.verdar.tn/bien/details/129195-un-terrain-de-190-m-a-fouchana-lotissement-el-meghira,vente,False,700.0,2121.212121212121,67.0,1032.608695652174,9.316770186335404,
69922908b4db7c7155569b4d,PROPOS DE CE BIEN,1035300.0,Tunis,Appartement,1479.0,1,1,vente,https://www.immobiliere-casabella.com/bien/details/35146-un-beau-terrain-a-vendre-a-sidi-abdelhamid,vente,False,700.0,2121.212121212121,67.0,8038.04347826087,9.316770186335404,
69a0d687ad65c088f7a9c746,A vendre Un Terrain - Borj Cedria - Cit Erriadh,312200.0,Tunis,Appartement,446.0,1,1,vente,https://lodgimmo.com/biens/detail/116170,vente,False,700.0,2121.212121212121,67.0,2423.913043478261,9.316770186335404,
69922021b4db7c7155569a6e,Vente Terrain Ismail,247100.0,Tunis,Appartement,353.0,1,1,vente,"https://www.oasisimmobilier.com/vente/Tunisie/hammamet-nord/terrain-ismail/id,87.html",vente,False,700.0,2121.212121212121,67.0,1918.4782608695652,9.316770186335404,
69a0c84dad65c088f7a9c584,Vente Terrain lotissement Manara 670m,470000.0,Tunis,Appartement,670.0,1,1,vente,https://oasisimmobilier.com/vente/Tunisie/hammamet-sud/terrain-lotissement-manara-670m/id%2C4423.html,vente,False,701.4925373134329,2121.212121212121,66.92963752665246,3641.304347826087,9.296947271045328,
69a0d189ad65c088f7a9c656,BALLOUCHI.COM,220000.0,Tunis,Appartement,312.0,1,1,vente,https://m.ballouchi.com/annonces/immobilier/terrains-agricoles-fermes/a-vendre-terrain-agricole-de-2-hectares-avec-facade-de-100-m-sur-route-goudronnee-emplacement-accessible-papiers-en-regle.html,vente,True,705.1282051282051,2121.212121212121,66.75824175824175,1695.6521739130435,9.24901185770751,
69a0d02fad65c088f7a9c5e3,"vendre : terrain agricole de 2 hectares avec faade de 100 m sur route goudronne, emplacement accessible, papiers en rgle",220000.0,Tunis,Appartement,312.0,1,1,vente,https://ballouchi.com/annonces/immobilier/terrains-agricoles-fermes/a-vendre-terrain-agricole-de-2-hectares-avec-facade-de-100-m-sur-route-goudronnee-emplacement-accessible-papiers-en-regle.html,vente,True,705.1282051282051,2121.212121212121,66.75824175824175,1695.6521739130435,9.24901185770751,
6995d3348d086219fd25e03c,PROPOS DE CE BIEN,750000.0,Nabeul,Appartement,1000.0,4,1,vente,https://www.adam-immo.com/bien/details/119122-a-vendre-villa-pieds-dans-leau-avec-piscine-chat-ezzouhour,vente,False,750.0,2252.252252252252,66.7,11666.666666666666,18.666666666666668,
6990b6a731d6a7e29e31f15d,Villa IRIS,850000.0,Tunis,Appartement,1200.0,2,1,vente,https://immoteam.tn/bien/details/34466-villa-iris,vente,False,708.3333333333334,2121.212121212121,66.60714285714285,6521.739130434783,9.207161125319693,
698ba184b1afddc99cbe6d6f,Immobilier Tunis (1584),99999.0,Tunis,Appartement,140.0,2,1,vente,https://www.behya.tn/annonce-tunisie/annonces-tunis/,vente,False,714.2785714285715,2121.212121212121,66.32686734693877,760.8695652173914,9.130526087869574,
69a0c5b4ad65c088f7a9c558,PROPOS DE CE BIEN,635000.0,Nabeul,Appartement,830.0,5,1,vente,https://www.adam-immo.com/bien/details/108259-villa-s5-avec-piscine-a-maamoura-plage,vente,False,765.0602409638554,2252.252252252252,66.03132530120482,9683.333333333332,18.299212598425193,
698ba17eb1afddc99cbe6d6d,Terrains et Fermes (634),945000.0,Tunis,Appartement,1266.0,4,1,vente,https://www.behya.tn/annonces-tunisie/annonces-immobilier-tunisie/annonces-terrains-fermes-tunisie/,vente,False,746.4454976303317,2121.212121212121,64.81042654028435,6880.434782608696,8.737060041407869,
69a0d3a1ad65c088f7a9c6f9,A vendre un FC d'un local Sidi daoud,47000.0,Tunis,Appartement,62.0,1,1,vente,https://www.lecarre9.com/bien/details/114254-a-vendre-un-fc-d-un-local-a-sidi-daoud,vente,False,758.0645161290323,2121.212121212121,64.2626728110599,336.95652173913044,8.603145235892692,
6990b8c531d6a7e29e31f211,Villa dangle fouchana 340m btis sur 170m terrain idal ha,265000.0,Tunis,Appartement,340.0,2,1,vente,https://tunisiapromo.com/annonce/villa-d-angle-a-fouchana-340m-batis-sur-170m-terrain-ideal-ha-z156032.html,vente,False,779.4117647058823,2121.212121212121,63.2563025210084,1847.8260869565217,8.367514356029531,
6992280db4db7c7155569b12,PROPOS DE CE BIEN,250000.0,Tunis,Appartement,319.0,1,1,vente,https://www.immo-dulac.com/bien/details/123815-maison-a-petit-prix-a-vendre-cote-mer,vente,False,783.6990595611285,2121.212121212121,63.05418719211823,1733.695652173913,8.321739130434782,
6990b76331d6a7e29e31f19b,PROPOS DE CE BIEN,95000.0,Tunis,Appartement,120.0,1,1,vente,https://www.mostakbalimmo.com/bien/details/113915-fond-de-commerce,vente,False,791.6666666666666,2121.212121212121,62.67857142857143,652.1739130434783,8.237986270022883,
69a0c4d2ad65c088f7a9c52d,Terrain de 340m,270000.0,Tunis,Appartement,340.0,1,1,vente,"https://www.easyhome.tn/vente/terrain-agricole-340-m2-hammamet-8050,VT592",vente,False,794.1176470588235,2121.212121212121,62.563025210084035,1847.8260869565217,8.212560386473431,
6995d26a8d086219fd25e027,Un Terrain de 301m Ezzahra,240000.0,Tunis,Appartement,301.0,1,1,vente,https://www.verdar.tn/bien/details/129183-un-terrain-de-301m-a-ezzahra,vente,False,797.3421926910299,2121.212121212121,62.41101091599429,1635.8695652173913,8.179347826086957,
69a0c4bfad65c088f7a9c52a,Un Terrain de 204m Ezzahra,163000.0,Tunis,Appartement,204.0,1,1,vente,https://www.verdar.tn/bien/details/129183-un-terrain-de-204m-a-ezzahra,vente,False,799.0196078431372,2121.212121212121,62.331932773109244,1108.695652173913,8.162176580421447,
698b9e6eb1afddc99cbe6ce5,A vendre 1350m la soukra Ariana,1080000.0,Tunis,Appartement,1350.0,1,1,vente,https://www.darcomtunisia.com/bien/details/79359-a-vendre-1350m-a-la-soukra,vente,False,800.0,2121.212121212121,62.28571428571428,7336.956521739131,8.152173913043478,
698be1901be0d2f3d728ecd4,PROPOS DE CE BIEN,400000.0,Tunis,Appartement,500.0,1,1,vente,https://www.adam-immo.com/bien/details/128495-terrain-d-habitation-de-500m-a-cite-mora-nabeul,vente,False,800.0,2121.212121212121,62.28571428571428,2717.391304347826,8.152173913043478,
6995dd6c8d086219fd25e0b1,PROPOS DE CE BIEN,240000.0,Tunis,Appartement,296.0,1,1,vente,https://www.immo-dulac.com/bien/details/127977-appartement-s3-vue-sur-le-golf-kantaoui-a-vendre,vente,False,810.8108108108108,2121.212121212121,61.77606177606177,1608.695652173913,8.043478260869565,
69922944b4db7c7155569b60,PROPOS DE CE BIEN,950000.0,Tunis,Appartement,1170.0,1,1,vente,https://www.immobiliere-casabella.com/bien/details/34832-une-maison-bien-placee-sur-un-terrain-de-1170m,vente,False,811.965811965812,2121.212121212121,61.721611721611715,6358.695652173913,8.03203661327231,
69a0c4c4ad65c088f7a9c52c,Un Terrain futur commecial de 301m Ezzahra,245000.0,Tunis,Appartement,301.0,1,1,vente,https://www.verdar.tn/bien/details/129460-un-terrain-futur-commecial-de-301m-a-ezzahra,vente,False,813.953488372093,2121.212121212121,61.627906976744185,1635.8695652173913,8.012422360248447,
6992254db4db7c7155569ab8,Villa - Vente - Djerba - Houmt Souk Mdenine Tunisie,650000.0,Tunis,Appartement,783.0,1,1,vente,https://www.remax-lotophages.com/bien/1461?nom=Villa - Vente - Djerba - Houmt Souk Médenine Tunisie,vente,False,830.1404853128992,2121.212121212121,60.86480569239189,4255.434782608696,7.8561872909699,
698b9f21b1afddc99cbe6d04,les plus rcentes.,480000.0,Tunis,Appartement,570.0,2,1,vente,https://www.dahmenimmobilier.tn/biens/detail/7883,vente,False,842.1052631578947,2121.212121212121,60.300751879699256,3097.826086956522,7.7445652173913055,
698be1921be0d2f3d728ecd5,PROPOS DE CE BIEN,485000.0,Tunis,Appartement,571.0,1,1,vente,https://www.adam-immo.com/bien/details/127793-terrain-de-571m-vue-de-mer-a-cite-diamant,vente,False,849.3870402802102,2121.212121212121,59.957468101075804,3103.2608695652175,7.678171223666517,
6992291eb4db7c7155569b54,PROPOS DE CE BIEN,450000.0,Tunis,Appartement,525.0,4,1,vente,https://www.immobiliere-casabella.com/bien/details/50572-une-belle-villa-a-vendre-a-sousse-akouda,vente,False,857.1428571428571,2121.212121212121,59.59183673469387,2853.2608695652175,7.608695652173914,
699228ebb4db7c7155569b44,PROPOS DE CE BIEN,3000000.0,Tunis,Appartement,3500.0,1,1,vente,https://www.immobiliere-casabella.com/bien/details/33464-une-propriete-a-vendre-a-hammam-sousse,vente,False,857.1428571428571,2121.212121212121,59.59183673469387,19021.739130434784,7.608695652173914,
698bb267f3a7d988c9c05e52,Local Industriel Grombalia,1600000.0,Tunis,Appartement,1830.0,1,1,vente,https://colombusimmobilier.com/bien/details/20607-local-industriel-grombalia,vente,False,874.3169398907104,2121.212121212121,58.78220140515222,9945.652173913044,7.459239130434783,
6995d6ee8d086219fd25e072,Dcouvrez des annonces immobilires,600000.0,Tunis,Appartement,680.0,4,1,vente,https://limmobilier.tn/annonce/un-terrain-cloture-de-680-m2-a-hammamet-a-vendre-51355351-3675.html,vente,False,882.3529411764706,2121.212121212121,58.40336134453781,3695.6521739130435,7.391304347826087,
698ba097b1afddc99cbe6d33,Vente Villa en Tunisie,670000.0,Tunis,Appartement,750.0,5,1,vente,https://www.immobilier.com.tn/annonces/particulier/vente/1/villa/2,vente,True,893.3333333333334,2121.212121212121,57.88571428571427,4076.0869565217395,7.300454250486697,
698ba0902211a108c2dbcaeb,Vente Villa en Tunisie,670000.0,Tunis,Appartement,750.0,5,1,vente,https://www.immobilier.com.tn/annonces/particulier/vente/1/villa/2/ariana,vente,True,893.3333333333334,2121.212121212121,57.88571428571427,4076.0869565217395,7.300454250486697,
69a0d16ead65c088f7a9c64e,V 231,130000.0,Tunis,Appartement,145.0,2,1,vente,https://drimmobilier.com/fr/vente/villa/v-231,vente,False,896.551724137931,2121.212121212121,57.733990147783246,788.0434782608696,7.274247491638796,
6990bd8a31d6a7e29e31f2a3,Terrain vendre,391500.0,Tunis,Appartement,435.0,1,1,vente,https://www.metisimmo.tn/bien/details/121297-terrain-a-vendre,vente,False,900.0,2121.212121212121,57.57142857142856,2364.130434782609,7.246376811594203,
6992255fb4db7c7155569abd,Maison individuelle - Vente - Djerba - Ajim Mdenine Tunisie,500000.0,Tunis,Appartement,532.0,1,1,vente,https://www.remax-lotophages.com/bien/1508?nom=Maison individuelle - Vente - Djerba - Ajim Médenine Tunisie,vente,False,939.8496240601504,2121.212121212121,55.69280343716434,2891.304347826087,6.939130434782608,
69a0d16aad65c088f7a9c64b,V217,250000.0,Tunis,Appartement,266.0,3,1,vente,https://drimmobilier.com/fr/vente/villa/v217,vente,False,939.8496240601504,2121.212121212121,55.69280343716434,1445.6521739130435,6.939130434782608,
6992286ab4db7c7155569b3b,PROPOS DE CE BIEN,170000.0,Tunis,Appartement,180.0,1,1,vente,https://www.immo-dulac.com/bien/details/120491-maison-au-centre-de-hammam-sousse,vente,False,944.4444444444445,2121.212121212121,55.47619047619048,978.2608695652174,6.905370843989769,
69a0d54ead65c088f7a9c72b,A vendre Villa MAJORELLE,950000.0,Tunis,Appartement,1000.0,6,1,vente,https://porteneuve-immo.tn/bien/details/81975-a-vendre-villa-majorelle,vente,False,950.0,2121.212121212121,55.214285714285715,5434.782608695652,6.864988558352403,
6995ec488d086219fd25e138,BALLOUCHI.COM,300000.0,Tunis,Appartement,312.0,1,1,vente,https://m.ballouchi.com/annonces/immobilier/terrains-agricoles-fermes/tres-bonne-occasion.html,vente,False,961.5384615384615,2121.212121212121,54.67032967032968,1695.6521739130435,6.782608695652173,
6995d6548d086219fd25e057,Complexe Caramelle,4700000.0,Tunis,Appartement,4800.0,4,1,vente,https://immoteam.tn/bien/details/34450-complexe-caramelle,vente,False,979.1666666666666,2121.212121212121,53.83928571428571,26086.956521739132,6.66049953746531,
69a0d170ad65c088f7a9c64f,V142,750000.0,Tunis,Appartement,760.0,7,1,vente,https://drimmobilier.com/fr/vente/villa-avec-piscine/v142,vente,False,986.8421052631579,2121.212121212121,53.477443609022544,4130.434782608696,6.608695652173914,
69921bbcb4db7c7155569a1f,terrain agricole de 538 m,538000.0,Tunis,Appartement,538.0,1,1,vente,"https://www.easyhome.tn/vente/terrain-agricole-538-m2-hammamet-8050,VT651",vente,False,1000.0,2121.212121212121,52.85714285714286,2923.913043478261,6.521739130434784,
6990acd631d6a7e29e31f01d,Vente/ Deux Lots de Terrain - Cit El Faouz Tunis,954000.0,Tunis,Appartement,954.0,1,1,vente,https://www.immobilier.com.tn/annonce/25124/vente-deux-lots-de-terrain-cite-el-faouz,vente,False,1000.0,2121.212121212121,52.85714285714286,5184.782608695652,6.521739130434782,
69922855b4db7c7155569b31,PROPOS DE CE BIEN,200000.0,Tunis,Appartement,200.0,1,1,vente,https://www.immo-dulac.com/bien/details/124473-fond-de-commerce-a-vendre-a-yasser-arafet,vente,True,1000.0,2121.212121212121,52.85714285714286,1086.9565217391305,6.521739130434782,
6990bd9631d6a7e29e31f2a8,Terrain vendre,1300000.0,Tunis,Appartement,1300.0,1,1,vente,https://www.metisimmo.tn/bien/details/120191-terrain-a-vendre,vente,False,1000.0,2121.212121212121,52.85714285714286,7065.217391304348,6.521739130434782,
69922877b4db7c7155569b41,Liste locaux commerciaux et bureaux vendre,200000.0,Tunis,Appartement,200.0,1,1,vente,https://www.immo-dulac.com/vente/local-commercial-et-bureau,vente,True,1000.0,2121.212121212121,52.85714285714286,1086.9565217391305,6.521739130434782,
6995d7a48d086219fd25e084,Villa arcadia villa arcadia,760000.0,Tunis,Appartement,750.0,1,1,vente,https://tunisiapromo.com/annonce/villa-arcadia-villa-arcadia-z156048.html,vente,True,1013.3333333333334,2121.212121212121,52.22857142857141,4076.0869565217395,6.435926773455377,
6995d7958d086219fd25e07f,Villa arcadia villa hammamet,760000.0,Tunis,Appartement,750.0,1,1,vente,https://tunisiapromo.com/annonce/villa-arcadia-villa-hammamet-z156042.html,vente,True,1013.3333333333334,2121.212121212121,52.22857142857141,4076.0869565217395,6.435926773455377,
69922538b4db7c7155569ab3,Villa - Vente - Djerba - Midoun Mdenine Tunisie,610000.0,Tunis,Appartement,600.0,2,1,vente,https://www.remax-lotophages.com/bien/1511?nom=Villa - Vente - Djerba - Midoun Médenine Tunisie,vente,False,1016.6666666666666,2121.212121212121,52.07142857142858,3260.8695652173915,6.414825374198147,
69922982b4db7c7155569b72,PROPOS DE CE BIEN,680000.0,Tunis,Appartement,668.0,1,1,vente,https://www.immobiliere-casabella.com/bien/details/49317-une-belle-villa-a-chott-mariem,vente,False,1017.9640718562874,2121.212121212121,52.01026518391788,3630.434782608696,6.406649616368288,
698b9ec4b1afddc99cbe6cf5,les plus rcentes.,75000.0,Tunis,Appartement,73.0,2,1,vente,https://www.dahmenimmobilier.tn/biens/detail/7843,vente,False,1027.3972602739725,2121.212121212121,51.56555772994129,396.7391304347826,6.347826086956522,
6990bd8e31d6a7e29e31f2a5,Villa en S+3 avec piscine,205690.0,Tunis,Appartement,200.0,3,1,vente,https://www.metisimmo.tn/bien/details/90454-villa-en-s3-avec-piscine,vente,False,1028.45,2121.212121212121,51.51592857142856,1086.9565217391305,6.341328339184971,
6990b71b31d6a7e29e31f179,PROPOS DE CE BIEN,150000.0,Tunis,Appartement,140.0,1,1,vente,https://www.mostakbalimmo.com/bien/details/123788-a-vendre-maison,vente,False,1071.4285714285713,2121.212121212121,49.48979591836735,760.8695652173914,6.086956521739131,
69a0d39fad65c088f7a9c6f8,A vendre un lot de terrain la Soukra,735500.0,Tunis,Appartement,685.0,1,1,vente,https://www.lecarre9.com/bien/details/122537-a-vendre-un-lot-de-terrain-a-la-soukra,vente,False,1073.7226277372263,2121.212121212121,49.381647549530754,3722.826086956522,6.073951467502144,
69a0d14fad65c088f7a9c638,V395,260000.0,Tunis,Appartement,240.0,2,1,vente,http://drimmobilier.com/fr/vente/villa-meuble/v395,vente,False,1083.3333333333333,2121.212121212121,48.92857142857142,1304.3478260869565,6.0200668896321075,
698ba08cb1afddc99cbe6d2b,Vente Local commercial en Tunisie,120000.0,Tunis,Appartement,110.0,1,1,vente,https://www.immobilier.com.tn/annonces/particulier/vente/1/local-commercial/4,vente,False,1090.909090909091,2121.212121212121,48.57142857142856,597.8260869565217,5.978260869565218,
698bd57d1be0d2f3d728e94e,Un Terrain de 350 m ou bien 700 m Boumhel Belair,385000.0,Tunis,Appartement,350.0,1,1,vente,https://www.verdar.tn/bien/details/128250-un-terrain-de-350-m-ou-bien-700-m-a-boumhel-belair,vente,False,1100.0,2121.212121212121,48.14285714285714,1902.1739130434783,5.928853754940712,
6995db9d8d086219fd25e09c,Maison individuelle - Vente - Djerba - Houmt Souk Mdenine Tunisie,650000.0,Tunis,Appartement,580.0,4,1,vente,https://www.remax-lotophages.com/bien/1491?nom=Maison individuelle - Vente - Djerba - Houmt Souk Médenine Tunisie,vente,False,1120.6896551724137,2121.212121212121,47.16748768472907,3152.1739130434785,5.819397993311037,
6995ec4a8d086219fd25e139,BALLOUCHI.COM,350000.0,Tunis,Appartement,312.0,1,1,vente,https://m.ballouchi.com/annonces/immobilier/terrains-agricoles-fermes/des-lots-de-terrain-01-ha.html,vente,False,1121.7948717948718,2121.212121212121,47.115384615384606,1695.6521739130435,5.813664596273291,
6992253bb4db7c7155569ab4,Terrain agricole - Vente - Djerba - Midoun Mdenine Tunisie,275000.0,Tunis,Appartement,245.0,1,1,vente,https://www.remax-lotophages.com/bien/1509?nom=Terrain agricole - Vente - Djerba - Midoun Médenine Tunisie,vente,False,1122.4489795918366,2121.212121212121,47.08454810495627,1331.5217391304348,5.8102766798418966,
698bc93a1be0d2f3d728e6bd,VENTE MAISON NABEUL R+1,180000.0,Tunis,Appartement,160.0,1,1,vente,https://immobiliere.tn/propertie_/vente-maison-a-nabeul-r16378,vente,False,1125.0,2121.212121212121,46.96428571428571,869.5652173913044,5.797101449275362,
699220f7b4db7c7155569a94,PROPOS DE CE BIEN,200000.0,Tunis,Appartement,176.0,1,1,vente,https://www.sevenrealestate.com.tn/bien/details/122057-un-fond-de-commerce-a-la-marsa,vente,False,1136.3636363636363,2121.212121212121,46.42857142857143,956.5217391304348,5.7391304347826075,
69a0c4bbad65c088f7a9c528,Un tage de Villa S+3 de 170 m El Yasminett,195000.0,Tunis,Appartement,170.0,3,1,vente,https://www.verdar.tn/bien/details/129627-un-etage-de-villa-s3-a-de-170-m-a-el-yasminett,vente,False,1147.0588235294117,2121.212121212121,45.924369747899156,923.9130434782609,5.68561872909699,
6995db888d086219fd25e099,Duplex - Vente - Djerba - Houmt Souk Mdenine Tunisie,400000.0,Tunis,Appartement,340.0,1,1,vente,https://www.remax-lotophages.com/bien/1488?nom=Duplex - Vente - Djerba - Houmt Souk Médenine Tunisie,vente,False,1176.4705882352941,2121.212121212121,44.53781512605041,1847.8260869565217,5.543478260869565,
69922540b4db7c7155569ab5,Building - Vente - Djerba - Midoun Mdenine Tunisie,860000.0,Tunis,Appartement,730.0,1,1,vente,https://www.remax-lotophages.com/bien/1458?nom=Building - Vente - Djerba - Midoun Médenine Tunisie,vente,False,1178.0821917808219,2121.212121212121,44.46183953033268,3967.391304347826,5.535894843276036,
69922558b4db7c7155569ab9,Villa - Vente - Djerba - Midoun Mdenine Tunisie,435000.0,Tunis,Appartement,360.0,2,1,vente,https://www.remax-lotophages.com/bien/1460?nom=Villa - Vente - Djerba - Midoun Médenine Tunisie,vente,False,1208.3333333333333,2121.212121212121,43.035714285714285,1956.5217391304348,5.397301349325337,
69a0c85aad65c088f7a9c58c,Vente Villa le cyprs S+3,670000.0,Tunis,Appartement,550.0,2,1,vente,https://oasisimmobilier.com/vente/Tunisie/hammamet/villa-le-cypres/id%2C9569.html,vente,False,1218.1818181818182,2121.212121212121,42.57142857142856,2989.130434782609,5.353666450356912,
698b9e62b1afddc99cbe6cdd,Liste des villas indpendant vendre,2500000.0,Tunis,Appartement,2048.0,1,1,vente,https://www.darcomtunisia.com/vente/villa/independante,vente,True,1220.703125,2121.212121212121,42.45256696428571,11130.434782608696,5.342608695652174,
698b9e7ab1afddc99cbe6ced,A Vendre Villa de 2048 m Soukra Ariana,2500000.0,Tunis,Appartement,2048.0,1,1,vente,https://www.darcomtunisia.com/bien/details/78287-a-vendre-villa-de-2048-m-a-soukra,vente,True,1220.703125,2121.212121212121,42.45256696428571,11130.434782608696,5.342608695652174,
698b9e65b1afddc99cbe6cdf,Liste des villas vendre en Tunisie,2500000.0,Tunis,Appartement,2048.0,1,1,vente,https://www.darcomtunisia.com/vente/villa,vente,True,1220.703125,2121.212121212121,42.45256696428571,11130.434782608696,5.342608695652174,
69922543b4db7c7155569ab6,Villa - Vente - Djerba - Midoun Mdenine Tunisie,660000.0,Tunis,Appartement,539.0,1,1,vente,https://www.remax-lotophages.com/bien/1462?nom=Villa - Vente - Djerba - Midoun Médenine Tunisie,vente,False,1224.4897959183672,2121.212121212121,42.27405247813411,2929.3478260869565,5.326086956521739,
6992297fb4db7c7155569b71,PROPOS DE CE BIEN,820000.0,Tunis,Appartement,668.0,1,1,vente,https://www.immobiliere-casabella.com/bien/details/36045-une-villa-inachevee-a-vendre-a-chott-mariem,vente,False,1227.5449101796407,2121.212121212121,42.13002566295979,3630.434782608696,5.312831389183457,
69a0c89cad65c088f7a9c596,Dcouvrez des annonces immobilires,880000.0,Tunis,Appartement,716.0,5,1,vente,https://limmobilier.tn/annonce/terrain-de-716-m2-a-vendre-a-hammamet-sud-51355351-9885.html,vente,False,1229.0502793296089,2121.212121212121,42.059058260175576,3891.304347826087,5.3063241106719365,
69921f92b4db7c7155569a53,Villa CARAMEL,370000.0,Tunis,Appartement,300.0,2,1,vente,https://immoteam.tn/bien/details/36274-villa-caramel,vente,False,1233.3333333333333,2121.212121212121,41.857142857142854,1630.4347826086957,5.287896592244419,
69a0d393ad65c088f7a9c6f1,A vendre un terrain la Soukra,1562000.0,Tunis,Appartement,1250.0,1,1,vente,https://www.lecarre9.com/bien/details/120040-a-vendre-un-terrain-a-la-soukra,vente,False,1249.6,2121.212121212121,41.09028571428571,6793.478260869565,5.219061403997105,
699214e7b4db7c71555699b2,"Villa Bougainvillier Opportunit Saisir Hammamet, Hammamet, Nabeul",700000.0,Tunis,Appartement,550.0,1,1,vente,https://www.immobilier.com.tn/annonce/33658/villa-bougainvillier-opportunite-a-saisir,vente,False,1272.7272727272727,2121.212121212121,39.99999999999999,2989.130434782609,5.124223602484473,
699214d2b4db7c71555699a4,VENTE/ TERRAIN - JARDINS D'EL MENZAH 2 Tunis,740000.0,Tunis,Appartement,567.0,1,1,vente,https://www.immobilier.com.tn/annonce/24273/vente-terrain-jardins-del-menzah-2,vente,False,1305.1146384479719,2121.212121212121,38.473167044595606,3081.521739130435,4.997062279670975,
69a0cc06ad65c088f7a9c5d0,Maison individuelle - Vente - Djerba - Houmt Souk Mdenine Tunisie,850000.0,Tunis,Appartement,650.0,10,1,vente,https://remax-lotophages.com/bien/1468?nom=Maison individuelle - Vente - Djerba - Houmt Souk Médenine Tunisie,vente,False,1307.6923076923076,2121.212121212121,38.35164835164835,3532.608695652174,4.987212276214834,
69922953b4db7c7155569b64,Liste des maisons ou villas vendre,600000.0,Tunis,Appartement,450.0,3,1,vente,https://www.immobiliere-casabella.com/vente/maison,vente,True,1333.3333333333333,2121.212121212121,37.14285714285714,2445.6521739130435,4.891304347826086,
69922902b4db7c7155569b4b,Liste des villas vendre,600000.0,Tunis,Appartement,450.0,3,1,vente,https://www.immobiliere-casabella.com/vente/villa,vente,True,1333.3333333333333,2121.212121212121,37.14285714285714,2445.6521739130435,4.891304347826086,
699228f8b4db7c7155569b48,PROPOS DE CE BIEN,600000.0,Tunis,Appartement,450.0,1,1,vente,https://www.immobiliere-casabella.com/bien/details/69584-villa,vente,False,1333.3333333333333,2121.212121212121,37.14285714285714,2445.6521739130435,4.891304347826086,
69a0d530ad65c088f7a9c723,Opportunit Unique : Terrain Prt Construire Mourouj 6 de Superficie : 304 m,410400.0,Tunis,Appartement,304.0,6,1,vente,https://porteneuve-immo.tn/bien/details/105443-opportunite-unique-terrain-pret-a-construire-a-mourouj-6-de-superficie-304-m,vente,False,1350.0,2121.212121212121,36.35714285714285,1652.1739130434783,4.830917874396135,
6990b69431d6a7e29e31f156,Liste locaux commerciaux et bureaux vendre,360000.0,Tunis,Appartement,262.0,1,1,vente,https://www.hrimmo.tn/vente/local-commercial-et-bureau,vente,True,1374.0458015267175,2121.212121212121,35.223555070883314,1423.913043478261,4.746376811594203,
6990b68731d6a7e29e31f14f,PROPOS DE CE BIEN,360000.0,Tunis,Appartement,262.0,1,1,vente,https://www.hrimmo.tn/bien/details/113055-local-industriel-a-maamoura,vente,True,1374.0458015267175,2121.212121212121,35.223555070883314,1423.913043478261,4.746376811594203,
6990af0d31d6a7e29e31f072,Fond de Commerce vendre - Sahloul,55000.0,Tunis,Appartement,40.0,1,1,vente,https://www.houni.tn/annonce/vente/bureaux-et-commerces/tunis/bab-el-bhar/lac-de-tunis/fond-de-commerce-a-vendre-a-sahloul/0rj7vk,vente,False,1375.0,2121.212121212121,35.17857142857142,217.3913043478261,4.743083003952568,
69a0c813ad65c088f7a9c57e,Villa Hammamet Yasmine,1450000.0,Tunis,Appartement,1050.0,4,1,vente,https://immoteam.tn/bien/details/35063-villa-hammamet-yasmine,vente,False,1380.952380952381,2121.212121212121,34.89795918367346,5706.521739130435,4.72263868065967,
69a0d147ad65c088f7a9c632,V180,250000.0,Tunis,Appartement,180.0,2,1,vente,https://drimmobilier.com/fr/vente/villa/v180,vente,False,1388.888888888889,2121.212121212121,34.52380952380952,978.2608695652174,4.695652173913043,
698bd5791be0d2f3d728e94c,Villa Inacheve de 280 m Sur Un terrain de 700 m Boumhel,390000.0,Tunis,Appartement,280.0,7,1,vente,https://www.verdar.tn/bien/details/127806-villa-inachevee-de-280-m-sur-un-terrain-de-700-m-a-boumhel,vente,False,1392.857142857143,2121.212121212121,34.33673469387754,1521.7391304347827,4.682274247491639,
69922910b4db7c7155569b50,PROPOS DE CE BIEN,350000.0,Tunis,Appartement,250.0,1,1,vente,https://www.immobiliere-casabella.com/bien/details/36124-un-local-commercial-a-vendre-a-sousse-ville,vente,True,1400.0,2121.212121212121,33.99999999999999,1358.695652173913,4.658385093167702,
69922933b4db7c7155569b5b,Liste locaux commerciaux et bureaux vendre,350000.0,Tunis,Appartement,250.0,1,1,vente,https://www.immobiliere-casabella.com/vente/local-commercial-et-bureau,vente,True,1400.0,2121.212121212121,33.99999999999999,1358.695652173913,4.658385093167702,
69a0be28ad65c088f7a9c4a4,A vendre Terrain 500 m La Soukra Chotrana II Ariana,700000.0,Tunis,Appartement,500.0,1,1,vente,https://www.darcomtunisia.com/bien/details/110482-a-vendre-terrain-500-m-la-soukra-chotrana-ii,vente,False,1400.0,2121.212121212121,33.99999999999999,2717.391304347826,4.658385093167702,
6995d31c8d086219fd25e032,PROPOS DE CE BIEN,620000.0,Nabeul,Appartement,416.0,1,1,vente,https://www.adam-immo.com/bien/details/127757-villa-plain-pied-s3-a-dar-chaaben-lido,vente,False,1490.3846153846155,2252.252252252252,33.82692307692307,4853.333333333333,9.393548387096775,
69a0d162ad65c088f7a9c645,V172,250000.0,Tunis,Appartement,178.0,2,1,vente,https://drimmobilier.com/fr/vente/villa/v172,vente,False,1404.4943820224719,2121.212121212121,33.78812199036918,967.3913043478261,4.643478260869566,
698ba1e02211a108c2dbcb4e,Immobilier Sidi Bouzid (2),143000.0,Tunis,Appartement,100.0,2,1,vente,https://www.behya.tn/annonce-tunisie/annonces-sidi-bouzid/,vente,False,1430.0,2121.212121212121,32.58571428571428,543.4782608695652,4.560656734569778,
698b9e6ab1afddc99cbe6ce2,A vendre Terrain viabilis 508 m Chotrana 3 la Soukra Ariana,730000.0,Tunis,Appartement,508.0,1,1,vente,https://www.darcomtunisia.com/bien/details/128059-a-vendre-terrain-viabilise-508-m-a-chotrana-3-la-soukra,vente,False,1437.007874015748,2121.212121212121,32.25534308211473,2760.8695652173915,4.538415723645027,
698bd55f1be0d2f3d728e940,Un Rez De Chausse De Villa S+3 de 240 m sur Terrain de 413 m Mourouj,345000.0,Tunis,Appartement,240.0,4,1,vente,https://www.verdar.tn/bien/details/128000-un-rez-de-chaussee-de-villa-s3-de-240-m-sur-terrain-de-413-m-a-mourouj,vente,False,1437.5,2121.212121212121,32.232142857142854,1304.3478260869565,4.536862003780718,
698ba09bb1afddc99cbe6d36,Vente Immeuble en Tunisie,1300000.0,Tunis,Appartement,900.0,1,1,vente,https://www.immobilier.com.tn/annonces/particulier/vente/1/immeuble/11,vente,False,1444.4444444444443,2121.212121212121,31.9047619047619,4891.304347826087,4.51505016722408,
6995ea638d086219fd25e0cb,Villas,890000.0,Tunis,Appartement,614.0,1,1,vente,https://ballouchi.com/annonces/immobilier/villas/,vente,True,1449.5114006514657,2121.212121212121,31.665891112145182,3336.9565217391305,4.499267220322423,
6995ec528d086219fd25e13c,BALLOUCHI.COM,890000.0,Tunis,Appartement,614.0,1,1,vente,https://m.ballouchi.com/annonces/immobilier/villas/villa-ottawa.html,vente,True,1449.5114006514657,2121.212121212121,31.665891112145182,3336.9565217391305,4.499267220322423,
6995ea588d086219fd25e0c7,"Villa "" Ottawa """,890000.0,Tunis,Appartement,614.0,1,1,vente,https://ballouchi.com/annonces/immobilier/villas/villa-ottawa.html,vente,True,1449.5114006514657,2121.212121212121,31.665891112145182,3336.9565217391305,4.499267220322423,
6992292db4db7c7155569b59,PROPOS DE CE BIEN,650000.0,Tunis,Appartement,448.0,1,1,vente,https://www.immobiliere-casabella.com/bien/details/33173-un-beau-terrain-commercial-a-khzema-est,vente,True,1450.892857142857,2121.212121212121,31.600765306122447,2434.782608695652,4.494983277591973,
6992298cb4db7c7155569b75,PROPOS DE CE BIEN,650000.0,Tunis,Appartement,448.0,1,1,vente,https://www.immobiliere-casabella.com/bien/details/31908-un-terrain-commercial-a-vendre-a-khzema-est,vente,True,1450.892857142857,2121.212121212121,31.600765306122447,2434.782608695652,4.494983277591973,
69922679b4db7c7155569aeb,Liste des maisons ou villas vendre,700000.0,Ben arous,Appartement,2707.0,1,1,vente,https://www.houch-immo.com/vente/maison,vente,True,258.58884373845586,370.6737322140555,30.23815251383209,17238.426916221033,29.551588999236056,
69922685b4db7c7155569aef,Liste des villas vendre,700000.0,Ben arous,Appartement,2707.0,1,1,vente,https://www.houch-immo.com/vente/villa,vente,True,258.58884373845586,370.6737322140555,30.23815251383209,17238.426916221033,29.551588999236056,
69921fb9b4db7c7155569a5f,Catalogue Biens Immobiliers,445000.0,Tunis,Appartement,300.0,1,1,vente,https://www.luxury-elite-immobilier.com/proprietes.php,vente,True,1483.3333333333333,2121.212121212121,30.07142857142857,1630.4347826086957,4.396678065461651,
6990b6cf31d6a7e29e31f16c,Catalogue Biens Immobiliers,445000.0,Tunis,Appartement,300.0,1,1,vente,https://luxury-elite-immobilier.com/proprietes.php,vente,True,1483.3333333333333,2121.212121212121,30.07142857142857,1630.4347826086957,4.396678065461651,
698be18b1be0d2f3d728ecd2,Liste des villas vendre,620000.0,Tunis,Appartement,416.0,1,1,vente,https://www.adam-immo.com/vente/villa,vente,True,1490.3846153846155,2121.212121212121,29.73901098901098,2260.8695652173915,4.375876577840112,
698be1821be0d2f3d728ecce,Liste des maisons ou villas vendre,620000.0,Tunis,Appartement,416.0,1,1,vente,https://www.adam-immo.com/vente/maison,vente,True,1490.3846153846155,2121.212121212121,29.73901098901098,2260.8695652173915,4.375876577840112,
69921642b4db7c71555699e5,VENTE VILLA SAPHIR S+4,1050000.0,Tunis,Appartement,700.0,1,1,vente,https://immobiliere.tn/propertie_/vente-villa-saphir-s46347,vente,False,1500.0,2121.212121212121,29.28571428571428,3804.3478260869565,4.3478260869565215,
69a0d15ead65c088f7a9c643,V181,300000.0,Tunis,Appartement,200.0,2,1,vente,https://drimmobilier.com/fr/vente/villa/v181,vente,False,1500.0,2121.212121212121,29.28571428571428,1086.9565217391305,4.347826086956522,
69a0d167ad65c088f7a9c649,V 176,135000.0,Tunis,Appartement,90.0,3,1,vente,https://drimmobilier.com/fr/vente/villa/v-176,vente,False,1500.0,2121.212121212121,29.28571428571428,489.1304347826087,4.3478260869565215,
6990ab8931d6a7e29e31f000,les plus rcentes.,1500000.0,Tunis,Appartement,1000.0,2,1,vente,https://www.dahmenimmobilier.tn/biens/detail/8002,vente,False,1500.0,2121.212121212121,29.28571428571428,5434.782608695652,4.3478260869565215,
698ba0832211a108c2dbcae3,A vendre un tage de villa Gammarth,680000.0,Tunis,Appartement,450.0,1,1,vente,https://www.expatries-tunisie.com/bien/details/6524-a-vendre-un-etage-de-villa-a-gammarth,vente,False,1511.111111111111,2121.212121212121,28.761904761904756,2445.6521739130435,4.3158567774936065,
6990ab4731d6a7e29e31effe,Une Villa de Matre vendre La Soukra Ariana,2450000.0,Tunis,Appartement,1620.0,1,1,vente,https://www.darcomtunisia.com/bien/details/125099-une-villa-de-maitre-a-vendre-a-la-soukra,vente,False,1512.3456790123457,2121.212121212121,28.70370370370369,8804.347826086956,4.312333629103815,
6995d5c68d086219fd25e050,???? Vendre APPARTEMENT S+1,100000.0,Tunis,Appartement,66.0,2,1,vente,https://sanaimmobilier.tn/bien/details/129241-a-vendre-appartement-s1,vente,False,1515.1515151515152,2121.212121212121,28.57142857142856,358.69565217391306,4.304347826086957,
6990bd6531d6a7e29e31f293,Maison inacheve indpendante vendre,350000.0,Tunis,Appartement,230.0,1,1,vente,https://www.metisimmo.tn/bien/details/121237-maison-inachevee-independante-a-vendre,vente,False,1521.7391304347825,2121.212121212121,28.26086956521739,1250.0,4.285714285714286,
69922851b4db7c7155569b2f,PROPOS DE CE BIEN,660000.0,Tunis,Appartement,429.0,1,1,vente,https://www.immo-dulac.com/bien/details/120478-villa-haut-standing,vente,False,1538.4615384615386,2121.212121212121,27.472527472527464,2331.521739130435,4.239130434782609,
69a0d164ad65c088f7a9c647,v224,270000.0,Tunis,Appartement,175.0,2,1,vente,https://drimmobilier.com/fr/vente/villa/v224,vente,False,1542.857142857143,2121.212121212121,27.265306122448973,951.0869565217391,4.2270531400966185,
6995d6578d086219fd25e058,Splendide villa,880000.0,Tunis,Appartement,567.0,2,1,vente,https://immoteam.tn/bien/details/46818-splendide-villa,vente,False,1552.0282186948853,2121.212121212121,26.832955404383974,3081.521739130435,4.2020750988142295,
69a0d543ad65c088f7a9c728,Villa indpendante 380 m 6 chambres Mourouj 4,600000.0,Tunis,Appartement,380.0,6,1,vente,https://porteneuve-immo.tn/bien/details/128999-villa-independante-380-m-6-chambres-mourouj-4,vente,False,1578.9473684210527,2121.212121212121,25.563909774436077,2065.217391304348,4.130434782608696,
6990b78331d6a7e29e31f1a9,Vente VILLA MARHABA S+5,790000.0,Tunis,Appartement,500.0,3,1,vente,"https://www.oasisimmobilier.com/Vente/Tunisie/hammamet/villa-marhaba/id,5.html",vente,False,1580.0,2121.212121212121,25.514285714285705,2717.391304347826,4.127682993946065,
69a0d157ad65c088f7a9c63d,V211,190000.0,Tunis,Appartement,120.0,1,1,vente,http://drimmobilier.com/fr/vente/appartement/v211,vente,False,1583.3333333333333,2121.212121212121,25.357142857142854,652.1739130434783,4.118993135011442,
69a0d558ad65c088f7a9c72e,Vendre : Grande Maison 2 tages Ouardia Lacania,650000.0,Tunis,Appartement,410.0,6,1,vente,https://porteneuve-immo.tn/bien/details/108008-a-vendre-grande-maison-2-etages-a-ouardia-lacania,vente,False,1585.3658536585365,2121.212121212121,25.261324041811843,2228.2608695652175,4.113712374581939,
6995dac38d086219fd25e092,a vendre terrain a megrine Saint gobain Vente,1400000.0,Tunis,Appartement,876.0,1,1,vente,https://agenceimmobilierekchaou.tn/bien/details/129200-a-vendre-terrain-a-megrine-saint-gobain,vente,False,1598.1735159817351,2121.212121212121,24.657534246575334,4760.869565217391,4.080745341614906,
698b9eec2211a108c2dbcabb,les plus rcentes.,700000.0,Tunis,Appartement,435.0,2,1,vente,https://www.dahmenimmobilier.tn/biens/detail/7945,vente,False,1609.1954022988505,2121.212121212121,24.137931034482758,2364.130434782609,4.052795031055901,
6992281bb4db7c7155569b18,PROPOS DE CE BIEN,1200000.0,Tunis,Appartement,734.0,6,1,vente,https://www.immo-dulac.com/bien/details/121101-belle-villa-3-niveaux-a-vendre,vente,False,1634.8773841961852,2121.212121212121,22.927209030751264,3989.130434782609,3.989130434782609,
698b9e8b2211a108c2dbcaaa,Comparez des biens immobiliers,100000.0,Tunis,Appartement,61.0,1,1,vente,https://www.darcomtunisia.com/biens/compare,vente,False,1639.344262295082,2121.212121212121,22.716627634660412,331.5217391304348,3.9782608695652177,
6995ec0d8d086219fd25e11b,V285,300000.0,Tunis,Appartement,180.0,3,1,vente,http://drimmobilier.com/fr/vente/villa/v285,vente,False,1666.6666666666667,2121.212121212121,21.42857142857142,978.2608695652174,3.913043478260869,
69921f8db4db7c7155569a51,Villa Saumon,500000.0,Tunis,Appartement,300.0,3,1,vente,https://immoteam.tn/bien/details/34515-villa-saumon,vente,False,1666.6666666666667,2121.212121212121,21.42857142857142,1630.4347826086957,3.91304347826087,
6990b6bd31d6a7e29e31f167,Appartement s+2 - Hammamet sud,220000.0,Tunis,Appartement,130.0,2,1,vente,https://immoteam.tn/bien/details/34863-appartement-s2---hammamet-sud,vente,False,1692.3076923076924,2121.212121212121,20.21978021978021,706.5217391304348,3.8537549407114615,
6995d3188d086219fd25e030,PROPOS DE CE BIEN,460000.0,Nabeul,Appartement,256.0,1,1,vente,https://www.adam-immo.com/bien/details/113213-villa-s3-inachevee-en-duplex-a-bni-khiar,vente,False,1796.875,2252.252252252252,20.21875,2986.6666666666665,7.791304347826086,
6995d32f8d086219fd25e03a,PROPOS DE CE BIEN,160000.0,Nabeul,Appartement,89.0,1,1,vente,https://www.adam-immo.com/bien/details/116940-etage-de-villa-s2-de-89m-en-face-du-lycee-jeune-fille-nabeul,vente,False,1797.752808988764,2252.252252252252,20.17977528089888,1038.3333333333333,7.7875,
6992293ab4db7c7155569b5d,PROPOS DE CE BIEN,776900.0,Tunis,Appartement,457.0,1,1,vente,https://www.immobiliere-casabella.com/bien/details/33309-un-beau-terrain-de-457-m-entre-jawahra-et-sahloul,vente,False,1700.0,2121.212121212121,19.85714285714285,2483.695652173913,3.8363171355498724,
698bd56e1be0d2f3d728e947,Un Studio S+1 de 35 m Boumhel,60000.0,Tunis,Appartement,35.0,1,1,vente,https://www.verdar.tn/bien/details/128073-un-studio-s1-de-35-m-a-boumhel,vente,False,1714.2857142857142,2121.212121212121,19.183673469387752,190.21739130434784,3.804347826086957,
6995ea4a8d086219fd25e0c2,"Villa "" Diamant "" pied dans l'eau",520000.0,Tunis,Appartement,303.0,2,1,vente,https://ballouchi.com/annonces/immobilier/villas/villa-diamant-pied-dans-l-eau-4.html,vente,False,1716.171617161716,2121.212121212121,19.094766619519092,1646.7391304347827,3.8001672240802677,
69922956b4db7c7155569b65,PROPOS DE CE BIEN,1070000.0,Tunis,Appartement,623.0,4,1,vente,https://www.immobiliere-casabella.com/bien/details/36179-une-villa-a-vendre-a-khzema-ouest,vente,False,1717.4959871589085,2121.212121212121,19.032332033937163,3385.8695652173915,3.797236895570906,
698bb30bf3a7d988c9c05e5c,"Appartement A.4.1 S+3 Cite Ennasr 2, Ariana Ville, Ariana",291425.0,Tunis,Appartement,169.0,1,1,vente,https://www.immobilier.com.tn/annonce/26069/appartement-a41-s3,vente,False,1724.4082840236686,2121.212121212121,18.70646661031276,918.4782608695652,3.7820156576940147,
698be1991be0d2f3d728ecd8,PROPOS DE CE BIEN,650000.0,Tunis,Appartement,376.0,1,1,vente,https://www.adam-immo.com/bien/details/127844-terrain-agricole-de-11-376-m-a-houaria-nabeul,vente,False,1728.723404255319,2121.212121212121,18.503039513677805,2043.4782608695652,3.772575250836121,
69a0d5c5ad65c088f7a9c73d,A VENDRE : appartement S+1 AVE FARHAT HACHEDTUNIS CENTRE,130000.0,Tunis,Appartement,75.0,1,1,vente,https://vecteurimmo.com.tn/bien/details/116741-a-vendre-appartement-s1-ave-farhat-hachedtunis-centre,vente,False,1733.3333333333333,2121.212121212121,18.285714285714285,407.60869565217394,3.7625418060200673,
69a0d15bad65c088f7a9c640,V216,280000.0,Tunis,Appartement,160.0,2,1,vente,https://drimmobilier.com/fr/vente/villa/v216,vente,True,1750.0,2121.212121212121,17.499999999999993,869.5652173913044,3.7267080745341614,
69922873b4db7c7155569b3f,PROPOS DE CE BIEN,1050000.0,Tunis,Appartement,600.0,1,1,vente,https://www.immo-dulac.com/bien/details/121079-villa-avec-piscine-cote-mer,vente,False,1750.0,2121.212121212121,17.499999999999993,3260.8695652173915,3.7267080745341614,
69a0d154ad65c088f7a9c63b,V216,280000.0,Tunis,Appartement,160.0,2,1,vente,http://drimmobilier.com/fr/vente/villa/v216,vente,True,1750.0,2121.212121212121,17.499999999999993,869.5652173913044,3.7267080745341614,
698bb1d2f3a7d988c9c05e42,A vendre villa Moderne La Soukra Chotrana II Ariana,2500000.0,Tunis,Appartement,1427.0,1,1,vente,https://www.darcomtunisia.com/bien/details/112721-a-vendre-villa-moderne-a-la-soukra-chotrana-ii,vente,False,1751.927119831815,2121.212121212121,17.409150065071575,7755.434782608696,3.7226086956521742,
698ba1ce2211a108c2dbcb46,Immobilier Maison Vendre Mdenine (182),880000.0,Tunis,Appartement,500.0,1,1,vente,https://www.behya.tn/annonce-tunisie/maison-a-vendre-medenine/,vente,False,1760.0,2121.212121212121,17.02857142857142,2717.391304347826,3.705533596837945,
6992254ab4db7c7155569ab7,Terrain - Vente - Djerba - Midoun Mdenine Tunisie,530000.0,Tunis,Appartement,300.0,1,1,vente,https://www.remax-lotophages.com/bien/1506?nom=Terrain - Vente - Djerba - Midoun Médenine Tunisie,vente,False,1766.6666666666667,2121.212121212121,16.714285714285705,1630.4347826086957,3.6915504511894994,
69a0d027ad65c088f7a9c5e1,Appartement vendre S+2 MOUROUJ 5,110000.0,Tunis,Appartement,62.0,4,1,vente,https://ballouchi.com/annonces/immobilier/appartements/appartement-a-vendre-s2-mourouj-5.html,vente,False,1774.1935483870968,2121.212121212121,16.359447004608285,336.95652173913044,3.6758893280632408,
69a0d183ad65c088f7a9c653,BALLOUCHI.COM,890000.0,Tunis,Appartement,500.0,6,1,vente,https://m.ballouchi.com/annonces/immobilier/villas/villa-patience-4.html,vente,False,1780.0,2121.212121212121,16.08571428571428,2717.391304347826,3.6638983878847093,
698bb30ef3a7d988c9c05e5e,"Appartement A.3.1 S+3 Cite Ennasr 2, Ariana Ville, Ariana",291425.0,Tunis,Appartement,162.0,1,1,vente,https://www.immobilier.com.tn/annonce/26065/appartement-a31-s3,vente,False,1798.9197530864199,2121.212121212121,15.193783068783057,880.4347826086956,3.625364121576511,
69a0c803ad65c088f7a9c577,Villa Julia,900000.0,Tunis,Appartement,500.0,2,1,vente,https://immoteam.tn/bien/details/41047-villa-julia,vente,False,1800.0,2121.212121212121,15.142857142857135,2717.391304347826,3.6231884057971016,
69a0d160ad65c088f7a9c644,V 230,120000.0,Tunis,Appartement,66.0,1,1,vente,https://drimmobilier.com/fr/vente/villa/v-230,vente,False,1818.1818181818182,2121.212121212121,14.285714285714274,358.69565217391306,3.5869565217391304,
6995d3258d086219fd25e036,PROPOS DE CE BIEN,600000.0,Nabeul,Appartement,308.0,1,1,vente,https://www.adam-immo.com/bien/details/120065-a-vendre-villa-plain-pied-hammamet-zone-craxi,vente,False,1948.051948051948,2252.252252252252,13.506493506493502,3593.333333333333,7.1866666666666665,
6992286fb4db7c7155569b3d,PROPOS DE CE BIEN,320000.0,Tunis,Appartement,174.0,2,1,vente,https://www.immo-dulac.com/bien/details/121177-maison-plain-pieds,vente,False,1839.0804597701149,2121.212121212121,13.300492610837434,945.6521739130435,3.5461956521739135,
69a0d3c7ad65c088f7a9c70f,A vendre une villa de matre la Soukra,2300000.0,Tunis,Appartement,1250.0,3,1,vente,https://www.lecarre9.com/bien/details/120097-a-vendre-une-villa-de-maitre-a-la-soukra,vente,False,1840.0,2121.212121212121,13.257142857142847,6793.478260869565,3.544423440453686,
698ba08ab1afddc99cbe6d29,Vente Duplex en Tunisie,260000.0,Tunis,Appartement,141.0,1,1,vente,https://www.immobilier.com.tn/annonces/particulier/vente/1/duplex/5,vente,False,1843.9716312056737,2121.212121212121,13.06990881458966,766.304347826087,3.5367892976588626,
6990b8a431d6a7e29e31f204,PROPOS DE CE BIEN,1350000.0,Ariana,Appartement,365.0,1,1,vente,https://www.sevenrealestate.com.tn/bien/details/120611-un-triplex-s4-avec-piscine-a-la-soukra,vente,False,3698.6301369863013,4252.062662256837,13.015624867973944,5840.0,5.191111111111111,
6995ea5e8d086219fd25e0c9,Villa BLONDIE,1200000.0,Tunis,Appartement,650.0,1,1,vente,https://ballouchi.com/annonces/immobilier/villas/villa-blondie-4.html,vente,True,1846.1538461538462,2121.212121212121,12.967032967032956,3532.608695652174,3.5326086956521743,
6995ec438d086219fd25e135,BALLOUCHI.COM,1200000.0,Tunis,Appartement,650.0,1,1,vente,https://m.ballouchi.com/annonces/immobilier/villas/villa-blondie-4.html,vente,True,1846.1538461538462,2121.212121212121,12.967032967032956,3532.608695652174,3.5326086956521743,
69a0d166ad65c088f7a9c648,V191,250000.0,Tunis,Appartement,135.0,2,1,vente,https://drimmobilier.com/fr/vente/villa/v191,vente,False,1851.851851851852,2121.212121212121,12.698412698412687,733.6956521739131,3.521739130434783,
69a0d555ad65c088f7a9c72d,A vendre un appartement S+2 Mourouj 5,115000.0,Tunis,Appartement,62.0,6,1,vente,https://porteneuve-immo.tn/bien/details/106949-a-vendre-un-appartement-s2-mourouj-5,vente,False,1854.8387096774193,2121.212121212121,12.55760368663594,336.95652173913044,3.516068052930057,
699214e1b4db7c71555699ae,"Penthouse de 349m ain zaghouan Ain Zaghouan, La Marsa, Tunis",650000.0,Tunis,Appartement,349.0,1,1,vente,https://www.immobilier.com.tn/annonce/23429/penthouse-de-349m2-a-ain-zaghouan,vente,False,1862.4641833810888,2121.212121212121,12.198117069177234,1896.7391304347827,3.5016722408026757,
69a0c7ffad65c088f7a9c575,UNE SUBLIME VILLA,1300000.0,Tunis,Appartement,695.0,4,1,vente,https://immoteam.tn/bien/details/35302-une-sublime-villa,vente,False,1870.5035971223022,2121.212121212121,11.819116135662892,3777.1739130434785,3.4866220735785958,
69922865b4db7c7155569b39,PROPOS DE CE BIEN,180000.0,Tunis,Appartement,96.0,1,1,vente,https://www.immo-dulac.com/bien/details/120792-a-vendre-bureau-avec-vue-panaromique,vente,False,1875.0,2121.212121212121,11.607142857142849,521.7391304347826,3.4782608695652173,
6990acd831d6a7e29e31f01f,Vente d'un Appartement S+3 au Jardins d'El Menzah 2 Tunis,320000.0,Tunis,Appartement,170.0,1,1,vente,https://www.immobilier.com.tn/annonce/24126/vente-dun-appartement-s3-au-jardins-del-menzah-2,vente,False,1882.3529411764705,2121.212121212121,11.260504201680668,923.9130434782609,3.4646739130434785,
69a0d560ad65c088f7a9c730,Appartement S+2 au Mourouj5,125000.0,Tunis,Appartement,66.0,6,1,vente,https://porteneuve-immo.tn/bien/details/110745-appartement-s2-au-mourouj5,vente,False,1893.939393939394,2121.212121212121,10.714285714285705,358.69565217391306,3.4434782608695653,
6995cbf88d086219fd25dfcb,"Vente d'un duplex S2 Ennassr 1 Ariana, Ariana Ville, Ariana",240000.0,Tunis,Appartement,124.0,1,1,vente,https://www.immobilier.com.tn/annonce/24190/vente-dun-duplex-s2-a-ennassr-1,vente,False,1935.483870967742,2121.212121212121,8.755760368663585,673.9130434782609,3.369565217391304,
6995cbf48d086219fd25dfc8,"Vente / APPARTEMENT S+2 Avec Balcon - Ennaser 2 Ariana, Ariana Ville, Ariana",250000.0,Tunis,Appartement,128.0,1,1,vente,https://www.immobilier.com.tn/annonce/24411/vente-appartement-s2-avec-balcon-ennaser-2,vente,False,1953.125,2121.212121212121,7.924107142857134,695.6521739130435,3.339130434782609,
69921352b4db7c7155569990,les plus rcentes.,420000.0,Tunis,Appartement,215.0,2,1,vente,https://www.dahmenimmobilier.tn/biens/detail/7868,vente,False,1953.4883720930231,2121.212121212121,7.906976744186044,1168.4782608695652,3.3385093167701863,
69a0ca91ad65c088f7a9c5c8,Dtail du bien,135000.0,Tunis,Appartement,69.0,1,1,vente,https://casaimmo.tn/biens/detail/129344,vente,False,1956.5217391304348,2121.212121212121,7.763975155279495,375.0,3.3333333333333335,
6990bc8731d6a7e29e31f276,Dtail du bien,260000.0,Tunis,Appartement,132.0,3,1,vente,https://casaimmo.tn/biens/detail/128005,vente,True,1969.6969696969697,2121.212121212121,7.142857142857133,717.3913043478261,3.311036789297659,
6990bc8c31d6a7e29e31f277,Dtail du bien,260000.0,Tunis,Appartement,132.0,3,1,vente,https://casaimmo.tn/biens/detail/128879,vente,True,1969.6969696969697,2121.212121212121,7.142857142857133,717.3913043478261,3.311036789297659,
69a0c906ad65c088f7a9c5a4,PROPOS DE CE BIEN,2850000.0,Ariana,Appartement,721.0,1,1,vente,https://www.sevenrealestate.com.tn/bien/details/129597-une-villa-plain-pied-a-chotrana-2,vente,False,3952.843273231623,4252.062662256837,7.03704090913843,11536.0,4.857263157894737,
69a0d023ad65c088f7a9c5e0,"Villa "" HECTOR """,400000.0,Tunis,Appartement,200.0,6,1,vente,https://ballouchi.com/annonces/immobilier/villas/villa-hector-6.html,vente,False,2000.0,2121.212121212121,5.7142857142857055,1086.9565217391305,3.260869565217391,
69a0d150ad65c088f7a9c639,V137,400000.0,Tunis,Appartement,200.0,4,1,vente,https://drimmobilier.com/fr/vente/villa-avec-piscine/v137,vente,False,2000.0,2121.212121212121,5.7142857142857055,1086.9565217391305,3.260869565217391,
698be1941be0d2f3d728ecd6,Liste des terrains vendre,8188000.0,Tunis,Appartement,4094.0,1,1,vente,https://www.adam-immo.com/vente/terrain,vente,True,2000.0,2121.212121212121,5.7142857142857055,22250.0,3.260869565217391,
698be1a61be0d2f3d728ecdc,PROPRITS VENDRE,8188000.0,Tunis,Appartement,4094.0,1,1,vente,https://www.adam-immo.com/vente,vente,True,2000.0,2121.212121212121,5.7142857142857055,22250.0,3.260869565217391,
6990b41d31d6a7e29e31f12d,PROPOS DE CE BIEN,8188000.0,Tunis,Appartement,4094.0,1,1,vente,https://www.adam-immo.com/bien/details/128529-terrain-de-promotion-immobiliere-r3-nabeul,vente,True,2000.0,2121.212121212121,5.7142857142857055,22250.0,3.260869565217391,
69a0d3bdad65c088f7a9c709,A vendre S3 l'aouina cit palmeraies,310000.0,Tunis,Appartement,154.0,1,1,vente,https://www.lecarre9.com/bien/details/117054-a-vendre-s3-a-l-aouina-cite-palmeraies,vente,False,2012.987012987013,2121.212121212121,5.10204081632652,836.9565217391305,3.2398316970546985,
6995d64e8d086219fd25e054,Appartement MONICA,200000.0,Tunis,Appartement,99.0,2,1,vente,https://immoteam.tn/bien/details/36877-appartement-monica,vente,False,2020.20202020202,2121.212121212121,4.761904761904758,538.0434782608696,3.2282608695652177,
699228ffb4db7c7155569b4a,PROPOS DE CE BIEN,750000.0,Tunis,Appartement,370.0,4,1,vente,https://www.immobiliere-casabella.com/bien/details/57220-une-villa-a-vendre-a-bouhcina,vente,False,2027.027027027027,2121.212121212121,4.440154440154428,2010.8695652173913,3.217391304347826,
69a0d534ad65c088f7a9c724,A vendre Bel appartement S+2 au mourouj 6,205000.0,Tunis,Appartement,100.0,6,1,vente,https://porteneuve-immo.tn/bien/details/78405-a-vendre-bel-appartement-s2-au-mourouj-6,vente,False,2050.0,2121.212121212121,3.3571428571428483,543.4782608695652,3.181336161187699,
6990bd5a31d6a7e29e31f28e,Un RDC en S+2 en Bord de Mer,205690.0,Tunis,Appartement,100.0,1,1,vente,https://www.metisimmo.tn/bien/details/89241-un-rdc-en-s2-en-bord-de-mer,vente,True,2056.9,2121.212121212121,3.0318571428571297,543.4782608695652,3.1706641695924853,
6990bd6d31d6a7e29e31f296,Appartement s+2 Haut standing,205690.0,Tunis,Appartement,100.0,1,1,vente,https://www.metisimmo.tn/bien/details/89923-appartement-s2-haut-standing,vente,True,2056.9,2121.212121212121,3.0318571428571297,543.4782608695652,3.1706641695924853,
6990bd8631d6a7e29e31f2a2,Un appartement S+2 vue sur mer,205690.0,Tunis,Appartement,100.0,1,1,vente,https://www.metisimmo.tn/bien/details/89224-un-appartement-s2-vue-sur-mer,vente,True,2056.9,2121.212121212121,3.0318571428571297,543.4782608695652,3.1706641695924853,
698bc9391be0d2f3d728e6bc,VENTE MAISON AU CENTRE-VILLE DE NABEUL,450000.0,Tunis,Appartement,218.0,3,1,vente,https://immobiliere.tn/propertie_/vente-maison-au-centre-ville-de-nabeul525,vente,True,2064.2201834862385,2121.212121212121,2.68676277850589,1184.7826086956522,3.1594202898550727,
698bc93b1be0d2f3d728e6be,VENTE MAISON AU CENTRE-VILLE DE NABEUL,450000.0,Tunis,Appartement,218.0,3,1,vente,https://immobiliere.tn/propertie_/vente-maison-au-centre-ville-de-nabeul7820,vente,True,2064.2201834862385,2121.212121212121,2.68676277850589,1184.7826086956522,3.1594202898550727,
698b9fbcb1afddc99cbe6d20,Appartement spacieux standing Menzah 9 c,525000.0,Tunis,Appartement,253.0,1,1,vente,https://colombusimmobilier.com/bien/details/17393-appartement-spacieux-standing-menzah-9-c,vente,False,2075.098814229249,2121.212121212121,2.1739130434782523,1375.0,3.1428571428571432,
6990bca431d6a7e29e31f27c,Dtail du bien,135000.0,Tunis,Appartement,65.0,1,1,vente,https://casaimmo.tn/biens/detail/128878,vente,False,2076.923076923077,2121.212121212121,2.087912087912069,353.2608695652174,3.140096618357487,
69a0d528ad65c088f7a9c721,Maison en Duplex Spacieuse avec quipements Modernes Borej Sedria,360000.0,Tunis,Appartement,173.0,6,1,vente,https://porteneuve-immo.tn/bien/details/86289-maison-en-duplex-spacieuse-avec-equipements-modernes-a-borej-sedria,vente,False,2080.9248554913293,2121.212121212121,1.899256812551612,940.2173913043479,3.134057971014493,
69921370b4db7c7155569994,les plus rcentes.,250000.0,Tunis,Appartement,120.0,3,1,vente,https://www.dahmenimmobilier.tn/biens/detail/7953,vente,False,2083.3333333333335,2121.212121212121,1.7857142857142696,652.1739130434783,3.130434782608696,
6990b6ac31d6a7e29e31f15f,Maison ZOO,490000.0,Tunis,Appartement,235.0,2,1,vente,https://immoteam.tn/bien/details/35658-maison-zoo,vente,False,2085.1063829787236,2121.212121212121,1.702127659574452,1277.1739130434783,3.1277728482697427,
698b9ed0b1afddc99cbe6cf7,les plus rcentes.,1700000.0,Tunis,Appartement,813.0,2,1,vente,https://www.dahmenimmobilier.tn/biens/detail/7929,vente,False,2091.020910209102,2121.212121212121,1.423299947285177,4418.478260869565,3.1189258312020463,
69a0d569ad65c088f7a9c732,Vendre RDC de Villa S+3 avec garage Mourouj 1,600000.0,Tunis,Appartement,286.0,6,1,vente,https://porteneuve-immo.tn/bien/details/110123-a-vendre-rdc-de-villa-s3-avec-garage-mourouj-1,vente,False,2097.902097902098,2121.212121212121,1.098901098901089,1554.3478260869565,3.1086956521739135,
69922641b4db7c7155569ad5,PROPOS DE CE BIEN,1200000.0,Tunis,Appartement,570.0,1,1,vente,https://www.houch-immo.com/bien/details/120421-villa-midoun-centre,vente,False,2105.2631578947367,2121.212121212121,0.7518796992481203,3097.826086956522,3.097826086956522,
6995d6598d086219fd25e059,Belle demeure,970000.0,Tunis,Appartement,460.0,4,1,vente,https://immoteam.tn/bien/details/46821-belle-demeure,vente,False,2108.695652173913,2121.212121212121,0.590062111801235,2500.0,3.0927835051546393,
69a0d5a9ad65c088f7a9c736,A VENDRE : TRIPLEX T.H.S L'AOUINA,950000.0,Tunis,Appartement,450.0,1,1,vente,https://vecteurimmo.com.tn/bien/details/113176-a-vendre-triplex-ths-a-l-aouina,vente,False,2111.1111111111113,2121.212121212121,0.47619047619045757,2445.6521739130435,3.089244851258581,
6995d3368d086219fd25e03d,PROPOS DE CE BIEN,1250000.0,Nabeul,Appartement,555.0,2,1,vente,https://www.adam-immo.com/bien/details/113485-villa-s6-avec-piscine-a-jinene-bni-khiar-plage,vente,False,2252.252252252252,2252.252252252252,0.0,6475.0,6.216,
69a0d398ad65c088f7a9c6f4,A vendre s4 l'aouina cit les palmeraies,420000.0,Tunis,Appartement,198.0,1,1,vente,https://www.lecarre9.com/bien/details/117749-a-vendre-s4-a-l-aouina-cite-les-palmeraies,vente,False,2121.212121212121,2121.212121212121,0.0,1076.0869565217392,3.074534161490684,
69a0c809ad65c088f7a9c57a,Appartement S+2 - AFH mrezga,480000.0,Tunis,Appartement,226.0,4,1,vente,https://immoteam.tn/bien/details/34954-appartement-s2---afh-mrezga,vente,False,2123.8938053097345,2121.212121212121,-0.1264222503160636,1228.2608695652175,3.070652173913044,
69922913b4db7c7155569b51,PROPOS DE CE BIEN,340000.0,Tunis,Appartement,160.0,3,1,vente,https://www.immobiliere-casabella.com/bien/details/61531-a-vendre-un-bel-appartement-a-tantana-chat-meriem,vente,False,2125.0,2121.212121212121,-0.17857142857143768,869.5652173913044,3.0690537084398977,
698bb318f3a7d988c9c05e65,"Appartement Rj1 S+2 Cite Ennasr 2, Ariana Ville, Ariana",291425.0,Tunis,Appartement,135.0,1,1,vente,https://www.immobilier.com.tn/annonce/26057/appartement-rj1-s2,vente,False,2158.703703703704,2121.212121212121,-1.767460317460337,733.6956521739131,3.0211367679804266,
69922818b4db7c7155569b17,Liste des appartements vendre,240000.0,Tunis,Appartement,110.0,2,1,vente,https://www.immo-dulac.com/vente/appartement,vente,False,2181.818181818182,2121.212121212121,-2.8571428571428745,597.8260869565217,2.989130434782609,
6992283bb4db7c7155569b25,PROPOS DE CE BIEN,240000.0,Tunis,Appartement,110.0,1,1,vente,https://www.immo-dulac.com/bien/details/128089-appartement-s3-a-vendre-a-ghrabi-hammam-sousse,vente,False,2181.818181818182,2121.212121212121,-2.8571428571428745,597.8260869565217,2.989130434782609,
699228eeb4db7c7155569b45,PROPOS DE CE BIEN,350000.0,Tunis,Appartement,160.0,3,1,vente,https://www.immobiliere-casabella.com/bien/details/50744-a-vendre-un-joli-etage-de-villa-a-hammam-sousse,vente,False,2187.5,2121.212121212121,-3.1250000000000098,869.5652173913044,2.981366459627329,
69a0d5b1ad65c088f7a9c738,A VENDRE : appartement S+3 BELLEVUE/EL OUARDIA,350000.0,Tunis,Appartement,160.0,1,1,vente,https://vecteurimmo.com.tn/bien/details/112945-a-vendre-appartement-s3-a-bellevueel-ouardia,vente,False,2187.5,2121.212121212121,-3.1250000000000098,869.5652173913044,2.981366459627329,
69a0d3abad65c088f7a9c6ff,A vendre un s+3 cit les palmerais l'aouina,360000.0,Tunis,Appartement,164.0,1,1,vente,https://www.lecarre9.com/bien/details/117158-a-vendre-un-s3-a-cite-les-palmerais-l-aouina,vente,False,2195.121951219512,2121.212121212121,-3.484320557491293,891.304347826087,2.971014492753623,
69a0c852ad65c088f7a9c587,Vente A vendre Villa OCIANA S+4,550000.0,Tunis,Appartement,250.0,1,1,vente,https://oasisimmobilier.com/vente/Tunisie/hammamet-sud/a-vendre-villa-ociana/id%2C152.html,vente,False,2200.0,2121.212121212121,-3.7142857142857233,1358.695652173913,2.9644268774703555,
69922860b4db7c7155569b36,PROPOS DE CE BIEN,550000.0,Tunis,Appartement,247.0,3,1,vente,https://www.immo-dulac.com/bien/details/120610-rdc-s4-standing,vente,False,2226.7206477732793,2121.212121212121,-4.973973395026035,1342.3913043478262,2.928853754940712,
69a0d389ad65c088f7a9c6eb,A vendre un FC dune Caftria cit les Palmeraies,150000.0,Tunis,Appartement,67.0,1,1,vente,https://www.lecarre9.com/bien/details/106910-a-vendre-un-fc-dune-cafeteria-a-cite-les-palmeraies,vente,False,2238.805970149254,2121.212121212121,-5.543710021321979,364.1304347826087,2.913043478260869,
698bb308f3a7d988c9c05e5a,"Appartement A.2.2 S+2 Cite Ennasr 2, Ariana Ville, Ariana",291425.0,Tunis,Appartement,130.0,1,1,vente,https://www.immobilier.com.tn/annonce/26061/appartement-a22-s2,vente,True,2241.730769230769,2121.212121212121,-5.681593406593407,706.5217391304348,2.9092428136107804,
698bb310f3a7d988c9c05e60,"Appartement A.3.2 S+2 Cite Ennasr 2, Ariana Ville, Ariana",291425.0,Tunis,Appartement,130.0,1,1,vente,https://www.immobilier.com.tn/annonce/26066/appartement-a32-s2,vente,True,2241.730769230769,2121.212121212121,-5.681593406593407,706.5217391304348,2.9092428136107804,
698bb30ff3a7d988c9c05e5f,"Appartement A.0.2 S+2 Cite Ennasr 2, Ariana Ville, Ariana",291425.0,Tunis,Appartement,130.0,1,1,vente,https://www.immobilier.com.tn/annonce/26058/appartement-a02-s2,vente,True,2241.730769230769,2121.212121212121,-5.681593406593407,706.5217391304348,2.9092428136107804,
69a0d14bad65c088f7a9c635,V68,450000.0,Tunis,Appartement,200.0,2,1,vente,https://drimmobilier.com/fr/vente/villa-avec-piscine/v68,vente,False,2250.0,2121.212121212121,-6.071428571428581,1086.9565217391305,2.898550724637681,
6990b2a431d6a7e29e31f0a7,Un Appartement S+2 de 110 m Hammam lif,249000.0,Tunis,Appartement,110.0,2,1,vente,https://www.verdar.tn/bien/details/128665-un-appartement-s2-de-110-m-a-hammam-lif,vente,False,2263.6363636363635,2121.212121212121,-6.714285714285719,597.8260869565217,2.8810895756940806,
6992255cb4db7c7155569abb,Villa - Vente - Djerba - Midoun Mdenine Tunisie,1200000.0,Tunis,Appartement,530.0,1,1,vente,https://www.remax-lotophages.com/bien/1510?nom=Villa - Vente - Djerba - Midoun Médenine Tunisie,vente,False,2264.1509433962265,2121.212121212121,-6.738544474393543,2880.4347826086955,2.8804347826086953,
699220f4b4db7c7155569a93,PROPOS DE CE BIEN,355000.0,Ariana,Appartement,78.0,1,1,vente,https://www.sevenrealestate.com.tn/bien/details/122328-un-bureau-en-h2-a-la-soukra,vente,False,4551.282051282052,4252.062662256837,-7.037040909138441,1248.0,4.218591549295775,
69a0d67cad65c088f7a9c744,Appartement s+2 cit Mahrajen,268000.0,Tunis,Appartement,118.0,1,1,vente,https://lodgimmo.com/biens/detail/124962,vente,False,2271.186440677966,2121.212121212121,-7.0702179176755475,641.304347826087,2.8715120051914345,
6990bd9c31d6a7e29e31f2ab,Appartement s+2 Haut standing,205690.0,Tunis,Appartement,90.0,1,1,vente,https://www.metisimmo.tn/bien/details/90205-appartement-s2-haut-standing,vente,True,2285.4444444444443,2121.212121212121,-7.742380952380958,489.1304347826087,2.8535977526332363,
6990bd9831d6a7e29e31f2a9,Appartement s+2 dans une rsidence pieds dans l'eau,205690.0,Tunis,Appartement,90.0,1,1,vente,https://www.metisimmo.tn/bien/details/97829-appartement-s2-dans-une-residence-pieds-dans-l-eau,vente,True,2285.4444444444443,2121.212121212121,-7.742380952380958,489.1304347826087,2.8535977526332363,
699220fcb4db7c7155569a95,PROPOS DE CE BIEN,220000.0,Ariana,Appartement,48.0,1,1,vente,https://www.sevenrealestate.com.tn/bien/details/122327-un-bureau-en-h1-a-la-soukra,vente,False,4583.333333333333,4252.062662256837,-7.790822887371792,768.0,4.189090909090909,
698b9f27b1afddc99cbe6d05,les plus rcentes.,300000.0,Tunis,Appartement,130.0,2,1,vente,https://www.dahmenimmobilier.tn/biens/detail/7937,vente,False,2307.6923076923076,2121.212121212121,-8.791208791208797,706.5217391304348,2.826086956521739,
698bd55c1be0d2f3d728e93f,Immeuble R+2 compos de 3 appartements Boumhel Mont Blanc,450000.0,Tunis,Appartement,195.0,9,1,vente,https://www.verdar.tn/bien/details/127813-immeuble-r2-compose-de-3-appartements-a-boumhel-mont-blanc,vente,False,2307.6923076923076,2121.212121212121,-8.791208791208797,1059.7826086956522,2.8260869565217392,
69a0c4bdad65c088f7a9c529,Un Appartement neuf S+2 de 80 m Ben Arous,185000.0,Tunis,Appartement,80.0,2,1,vente,https://www.verdar.tn/bien/details/129590-un-appartement-neuf-s2-de-80-m-a-ben-arous,vente,False,2312.5,2121.212121212121,-9.017857142857153,434.7826086956522,2.82021151586369,
698bb313f3a7d988c9c05e62,"Appartement A.2.4 S+2 Cite Ennasr 2, Ariana Ville, Ariana",291425.0,Tunis,Appartement,126.0,1,1,vente,https://www.immobilier.com.tn/annonce/26063/appartement-a24-s2,vente,False,2312.8968253968255,2121.212121212121,-9.036564625850357,684.7826086956522,2.8197276501150648,
6990b2a331d6a7e29e31f0a6,Un Appartement s+1 de 60 m Boumhel,139000.0,Tunis,Appartement,60.0,1,1,vente,https://www.verdar.tn/bien/details/128958-un-appartement-s1-de-60-m-a-boumhel,vente,False,2316.6666666666665,2121.212121212121,-9.214285714285717,326.0869565217391,2.8151391929934313,
698bb26af3a7d988c9c05e53,UV4 RENOVE A MENZAH 5,650000.0,Tunis,Appartement,280.0,1,1,vente,https://colombusimmobilier.com/bien/details/18129-uv4-renove-a-menzah-5,vente,False,2321.4285714285716,2121.212121212121,-9.438775510204097,1521.7391304347827,2.8093645484949836,
698b9e962211a108c2dbcab1,villa indpendante Soukra Parc Ariana,1790000.0,Tunis,Appartement,771.0,1,1,vente,https://www.darcomtunisia.com/bien/details/61875-villa-independante-a-soukra-parc,vente,False,2321.6601815823606,2121.212121212121,-9.449694274597007,4190.217391304348,2.809084284673306,
698bb315f3a7d988c9c05e63,"Appartement A.2.3 S+2 Cite Ennasr 2, Ariana Ville, Ariana",291425.0,Tunis,Appartement,125.0,1,1,vente,https://www.immobilier.com.tn/annonce/26062/appartement-a23-s2,vente,True,2331.4,2121.212121212121,-9.908857142857157,679.3478260869565,2.797348859241135,
698bb316f3a7d988c9c05e64,"Appartement A.0.3 S+2 Cite Ennasr 2, Ariana Ville, Ariana",291425.0,Tunis,Appartement,125.0,1,1,vente,https://www.immobilier.com.tn/annonce/26059/appartement-a03-s2,vente,True,2331.4,2121.212121212121,-9.908857142857157,679.3478260869565,2.797348859241135,
698bdd231be0d2f3d728ec36,VENTE VILLA CELLIO S+3,700000.0,Tunis,Appartement,300.0,1,1,vente,https://immobiliere.tn/public/propertie_/vente-villa-cellio-s31820,vente,False,2333.3333333333335,2121.212121212121,-10.000000000000018,1630.4347826086957,2.7950310559006213,
69922835b4db7c7155569b23,PROPOS DE CE BIEN,1050000.0,Tunis,Appartement,450.0,1,1,vente,https://www.immo-dulac.com/bien/details/120471-villa-de-standing-avec-double-facade,vente,False,2333.3333333333335,2121.212121212121,-10.000000000000018,2445.6521739130435,2.795031055900621,
6995d31a8d086219fd25e031,PROPOS DE CE BIEN,580000.0,Nabeul,Appartement,234.0,1,1,vente,https://www.adam-immo.com/bien/details/121546-villa-s4-de-234m-a-beni-khiar-plage,vente,False,2478.6324786324785,2252.252252252252,-10.051282051282048,2730.0,5.6482758620689655,
69a0d354ad65c088f7a9c6d6,PROPOS DE CE BIEN,2350000.0,Tunis,Appartement,1000.0,3,1,vente,https://www.viprealestate.tn/bien/details/129352-a-vendre-villa-darchitecte-de-plain-pied-route-de-gammarth,vente,False,2350.0,2121.212121212121,-10.785714285714295,5434.782608695652,2.7752081406105455,
698bb30df3a7d988c9c05e5d,"Appartement B.3.3 S+2 Cite Ennasr 2, Ariana Ville, Ariana",291425.0,Tunis,Appartement,124.0,1,1,vente,https://www.immobilier.com.tn/annonce/26064/appartement-b33-s2,vente,False,2350.201612903226,2121.212121212121,-10.795218894009228,673.9130434782609,2.774970068367206,
6990b6ae31d6a7e29e31f160,Appartement S+1 - AFH Mrezga,200000.0,Tunis,Appartement,85.0,2,1,vente,https://immoteam.tn/bien/details/35111-appartement-s1---afh-mrezga,vente,False,2352.9411764705883,2121.212121212121,-10.924369747899172,461.95652173913044,2.7717391304347827,
69921640b4db7c71555699e4,VENTE VILLA SABINA S+3,590000.0,Tunis,Appartement,248.0,3,1,vente,https://immobiliere.tn/propertie_/vente-villa-sabina-s36025,vente,False,2379.032258064516,2121.212121212121,-12.15437788018434,1347.8260869565217,2.7413411938098746,
698b9e7cb1afddc99cbe6cee,Les annonces des bureaux vendre,200000.0,Tunis,Appartement,84.0,1,1,vente,https://www.darcomtunisia.com/vente/bureau,vente,False,2380.9523809523807,2121.212121212121,-12.244897959183673,456.5217391304348,2.739130434782609,
6995d6f48d086219fd25e076,Dcouvrez des annonces immobilires,600000.0,Tunis,Appartement,251.0,4,1,vente,https://limmobilier.tn/annonce/villa-guzmania-ref-v2732-7140.html,vente,True,2390.438247011952,2121.212121212121,-12.692088787706327,1364.1304347826087,2.7282608695652173,
6995d6f58d086219fd25e077,Dcouvrez des annonces immobilires,600000.0,Tunis,Appartement,251.0,4,1,vente,https://limmobilier.tn/annonce/appartement-a-vendre-196.html,vente,True,2390.438247011952,2121.212121212121,-12.692088787706327,1364.1304347826087,2.7282608695652173,
6995d6f38d086219fd25e075,Dcouvrez des annonces immobilires,600000.0,Tunis,Appartement,251.0,4,1,vente,https://limmobilier.tn/annonce/appartement-s-1-a-ain-zaghouan-el-wahat-zal1181-7137.html,vente,True,2390.438247011952,2121.212121212121,-12.692088787706327,1364.1304347826087,2.7282608695652173,
6995d6e98d086219fd25e06f,Dcouvrez des annonces immobilires,600000.0,Tunis,Appartement,251.0,4,1,vente,https://limmobilier.tn/annonce/av-hectare-sur-route-goudronnee-a-hamammet-3734.html,vente,True,2390.438247011952,2121.212121212121,-12.692088787706327,1364.1304347826087,2.7282608695652173,
6995d6eb8d086219fd25e070,Dcouvrez des annonces immobilires,600000.0,Tunis,Appartement,251.0,4,1,vente,https://limmobilier.tn/annonce/av-luxueux-triplexe-la-soukra-870md-4791.html,vente,True,2390.438247011952,2121.212121212121,-12.692088787706327,1364.1304347826087,2.7282608695652173,
6995d6e38d086219fd25e06b,Dcouvrez des annonces immobilires,600000.0,Tunis,Appartement,251.0,4,1,vente,https://limmobilier.tn/annonce/llby-fy-ras-aljbl-dar-rby-577.html,vente,True,2390.438247011952,2121.212121212121,-12.692088787706327,1364.1304347826087,2.7282608695652173,
6995d6e08d086219fd25e069,Dcouvrez des annonces immobilires,600000.0,Tunis,Appartement,251.0,4,1,vente,https://limmobilier.tn/annonce/villa-carline-ref-l2997-5618.html,vente,True,2390.438247011952,2121.212121212121,-12.692088787706327,1364.1304347826087,2.7282608695652173,
6995d6ec8d086219fd25e071,Dcouvrez des annonces immobilires,600000.0,Tunis,Appartement,251.0,4,1,vente,https://limmobilier.tn/annonce/a-vendre-maison-la-cigogne-ref-vm1124-251.html,vente,True,2390.438247011952,2121.212121212121,-12.692088787706327,1364.1304347826087,2.7282608695652173,
6995d6e68d086219fd25e06d,Dcouvrez des annonces immobilires,600000.0,Tunis,Appartement,251.0,4,1,vente,https://limmobilier.tn/annonce/villa-la-passiflore-ref-v2692-2757.html,vente,True,2390.438247011952,2121.212121212121,-12.692088787706327,1364.1304347826087,2.7282608695652173,
6995d6e58d086219fd25e06c,Dcouvrez des annonces immobilires,600000.0,Tunis,Appartement,251.0,4,1,vente,https://limmobilier.tn/annonce/villa-monia-ref-l942-10561.html,vente,True,2390.438247011952,2121.212121212121,-12.692088787706327,1364.1304347826087,2.7282608695652173,
6995d6e88d086219fd25e06e,Dcouvrez des annonces immobilires,600000.0,Tunis,Appartement,251.0,4,1,vente,https://limmobilier.tn/annonce/a-vendre-une-belle-appartement-a-ariana-soghra-225.html,vente,True,2390.438247011952,2121.212121212121,-12.692088787706327,1364.1304347826087,2.7282608695652173,
6995d6f08d086219fd25e073,Dcouvrez des annonces immobilires,600000.0,Tunis,Appartement,251.0,4,1,vente,https://limmobilier.tn/annonce/vente-fond-de-commerce-boutique-monastir-r6-centre-ville-1141.html,vente,True,2390.438247011952,2121.212121212121,-12.692088787706327,1364.1304347826087,2.7282608695652173,
6995d6f18d086219fd25e074,Dcouvrez des annonces immobilires,600000.0,Tunis,Appartement,251.0,4,1,vente,https://limmobilier.tn/annonce/bel-appartement-rdc-s-2-a-vendre-a-afh-mrezga-51355351-4020.html,vente,True,2390.438247011952,2121.212121212121,-12.692088787706327,1364.1304347826087,2.7282608695652173,
6995d6e28d086219fd25e06a,Dcouvrez des annonces immobilires,600000.0,Tunis,Appartement,251.0,4,1,vente,https://limmobilier.tn/annonce/appartement-rdc-s-1-avec-jardin-a-hammamet-a-vendre-51355351-8728.html,vente,True,2390.438247011952,2121.212121212121,-12.692088787706327,1364.1304347826087,2.7282608695652173,
6995ec1c8d086219fd25e124,V 115,1200000.0,Tunis,Appartement,500.0,3,1,vente,https://drimmobilier.com/fr/vente/vip-villa/v-115,vente,False,2400.0,2121.212121212121,-13.142857142857153,2717.391304347826,2.717391304347826,
698b9e862211a108c2dbcaa7,opportunit s+2 Cit Wahat Tunis,240000.0,Tunis,Appartement,100.0,1,1,vente,https://www.darcomtunisia.com/bien/details/128239-opportunite-s2-a-cite-wahat,vente,False,2400.0,2121.212121212121,-13.142857142857153,543.4782608695652,2.717391304347826,
69922923b4db7c7155569b56,PROPOS DE CE BIEN,1200000.0,Tunis,Appartement,500.0,2,1,vente,https://www.immobiliere-casabella.com/bien/details/49324-une-luxueuse-villa-a-khzema-ouest,vente,False,2400.0,2121.212121212121,-13.142857142857153,2717.391304347826,2.717391304347826,
698b9fae2211a108c2dbcad8,Villa avec jardin M9,1450000.0,Tunis,Appartement,600.0,1,1,vente,https://colombusimmobilier.com/bien/details/22122-villa-avec-jardin-m9,vente,False,2416.6666666666665,2121.212121212121,-13.928571428571432,3260.8695652173915,2.6986506746626686,
6992130db4db7c715556998b,Opportunit S1 chotrana 1 Soukra Ariana,155000.0,Tunis,Appartement,64.0,1,1,vente,https://www.darcomtunisia.com/bien/details/127898-opportunite-s1-a-chotrana-1-soukra,vente,False,2421.875,2121.212121212121,-14.174107142857153,347.82608695652175,2.6928471248246844,
698be1961be0d2f3d728ecd7,PROPOS DE CE BIEN,200000.0,Tunis,Appartement,82.0,1,1,vente,https://www.adam-immo.com/bien/details/18861-a-vendre-bureau-de-82m-a-nabeul,vente,False,2439.0243902439024,2121.212121212121,-14.982578397212553,445.6521739130435,2.6739130434782608,
6990b8c731d6a7e29e31f212,vendre appartement s+3 125m ezzahra quartier calme et stra,305000.0,Tunis,Appartement,125.0,3,1,vente,https://tunisiapromo.com/annonce/a-vendre-appartement-s-3-125m-a-ezzahra-quartier-calme-et-stra-z156033.html,vente,False,2440.0,2121.212121212121,-15.02857142857144,679.3478260869565,2.6728439059158946,
698bd5741be0d2f3d728e94a,Une Villa de 400 m sur un Terrain de 450 m Blair Boumhel,980000.0,Tunis,Appartement,400.0,5,1,vente,https://www.verdar.tn/bien/details/97543-une-villa-de-400-m-sur-un-terrain-de-450-m-a-belair-boumhel,vente,False,2450.0,2121.212121212121,-15.50000000000001,2173.913043478261,2.661934338952973,
6990b6cd31d6a7e29e31f16b,Biens la vente,445000.0,Tunis,Appartement,180.0,2,1,vente,https://luxury-elite-immobilier.com/vente.php,vente,True,2472.222222222222,2121.212121212121,-16.547619047619055,978.2608695652174,2.638006839276991,
69921fbab4db7c7155569a60,Biens la vente,445000.0,Tunis,Appartement,180.0,2,1,vente,https://www.luxury-elite-immobilier.com/vente.php,vente,True,2472.222222222222,2121.212121212121,-16.547619047619055,978.2608695652174,2.638006839276991,
698b9e73b1afddc99cbe6ce8,Liste des duplex vendre,620000.0,Tunis,Appartement,250.0,1,1,vente,https://www.darcomtunisia.com/vente/duplex,vente,True,2480.0,2121.212121212121,-16.914285714285725,1358.695652173913,2.6297335203366057,
698b9e74b1afddc99cbe6ce9,Duplex de 250 m avec jardin de 110m Soukra Ariana,620000.0,Tunis,Appartement,250.0,1,1,vente,https://www.darcomtunisia.com/bien/details/48707-duplex-de-250-m-avec-jardin-de-110m-a-soukra,vente,True,2480.0,2121.212121212121,-16.914285714285725,1358.695652173913,2.6297335203366057,
69a0d168ad65c088f7a9c64a,V195,250000.0,Tunis,Appartement,100.0,1,1,vente,https://drimmobilier.com/fr/vente/villa/v195,vente,True,2500.0,2121.212121212121,-17.85714285714287,543.4782608695652,2.608695652173913,
6995ec188d086219fd25e122,V182,580000.0,Tunis,Appartement,232.0,2,1,vente,https://drimmobilier.com/fr/vente/vip-villa/v182,vente,False,2500.0,2121.212121212121,-17.85714285714287,1260.8695652173913,2.608695652173913,
6995ecaa8d086219fd25e14c,Vente villa tulipe S+5,1800000.0,Tunis,Appartement,720.0,1,1,vente,"https://speranzaimmobiliere.com/vente/Tunisie/hammamet-nord/villa-tulipe/id,38.html",vente,False,2500.0,2121.212121212121,-17.85714285714287,3913.0434782608695,2.608695652173913,
698ba07b2211a108c2dbcae1,A vendre une villa inacheve Gammarth,200000.0,Tunis,Appartement,80.0,1,1,vente,https://www.expatries-tunisie.com/bien/details/6527-a-vendre-une-villa-inachevee-a-gammarth,vente,False,2500.0,2121.212121212121,-17.85714285714287,434.7826086956522,2.608695652173913,
69a0d5ccad65c088f7a9c73f,A VENDRE : appartement S+3 BELLEVUE / EL OUERDIA,400000.0,Tunis,Appartement,160.0,1,1,vente,https://vecteurimmo.com.tn/bien/details/112949-a-vendre-appartement-s3-a-bellevue-el-ouerdia,vente,False,2500.0,2121.212121212121,-17.85714285714287,869.5652173913044,2.608695652173913,
6995d65f8d086219fd25e05c,Appartement MARINA,360000.0,Tunis,Appartement,144.0,3,1,vente,https://immoteam.tn/bien/details/40153-appartement-marina,vente,False,2500.0,2121.212121212121,-17.85714285714287,782.608695652174,2.608695652173913,
6990b2b531d6a7e29e31f0a9,Terrain de 360m2 Gammarth,900000.0,Tunis,Appartement,360.0,1,1,vente,"https://www.easyhome.tn/vente/terrain-constructible-360-m2-tunis,VT700",vente,False,2500.0,2121.212121212121,-17.85714285714287,1956.5217391304348,2.608695652173913,
6990ae0431d6a7e29e31f060,VENTE VILLA SABEEL S+5,1750000.0,Tunis,Appartement,700.0,1,1,vente,https://immobiliere.tn/propertie_/vente-villa-sabeel-s5439,vente,False,2500.0,2121.212121212121,-17.85714285714287,3804.3478260869565,2.608695652173913,
69a0d14cad65c088f7a9c636,V194,250000.0,Tunis,Appartement,100.0,1,1,vente,https://drimmobilier.com/fr/vente/villa/v194,vente,True,2500.0,2121.212121212121,-17.85714285714287,543.4782608695652,2.608695652173913,
698bd2431be0d2f3d728e934,"Bureau A+2 pour la vente Carthage, Carthage, Tunis",226000.0,Tunis,Appartement,90.0,3,1,vente,https://www.immobilier.com.tn/annonce/24055/bureau-a2-pour-la-vente,vente,False,2511.1111111111113,2121.212121212121,-18.3809523809524,489.1304347826087,2.597152751058099,
6995d6498d086219fd25e052,Villa SUMMER,680000.0,Tunis,Appartement,270.0,4,1,vente,https://immoteam.tn/bien/details/33580-villa-summer,vente,False,2518.5185185185187,2121.212121212121,-18.73015873015875,1467.3913043478262,2.589514066496164,
69a0d020ad65c088f7a9c5df,A vendre appartement lafayette centre ville tunis,240000.0,Tunis,Appartement,95.0,4,1,vente,https://ballouchi.com/annonces/immobilier/appartements/a-vendre-appartement-a-lafayette-centre-ville-tunis-6.html,vente,False,2526.315789473684,2121.212121212121,-19.097744360902265,516.304347826087,2.581521739130435,
698bb312f3a7d988c9c05e61,"Appartement A.3.3 S+2 Cite Ennasr 2, Ariana Ville, Ariana",291425.0,Tunis,Appartement,115.0,1,1,vente,https://www.immobilier.com.tn/annonce/26067/appartement-a33-s2,vente,False,2534.1304347826085,2121.212121212121,-19.466149068322984,625.0,2.5735609505018444,
698b9fb9b1afddc99cbe6d1f,Appartement de prestige,355000.0,Tunis,Appartement,140.0,2,1,vente,https://colombusimmobilier.com/bien/details/17377-appartement-de-prestige,vente,False,2535.714285714286,2121.212121212121,-19.540816326530628,760.8695652173914,2.5719534598897735,
69a0d5d4ad65c088f7a9c741,A VENDRE : appartement S+2 haut standing Bellevue,280000.0,Tunis,Appartement,110.0,1,1,vente,https://vecteurimmo.com.tn/bien/details/117053-a-vendre-appartement-s2-haut-standing-a-bellevue,vente,False,2545.4545454545455,2121.212121212121,-20.00000000000001,597.8260869565217,2.562111801242236,
698b9f98b1afddc99cbe6d16,Villa Vendre M9,1400000.0,Tunis,Appartement,550.0,1,1,vente,https://colombusimmobilier.com/bien/details/81433-villa-a-vendre-m9,vente,False,2545.4545454545455,2121.212121212121,-20.00000000000001,2989.130434782609,2.5621118012422364,
698bb303f3a7d988c9c05e56,Vente d'un appartement s2 El Manar 2 Tunis,220000.0,Tunis,Appartement,86.0,1,1,vente,https://www.immobilier.com.tn/annonce/27421/vente-dun-appartement-s2-a-el-manar-2,vente,False,2558.139534883721,2121.212121212121,-20.598006644518282,467.3913043478261,2.5494071146245063,
698bb304f3a7d988c9c05e57,"Appartement A.2.1 S+3 Cite Ennasr 2, Ariana Ville, Ariana",418944.0,Tunis,Appartement,162.0,1,1,vente,https://www.immobilier.com.tn/annonce/26060/appartement-a21-s3,vente,False,2586.074074074074,2121.212121212121,-21.914920634920637,880.4347826086956,2.521868648627107,
69a0d15cad65c088f7a9c641,V145,480000.0,Tunis,Appartement,185.0,2,1,vente,https://drimmobilier.com/fr/vente/villa-avec-piscine/v145,vente,False,2594.5945945945946,2121.212121212121,-22.316602316602328,1005.4347826086956,2.5135869565217392,
69a0d3e1ad65c088f7a9c71e,A vendre une villa de maitre Gammarth,1300000.0,Tunis,Appartement,500.0,1,1,vente,https://www.lecarre9.com/bien/details/120304-a-vendre-une-villa-de-maitre-a-gammarth,vente,False,2600.0,2121.212121212121,-22.571428571428584,2717.391304347826,2.508361204013378,
6990bfc931d6a7e29e31f2e2,Occasion ne pas rater A vendre un s+2 tantana,260000.0,Tunis,Appartement,100.0,2,1,vente,https://kantaouiimmo.com/bien/details/124834-occasion-a-ne-pas-rater-a-vendre-un-s2-a-tantana,vente,False,2600.0,2121.212121212121,-22.571428571428584,543.4782608695652,2.508361204013378,
698bc8a41be0d2f3d728e692,"Appartement haut standing Ennasr S+2 Ariana, Ariana Ville, Ariana",396000.0,Tunis,Appartement,152.0,2,1,vente,https://www.immobilier.com.tn/annonce/27314/appartement-haut-standing-a-ennasr-s2,vente,False,2605.2631578947367,2121.212121212121,-22.819548872180455,826.0869565217391,2.503293807641634,
69a0d345ad65c088f7a9c6ce,PROPOS DE CE BIEN,570000.0,Tunis,Appartement,217.0,1,1,vente,https://www.viprealestate.tn/bien/details/124120-a-vendre-appartement-s3-avec-jardin-a-la-marsa-cite-el-khalil,vente,False,2626.7281105990783,2121.212121212121,-23.831468071099415,1179.3478260869565,2.482837528604119,
6995cbf18d086219fd25dfc5,"S+2 de 156m au jardin de carthage Carthage, Carthage, Tunis",410000.0,Tunis,Appartement,156.0,1,1,vente,https://www.immobilier.com.tn/annonce/23383/s2-de-156m2-au-jardin-de-carthage,vente,False,2628.2051282051284,2121.212121212121,-23.901098901098923,847.8260869565217,2.481442205726405,
69a0d18dad65c088f7a9c657,BALLOUCHI.COM,1180000.0,Tunis,Appartement,446.0,6,1,vente,https://m.ballouchi.com/annonces/immobilier/villas/villa-melody-4.html,vente,False,2645.7399103139014,2121.212121212121,-24.727738629083934,2423.913043478261,2.4649963154016215,
698b9f4f2211a108c2dbcaca,les plus rcentes.,2200000.0,Tunis,Appartement,830.0,4,1,vente,https://www.dahmenimmobilier.tn/biens/detail/7640,vente,False,2650.602409638554,2121.212121212121,-24.956970740103273,4510.869565217391,2.460474308300395,
698b9ea9b1afddc99cbe6cf1,les plus rcentes.,400000.0,Tunis,Appartement,150.0,2,1,vente,https://www.dahmenimmobilier.tn/biens/detail/6910,vente,False,2666.6666666666665,2121.212121212121,-25.71428571428572,815.2173913043479,2.4456521739130435,
69921fabb4db7c7155569a5c,Coquet appartement,278000.0,Tunis,Appartement,104.0,2,1,vente,https://immoteam.tn/bien/details/35967-coquet-appartement,vente,False,2673.076923076923,2121.212121212121,-26.016483516483518,565.2173913043479,2.439787300594307,
6995ec0e8d086219fd25e11c,V714,350000.0,Tunis,Appartement,130.0,2,1,vente,http://drimmobilier.com/fr/vente/villa-avec-piscine/v714,vente,False,2692.3076923076924,2121.212121212121,-26.923076923076938,706.5217391304348,2.4223602484472044,
698ba1c82211a108c2dbcb43,Immobilier Terrains et Fermes vendre Tunis (33),1350000.0,Tunis,Appartement,500.0,1,1,vente,https://www.behya.tn/annonce-tunisie/terrains-et-fermes-a-vendre-tunis/,vente,True,2700.0,2121.212121212121,-27.285714285714295,2717.391304347826,2.4154589371980677,
6995d32c8d086219fd25e039,PROPOS DE CE BIEN,600000.0,Nabeul,Appartement,209.0,1,1,vente,https://www.adam-immo.com/bien/details/122419-villa-s5-en-duplex-avec-garage-a-beni-khiar-plage,vente,False,2870.813397129187,2252.252252252252,-27.464114832535895,2438.333333333333,4.876666666666666,
6995ecad8d086219fd25e14d,Vente villa passiflore S+4,950000.0,Tunis,Appartement,350.0,4,1,vente,"https://speranzaimmobiliere.com/vente/Tunisie/hammamet/villa-passiflore/id,183.html",vente,False,2714.285714285714,2121.212121212121,-27.959183673469397,1902.1739130434783,2.402745995423341,
6990bfa731d6a7e29e31f2d0,A vendre un s+3 khzema,340000.0,Tunis,Appartement,125.0,3,1,vente,https://kantaouiimmo.com/bien/details/124446-a-vendre-un-s3-a-khzema,vente,False,2720.0,2121.212121212121,-28.228571428571442,679.3478260869565,2.39769820971867,
698b9f76b1afddc99cbe6d11,les plus rcentes.,650000.0,Tunis,Appartement,238.0,2,1,vente,https://www.dahmenimmobilier.tn/biens/detail/7355,vente,False,2731.09243697479,2121.212121212121,-28.75150060024011,1293.4782608695652,2.387959866220736,
698b9fa72211a108c2dbcad6,Appartement S2 Ennasr 2,380000.0,Tunis,Appartement,139.0,1,1,vente,https://colombusimmobilier.com/bien/details/76483-appartement-s2-ennasr-2,vente,False,2733.8129496402876,2121.212121212121,-28.879753340184998,755.4347826086956,2.38558352402746,
698ba1cc2211a108c2dbcb45,Immobilier Terrains et Fermes vendre Ben Arous (12),945000.0,Tunis,Appartement,345.0,1,1,vente,https://www.behya.tn/annonce-tunisie/terrains-et-fermes-a-vendre-ben-arous/,vente,False,2739.1304347826085,2121.212121212121,-29.1304347826087,1875.0,2.380952380952381,
698b9ee9b1afddc99cbe6cfb,les plus rcentes.,250000.0,Tunis,Appartement,91.0,2,1,vente,https://www.dahmenimmobilier.tn/biens/detail/7554,vente,False,2747.252747252747,2121.212121212121,-29.513343799058095,494.5652173913044,2.3739130434782605,
69a0c857ad65c088f7a9c58a,Vente Appartement Le palmier S+3,690000.0,Tunis,Appartement,250.0,1,1,vente,https://oasisimmobilier.com/vente/Tunisie/hammamet-sud/appartement-le-palmier/id%2C9565.html,vente,False,2760.0,2121.212121212121,-30.114285714285728,1358.695652173913,2.3629489603024574,
69922674b4db7c7155569ae9,PROPRITS VENDRE,280000.0,Ben arous,Appartement,580.0,1,1,vente,https://www.houch-immo.com/vente,vente,True,482.7586206896552,370.6737322140555,-30.23815251383209,3693.4937611408195,15.829258976317798,
69922664b4db7c7155569ae2,Liste des terrains vendre,280000.0,Ben arous,Appartement,580.0,1,1,vente,https://www.houch-immo.com/vente/terrain,vente,True,482.7586206896552,370.6737322140555,-30.23815251383209,3693.4937611408195,15.829258976317798,
698b9e5fb1afddc99cbe6cdb,A vendre S+2 Chotrana I Ariana,310000.0,Tunis,Appartement,112.0,1,1,vente,https://www.darcomtunisia.com/bien/details/93404-a-vendre-s2-a-chotrana-i,vente,False,2767.8571428571427,2121.212121212121,-30.484693877551024,608.695652173913,2.356241234221599,
698be1a01be0d2f3d728ecdb,PROPOS DE CE BIEN,220000.0,Tunis,Appartement,79.0,1,1,vente,https://www.adam-immo.com/bien/details/120507-local-commercial-de-79m-au-centre-ville-de-nabeul,vente,True,2784.8101265822784,2121.212121212121,-31.283905967450277,429.34782608695656,2.3418972332015815,
698be1871be0d2f3d728ecd0,Liste locaux commerciaux et bureaux vendre,220000.0,Tunis,Appartement,79.0,1,1,vente,https://www.adam-immo.com/vente/local-commercial-et-bureau,vente,True,2784.8101265822784,2121.212121212121,-31.283905967450277,429.34782608695656,2.3418972332015815,
69921645b4db7c71555699e6,VENTE APPARTEMENT WAJIH HAMMAMET,220000.0,Tunis,Appartement,79.0,1,1,vente,https://immobiliere.tn/propertie_/vente-appartement-wajih-hammamet948,vente,True,2784.8101265822784,2121.212121212121,-31.283905967450277,429.34782608695656,2.3418972332015815,
69921359b4db7c7155569991,les plus rcentes.,195000.0,Tunis,Appartement,70.0,2,1,vente,https://www.dahmenimmobilier.tn/biens/detail/7928,vente,False,2785.714285714286,2121.212121212121,-31.326530612244913,380.4347826086957,2.3411371237458196,
6992210db4db7c7155569a99,Vente appartement latifa hammamet,290000.0,Tunis,Appartement,104.0,1,1,vente,https://tunisiapromo.com/annonce/vente-appartement-latifa-a-hammamet-z146100.html,vente,False,2788.4615384615386,2121.212121212121,-31.45604395604397,565.2173913043479,2.3388305847076465,
6990b9c731d6a7e29e31f216,Vente appartement citronelle sidi mahressi,335000.0,Tunis,Appartement,120.0,1,1,vente,https://tunisiapromo.com/annonce/vente-appartement-citronelle-a-sidi-mahressi-z131228.html,vente,False,2791.6666666666665,2121.212121212121,-31.60714285714286,652.1739130434783,2.336145360155743,
698b9fa02211a108c2dbcad4,VILLA AVEC PISCINE MANAR 1,1260000.0,Tunis,Appartement,451.0,1,1,vente,https://colombusimmobilier.com/bien/details/20746-villa-avec-piscine-manar-1,vente,False,2793.7915742793793,2121.212121212121,-31.707317073170753,2451.086956521739,2.3343685300207038,
698bd5611be0d2f3d728e941,Une Villa de 250 m sur Un Terrain de 12000 m Mornag,700000.0,Tunis,Appartement,250.0,3,1,vente,https://www.verdar.tn/bien/details/112973-une-villa-de-250-m-sur-un-terrain-de-12000-m-a-mornag,vente,False,2800.0,2121.212121212121,-32.000000000000014,1358.695652173913,2.329192546583851,
6990b9d831d6a7e29e31f218,Vente appartement sidi mahressi,310000.0,Tunis,Appartement,110.0,1,1,vente,https://tunisiapromo.com/annonce/vente-appartement-sidi-mahressi-z140613.html,vente,False,2818.181818181818,2121.212121212121,-32.85714285714286,597.8260869565217,2.314165497896213,
698bb301f3a7d988c9c05e55,"Appartement A.3.4 S+2 Cite Ennasr 2, Ariana Ville, Ariana",291425.0,Tunis,Appartement,102.0,1,1,vente,https://www.immobilier.com.tn/annonce/26068/appartement-a34-s2,vente,False,2857.107843137255,2121.212121212121,-34.69222689075631,554.3478260869565,2.282636669140766,
698b9e892211a108c2dbcaa9,Fonds de Commerce de 70 m Sidi Bou Sad Tunis,200000.0,Tunis,Appartement,70.0,1,1,vente,https://www.darcomtunisia.com/bien/details/41247-fonds-de-commerce-de-70-m-a-sidi-bou-said,vente,False,2857.1428571428573,2121.212121212121,-34.69387755102043,380.4347826086957,2.282608695652174,
698bb220f3a7d988c9c05e49,les plus rcentes.,1500000.0,Tunis,Appartement,520.0,2,1,vente,https://www.dahmenimmobilier.tn/biens/detail/7422,vente,False,2884.6153846153848,2121.212121212121,-35.98901098901101,2826.086956521739,2.260869565217391,
6990b8a831d6a7e29e31f206,PROPOS DE CE BIEN,1980000.0,Ariana,Appartement,339.0,1,1,vente,https://www.sevenrealestate.com.tn/bien/details/120624-un-triplex-en-s5-avec-piscine-a-la-soukra,vente,False,5840.70796460177,4252.062662256837,-37.36175659983663,5424.0,3.2872727272727276,
6990bd7531d6a7e29e31f29a,A vendre villa en s+4 avec piscine Hammamet nord,940000.0,Tunis,Appartement,321.0,2,1,vente,https://www.metisimmo.tn/bien/details/121375-a-vendre-villa-en-s4-avec-piscine-a-hammamet-nord,vente,False,2928.3489096573207,2121.212121212121,-38.05073431241656,1744.5652173913045,2.2271045328399635,
6995ea518d086219fd25e0c5,"Villa "" LYRA """,880000.0,Tunis,Appartement,300.0,1,1,vente,https://ballouchi.com/annonces/immobilier/villas/villa-lyra-8.html,vente,False,2933.3333333333335,2121.212121212121,-38.285714285714306,1630.4347826086957,2.2233201581027666,
6995d6618d086219fd25e05d,Somptueuse villa,1400000.0,Tunis,Appartement,472.0,4,1,vente,https://immoteam.tn/bien/details/47121-somptueuse-villa,vente,False,2966.101694915254,2121.212121212121,-39.83050847457628,2565.217391304348,2.1987577639751557,
69922820b4db7c7155569b1a,PROPOS DE CE BIEN,270000.0,Tunis,Appartement,91.0,1,1,vente,https://www.immo-dulac.com/bien/details/122109-local-commercial-route-touristique,vente,False,2967.032967032967,2121.212121212121,-39.87441130298274,494.5652173913044,2.1980676328502415,
69a0bd41ad65c088f7a9c440,vendre S+2 au RDC Direct Promoteur AFH2 - 95 m,284370.0,Tunis,Appartement,95.0,1,1,vente,https://century21.tn/property/a-vendre-appartement-s2-au-rdc-dune-residence-a-cite-el-wafa-afh2-nabeul/,vente,False,2993.3684210526317,2121.212121212121,-41.11593984962408,516.304347826087,2.1787291816693197,
698bdcd21be0d2f3d728ec2c,"vendre un terrain de 500m la Marsa La Marsa, Tunis",1500000.0,Tunis,Appartement,500.0,1,1,vente,https://www.immobilier.com.tn/annonce/23972/a-vendre-un-terrain-de-500m2-a-la-marsa,vente,False,3000.0,2121.212121212121,-41.428571428571445,2717.391304347826,2.1739130434782608,
6995ec3f8d086219fd25e133,BALLOUCHI.COM,750000.0,Tunis,Appartement,250.0,3,1,vente,https://m.ballouchi.com/annonces/immobilier/villas/villa-bulgari.html,vente,False,3000.0,2121.212121212121,-41.428571428571445,1358.695652173913,2.1739130434782608,
698bd57b1be0d2f3d728e94d,Un Appartement s+2 de 109 m Boumhel Bassatine,327000.0,Tunis,Appartement,109.0,2,1,vente,https://www.verdar.tn/bien/details/114464-un-appartement-s2-de-109-m-boumhel-bassatine,vente,False,3000.0,2121.212121212121,-41.428571428571445,592.3913043478261,2.173913043478261,
69a0d33cad65c088f7a9c6c9,Liste des terrains vendre,1200000.0,Tunis,Appartement,400.0,1,1,vente,https://www.viprealestate.tn/vente/terrain,vente,False,3000.0,2121.212121212121,-41.428571428571445,2173.913043478261,2.173913043478261,
69922989b4db7c7155569b74,PROPOS DE CE BIEN,180000.0,Tunis,Appartement,60.0,2,1,vente,https://www.immobiliere-casabella.com/bien/details/91524-bureau-a-vendre-a-cite-hached,vente,False,3000.0,2121.212121212121,-41.428571428571445,326.0869565217391,2.1739130434782608,
69922937b4db7c7155569b5c,PROPOS DE CE BIEN,300000.0,Tunis,Appartement,100.0,2,1,vente,https://www.immobiliere-casabella.com/bien/details/87483-appartement-a-vendre-a-hammam-sousse,vente,False,3000.0,2121.212121212121,-41.428571428571445,543.4782608695652,2.173913043478261,
69922930b4db7c7155569b5a,PROPRITS VENDRE,300000.0,Tunis,Appartement,100.0,3,1,vente,https://www.immobiliere-casabella.com/vente,vente,True,3000.0,2121.212121212121,-41.428571428571445,543.4782608695652,2.173913043478261,
698b9fb5b1afddc99cbe6d1e,Villa avec piscine 3 Niveaux Menzah 8,1350000.0,Tunis,Appartement,450.0,3,1,vente,https://colombusimmobilier.com/bien/details/17163-villa-avec-piscine-3-niveaux-menzah-8,vente,False,3000.0,2121.212121212121,-41.428571428571445,2445.6521739130435,2.1739130434782608,
69922993b4db7c7155569b77,Liste des appartements vendre,300000.0,Tunis,Appartement,100.0,3,1,vente,https://www.immobiliere-casabella.com/vente/appartement,vente,True,3000.0,2121.212121212121,-41.428571428571445,543.4782608695652,2.173913043478261,
69a0d3ddad65c088f7a9c71c,A vendre un s3 cit les palmerais l'aouina,335000.0,Tunis,Appartement,110.0,1,1,vente,https://www.lecarre9.com/bien/details/121864-a-vendre-un-s3-a-cite-les-palmerais-l-aouina,vente,False,3045.4545454545455,2121.212121212121,-43.57142857142859,597.8260869565217,2.1414665801427644,
6990ae0531d6a7e29e31f061,VENTE APPARTEMENT GAPIE S+3,490000.0,Tunis,Appartement,160.0,1,1,vente,https://immobiliere.tn/propertie_/vente-appartement-gapie-s3571,vente,True,3062.5,2121.212121212121,-44.375000000000014,869.5652173913044,2.129547471162378,
69922111b4db7c7155569a9a,Vente appartement yani hammamet,490000.0,Tunis,Appartement,160.0,1,1,vente,https://tunisiapromo.com/annonce/vente-appartement-yani-a-hammamet-z148674.html,vente,True,3062.5,2121.212121212121,-44.375000000000014,869.5652173913044,2.129547471162378,
69a0c858ad65c088f7a9c58b,Vente appartement le palmier2 S+3,490000.0,Tunis,Appartement,160.0,3,1,vente,https://oasisimmobilier.com/vente/Tunisie/hammamet/appartement-le-palmier2/id%2C9566.html,vente,False,3062.5,2121.212121212121,-44.375000000000014,869.5652173913044,2.129547471162378,
6992282ab4db7c7155569b1e,PROPOS DE CE BIEN,2550000.0,Tunis,Appartement,830.0,1,1,vente,https://www.immo-dulac.com/bien/details/120482-villa-de-haut-standing-el-kantaoui,vente,False,3072.289156626506,2121.212121212121,-44.836488812392446,4510.869565217391,2.122762148337596,
699214ddb4db7c71555699ab,"Vente villa (Duplex) luxueuse la Soukra La Soukra, La Soukra, Ariana",1027000.0,Tunis,Appartement,334.0,1,1,vente,https://www.immobilier.com.tn/annonce/26743/vente-villa-duplex-luxueuse-a-la-soukra,vente,False,3074.8502994011974,2121.212121212121,-44.957228400342174,1815.217391304348,2.1209940307353627,
69a0d18fad65c088f7a9c658,BALLOUCHI.COM,960000.0,Tunis,Appartement,312.0,1,1,vente,https://m.ballouchi.com/annonces/immobilier/terrains-agricoles-fermes/30-hectares-propices-a-tous-les-arbres-fruitiers.html,vente,False,3076.923076923077,2121.212121212121,-45.05494505494508,1695.6521739130435,2.119565217391304,
6990bfba31d6a7e29e31f2da,A vendre Superbes Appartements Sahloul,370000.0,Tunis,Appartement,120.0,1,1,vente,https://kantaouiimmo.com/bien/details/123591-a-vendre-superbes-appartements-a-sahloul,vente,False,3083.3333333333335,2121.212121212121,-45.35714285714288,652.1739130434783,2.115158636897767,
6990acc731d6a7e29e31f014,A vendre une villa Kheireddine,1250000.0,Tunis,Appartement,405.0,1,1,vente,https://www.expatries-tunisie.com/bien/details/6535-a-vendre-une-villa-a-kheireddine,vente,False,3086.41975308642,2121.212121212121,-45.50264550264552,2201.086956521739,2.1130434782608694,
698ba0af2211a108c2dbcb00,"Vente Duplex - Carthage, Carthage, Tunis Carthage, Carthage, Tunis",996000.0,Tunis,Appartement,322.0,1,1,vente,https://www.immobilier.com.tn/annonce/22922/vente-duplex-carthage-carthage-tunis,vente,False,3093.167701863354,2121.212121212121,-45.820763087843844,1750.0,2.108433734939759,
6995eca78d086219fd25e14b,Vente apparemment RDC Najet S+3,650000.0,Tunis,Appartement,210.0,3,1,vente,"http://www.speranzaimmobiliere.com/vente/Tunisie/hammamet/maison-s2/id,7.html",vente,False,3095.2380952380954,2121.212121212121,-45.9183673469388,1141.304347826087,2.107023411371238,
6995ca8f8d086219fd25dfab,s+3 Ain Zaghouan Tunis,370000.0,Tunis,Appartement,119.0,1,1,vente,https://www.darcomtunisia.com/bien/details/40903-s3-a-ain-zaghouan,vente,False,3109.2436974789916,2121.212121212121,-46.57863145258105,646.7391304347826,2.0975323149236194,
6995d3238d086219fd25e035,PROPOS DE CE BIEN,530000.0,Nabeul,Appartement,160.0,1,1,vente,https://www.adam-immo.com/bien/details/111246-villa-s4-a-beni-khiar-plage-avec-piscine,vente,False,3312.5,2252.252252252252,-47.075,1866.6666666666665,4.226415094339623,
698bd2a71be0d2f3d728e93e,VENTE VILLA MARTIN S+4,750000.0,Tunis,Appartement,240.0,1,1,vente,https://immobiliere.tn/propertie_/vente-villa-martin-s42252,vente,False,3125.0,2121.212121212121,-47.321428571428584,1304.3478260869565,2.0869565217391304,
6990b89a31d6a7e29e31f201,PROPOS DE CE BIEN,2100000.0,Tunis,Appartement,670.0,1,1,vente,https://www.sevenrealestate.com.tn/bien/details/122009-une-villa-a-la-marsa-ville,vente,False,3134.3283582089553,2121.212121212121,-47.76119402985076,3641.304347826087,2.080745341614907,
69a0d146ad65c088f7a9c631,V715,550000.0,Tunis,Appartement,175.0,3,1,vente,http://drimmobilier.com/fr/vente/villa-avec-piscine/v715,vente,False,3142.8571428571427,2121.212121212121,-48.163265306122454,951.0869565217391,2.075098814229249,
6990bd6131d6a7e29e31f291,Un RDC en S+1 en Bord de Mer,205690.0,Tunis,Appartement,65.0,1,1,vente,https://www.metisimmo.tn/bien/details/89248-un-rdc-en-s1-en-bord-de-mer,vente,False,3164.4615384615386,2121.212121212121,-49.18175824175826,353.2608695652174,2.0609317102351152,
69a0d360ad65c088f7a9c6dc,PROPRITS VENDRE,1750000.0,Tunis,Appartement,553.0,1,1,vente,https://www.viprealestate.tn/vente,vente,True,3164.5569620253164,2121.212121212121,-49.1862567811935,3005.4347826086955,2.0608695652173914,
69a0d36bad65c088f7a9c6e2,Liste des maisons ou villas vendre,1750000.0,Tunis,Appartement,553.0,1,1,vente,https://www.viprealestate.tn/vente/maison,vente,True,3164.5569620253164,2121.212121212121,-49.1862567811935,3005.4347826086955,2.0608695652173914,
69a0c801ad65c088f7a9c576,Deux Appartements OLIVO,380000.0,Tunis,Appartement,120.0,4,1,vente,https://immoteam.tn/bien/details/40467-deux-appartements-olivo,vente,False,3166.6666666666665,2121.212121212121,-49.28571428571429,652.1739130434783,2.059496567505721,
69a0c84bad65c088f7a9c582,Vente A vendre Villa grece Hammamet S+3,665000.0,Tunis,Appartement,210.0,1,1,vente,"https://oasisimmobilier.com/vente/Tunisie/hammamet/a-vendre-villa-grece-hammamet/id,9667.html",vente,False,3166.6666666666665,2121.212121212121,-49.28571428571429,1141.304347826087,2.059496567505721,
698bd56a1be0d2f3d728e945,Une villa de 300 m Sur Un Terrain de 750 m Mornag,950000.0,Tunis,Appartement,300.0,7,1,vente,https://www.verdar.tn/bien/details/95876-une-villa-de-300-m-sur-un-terrain-de-750-m-a-mornag,vente,False,3166.6666666666665,2121.212121212121,-49.28571428571429,1630.4347826086957,2.059496567505721,
69a0ca8dad65c088f7a9c5c7,Dtail du bien,350000.0,Tunis,Appartement,110.0,1,1,vente,https://casaimmo.tn/biens/detail/129582,vente,False,3181.818181818182,2121.212121212121,-50.00000000000002,597.8260869565217,2.049689440993789,
698bb306f3a7d988c9c05e58,"Un magnifique S+3 avec jardin et piscine aux berges du lac Berges Du Lac 1, La Marsa, Tunis",790000.0,Tunis,Appartement,246.0,1,1,vente,https://www.immobilier.com.tn/annonce/15369/un-magnifique-s3-avec-jardin-et-piscine-aux-berges-du-lac,vente,False,3211.3821138211383,2121.212121212121,-51.393728222996536,1336.9565217391305,2.030820033021464,
69921bc0b4db7c7155569a21,S+4 de 195 m avec jardin de 124m,630000.0,Tunis,Appartement,195.0,5,1,vente,"https://www.easyhome.tn/vente/appartement-duplex-triplex-5-pieces-hammamet-8050,VA5960",vente,False,3230.769230769231,2121.212121212121,-52.307692307692335,1059.7826086956522,2.018633540372671,
698ba1acb1afddc99cbe6d7c,Immobilier Sousse (33),460000.0,Tunis,Appartement,141.0,2,1,vente,https://www.behya.tn/annonce-tunisie/annonces-sousse/,vente,False,3262.4113475177305,2121.212121212121,-53.79939209726445,766.304347826087,1.9990548204158791,
698b9fb1b1afddc99cbe6d1d,A VENDRE S4 ENNASR 2,720000.0,Tunis,Appartement,220.0,1,1,vente,https://colombusimmobilier.com/bien/details/42522-a-vendre-s4-ennasr-2,vente,False,3272.7272727272725,2121.212121212121,-54.28571428571429,1195.6521739130435,1.992753623188406,
698ba197b1afddc99cbe6d74,Vente Appartements (328),460000.0,Tunis,Appartement,140.0,1,1,vente,https://www.behya.tn/annonces-tunisie/annonces-immobilier-tunisie/annonces-appartements-tunisie/,vente,False,3285.714285714286,2121.212121212121,-54.897959183673485,760.8695652173914,1.9848771266540646,
698b9faab1afddc99cbe6d1b,VILLA A VENDRE MANAR 3,1650000.0,Tunis,Appartement,500.0,1,1,vente,https://colombusimmobilier.com/bien/details/106752-villa-a-vendre-manar-3,vente,False,3300.0,2121.212121212121,-55.571428571428584,2717.391304347826,1.9762845849802373,
69a0bfafad65c088f7a9c4bf,"A vendre appartements neufs lac 2 Berges Du Lac 2, La Marsa, Tunis",900000.0,Tunis,Appartement,272.0,1,1,vente,https://www.immobilier.com.tn/annonce/27336/a-vendre-appartements-neufs-lac-2,vente,False,3308.823529411765,2121.212121212121,-55.98739495798321,1478.2608695652175,1.971014492753623,
6995cbf08d086219fd25dfc4,"Vente Duplex aux Jardins de Carthage Carthage, Carthage, Tunis",947000.0,Tunis,Appartement,286.0,1,1,vente,https://www.immobilier.com.tn/annonce/25930/vente-duplex-aux-jardins-de-carthage,vente,False,3311.188811188811,2121.212121212121,-56.09890109890111,1554.3478260869565,1.9696065378081815,
698ba0942211a108c2dbcaee,VENTE / APPARTEMENT S+1 Ennaser 2 Ariana,243000.0,Tunis,Appartement,73.0,1,1,vente,https://www.immobilier.com.tn/annonce/27430/vente-appartement-s1-a-ennaser-2,vente,False,3328.7671232876714,2121.212121212121,-56.92759295499024,396.7391304347826,1.9592055823939885,
69921f90b4db7c7155569a52,Appartement S+2,220000.0,Tunis,Appartement,66.0,2,1,vente,https://immoteam.tn/bien/details/46824-appartement-s2,vente,False,3333.3333333333335,2121.212121212121,-57.14285714285716,358.69565217391306,1.956521739130435,
698bdd251be0d2f3d728ec37,VENTE VILLA SUZANNA S+4,840000.0,Tunis,Appartement,250.0,1,1,vente,https://immobiliere.tn/propertie_/vente-villa-suzanna-s46504,vente,False,3360.0,2121.212121212121,-58.40000000000002,1358.695652173913,1.9409937888198756,
69a0d38ead65c088f7a9c6ee,A vendre S+3 neuf la Nouvelle Soukra,460000.0,Tunis,Appartement,136.0,1,1,vente,https://www.lecarre9.com/bien/details/115688-a-vendre-s3-neuf-a-la-nouvelle-soukra,vente,False,3382.3529411764707,2121.212121212121,-59.45378151260506,739.1304347826087,1.9281663516068055,
69a0d467ad65c088f7a9c71f,???? Prix : 220000 DT,220000.0,Tunis,Appartement,65.0,1,1,vente,https://igh-immo.tn/bien/details/127941-a-vendre-magnifique-appartement-s1-pieds-dans-leau-et-vue-mer-a-chatt-mariem,vente,False,3384.6153846153848,2121.212121212121,-59.56043956043958,353.2608695652174,1.9268774703557308,
6990acd231d6a7e29e31f019,VENTE/ VILLA- MENZAH 1 Tunis,2150000.0,Tunis,Appartement,630.0,1,1,vente,https://www.immobilier.com.tn/annonce/24248/vente-villa-menzah-1,vente,False,3412.6984126984125,2121.212121212121,-60.88435374149661,3423.913043478261,1.911021233569262,
698b9eefb1afddc99cbe6cfc,les plus rcentes.,250000.0,Tunis,Appartement,72.0,2,1,vente,https://www.dahmenimmobilier.tn/biens/detail/7946,vente,False,3472.222222222222,2121.212121212121,-63.69047619047621,391.304347826087,1.8782608695652177,
6995d6898d086219fd25e05f,Vente,390000.0,Tunis,Appartement,110.0,4,1,vente,https://oasisimmobilier.com/vente-villa/,vente,False,3545.4545454545455,2121.212121212121,-67.14285714285715,597.8260869565217,1.839464882943144,
69a0d3a4ad65c088f7a9c6fb,A vendre s+1 direct promoteur la nouvelle Soukra,273000.0,Tunis,Appartement,77.0,1,1,vente,https://www.lecarre9.com/bien/details/114948-a-vendre-s1-direct-promoteur-a-la-nouvelle-soukra,vente,False,3545.4545454545455,2121.212121212121,-67.14285714285715,418.47826086956525,1.839464882943144,
69921fb0b4db7c7155569a5e,Appartement S+2 AFH Mrezga,260000.0,Tunis,Appartement,73.0,2,1,vente,https://immoteam.tn/bien/details/35971-appartement-s2-a-afh-mrezga,vente,False,3561.6438356164385,2121.212121212121,-67.90606653620355,396.7391304347826,1.831103678929766,
6995d32a8d086219fd25e038,PROPOS DE CE BIEN,250000.0,Nabeul,Appartement,66.0,1,1,vente,https://www.adam-immo.com/bien/details/113526-appartement-s1-de-66m-a-afh-mrezga-nabeul,vente,False,3787.878787878788,2252.252252252252,-68.18181818181819,770.0,3.696,
69921f9eb4db7c7155569a57,coquet appartement s+2,490000.0,Tunis,Appartement,137.0,2,1,vente,https://immoteam.tn/bien/details/34451-coquet-appartement-s2,vente,False,3576.6423357664235,2121.212121212121,-68.6131386861314,744.5652173913044,1.8234250221827861,
698ba088b1afddc99cbe6d28,"duplex a vendre Lac 1 El Aouina, La Marsa, Tunis",790000.0,Tunis,Appartement,220.0,1,1,vente,https://www.immobilier.com.tn/annonce/13435/duplex-a-vendre-lac-1,vente,False,3590.909090909091,2121.212121212121,-69.2857142857143,1195.6521739130435,1.8161805173362684,
6990acda31d6a7e29e31f021,"Unique villa style rustique La Marsa, Tunis",1800000.0,Tunis,Appartement,500.0,1,1,vente,https://www.immobilier.com.tn/annonce/23328/unique-villa-style-rustique,vente,False,3600.0,2121.212121212121,-69.71428571428572,2717.391304347826,1.8115942028985508,
6990b2b731d6a7e29e31f0aa,S+2 de 129m avec terrasse,465000.0,Tunis,Appartement,129.0,3,1,vente,"https://www.easyhome.tn/vente/appartement-s-2-3-pieces-hammamet-8050,VA4218",vente,False,3604.6511627906975,2121.212121212121,-69.93355481727576,701.0869565217391,1.8092566619915849,
69921309b4db7c7155569989,opportunit S+4 de 233 m aux Jardins de Carthage Tunis,840000.0,Tunis,Appartement,233.0,1,1,vente,https://www.darcomtunisia.com/bien/details/125145-opportunite-s4-de-233-m-aux-jardins-de-carthage,vente,False,3605.1502145922746,2121.212121212121,-69.9570815450644,1266.304347826087,1.8090062111801242,
69a0d365ad65c088f7a9c6df,PROPOS DE CE BIEN,4000000.0,Tunis,Appartement,1100.0,1,1,vente,https://www.viprealestate.tn/bien/details/129314-a-vendre-murs-commerciaux-dexception-a-gammarth,vente,True,3636.3636363636365,2121.212121212121,-71.42857142857146,5978.260869565218,1.7934782608695656,
69a0d369ad65c088f7a9c6e1,Liste locaux commerciaux et bureaux vendre,4000000.0,Tunis,Appartement,1100.0,1,1,vente,https://www.viprealestate.tn/vente/local-commercial-et-bureau,vente,True,3636.3636363636365,2121.212121212121,-71.42857142857146,5978.260869565218,1.7934782608695656,
698bc93e1be0d2f3d728e6c0,VENTE MAISON NABEUL,600000.0,Tunis,Appartement,165.0,3,1,vente,https://immobiliere.tn/propertie_/vente-maison-a-nabeul7195,vente,False,3636.3636363636365,2121.212121212121,-71.42857142857146,896.7391304347826,1.7934782608695652,
6990bd8031d6a7e29e31f29f,Villa en duplex avec piscine vendre,920000.0,Tunis,Appartement,251.0,1,1,vente,https://www.metisimmo.tn/bien/details/121346-villa-en-duplex-avec-piscine-a-vendre,vente,False,3665.338645418327,2121.212121212121,-72.7945361411497,1364.1304347826087,1.7793005671077504,
6995ca8b8d086219fd25dfa9,A vendre Duplex S+4 chotrana 1 la soukra Ariana,830000.0,Tunis,Appartement,226.0,1,1,vente,https://www.darcomtunisia.com/bien/details/124740-a-vendre-duplex-s4-a-chotrana-1-la-soukra,vente,False,3672.566371681416,2121.212121212121,-73.1352718078382,1228.2608695652175,1.77579884756417,
698b9e61b1afddc99cbe6cdc,A vendre Un Spacieux Appartement S+3 Chotrana La Soukra Ariana,850000.0,Tunis,Appartement,231.0,1,1,vente,https://www.darcomtunisia.com/bien/details/116584-a-vendre-un-spacieux-appartement-s3-a-chotrana-la-soukra,vente,False,3679.65367965368,2121.212121212121,-73.46938775510206,1255.4347826086957,1.772378516624041,
6995d3288d086219fd25e037,PROPOS DE CE BIEN,635000.0,Nabeul,Appartement,161.0,1,1,vente,https://www.adam-immo.com/bien/details/125090-villa-s3-avec-piscine-a-beni-khiar-plage,vente,False,3944.0993788819874,2252.252252252252,-75.11801242236025,1878.3333333333333,3.5496062992125985,
698b9f1e2211a108c2dbcac3,les plus rcentes.,640000.0,Tunis,Appartement,172.0,2,1,vente,https://www.dahmenimmobilier.tn/biens/detail/7910,vente,False,3720.9302325581393,2121.212121212121,-75.41528239202658,934.7826086956522,1.7527173913043481,
699214e0b4db7c71555699ad,"Vente -Villa avec jardin -Ennasr 1 Ariana, Ariana Ville, Ariana",1500000.0,Tunis,Appartement,400.0,1,1,vente,https://www.immobilier.com.tn/annonce/24163/vente-villa-avec-jardin-ennasr-1,vente,False,3750.0,2121.212121212121,-76.7857142857143,2173.913043478261,1.7391304347826086,
6990bd8c31d6a7e29e31f2a4,A Vendre Appartement en S+2,410000.0,Tunis,Appartement,109.0,1,1,vente,https://www.metisimmo.tn/bien/details/120864-a-vendre-appartement-en-s2,vente,False,3761.467889908257,2121.212121212121,-77.32634338138928,592.3913043478261,1.7338282078472962,
69a0d34bad65c088f7a9c6d1,Liste des appartements vendre,530000.0,Tunis,Appartement,140.0,1,1,vente,https://www.viprealestate.tn/vente/appartement,vente,True,3785.714285714286,2121.212121212121,-78.46938775510206,760.8695652173914,1.7227235438884332,
69a0d35cad65c088f7a9c6da,PROPOS DE CE BIEN,530000.0,Tunis,Appartement,140.0,1,1,vente,https://www.viprealestate.tn/bien/details/116451-a-vendre-un-s2-avec-vue-mer-a-gammarth,vente,True,3785.714285714286,2121.212121212121,-78.46938775510206,760.8695652173914,1.7227235438884332,
69921bc5b4db7c7155569a23,S+2 de 103m avec terrasse,390000.0,Tunis,Appartement,103.0,3,1,vente,"https://www.easyhome.tn/vente/appartement-s-2-3-pieces-hammamet-8050,VA6081",vente,False,3786.4077669902913,2121.212121212121,-78.50208044382804,559.7826086956522,1.722408026755853,
698b9f94b1afddc99cbe6d15,Appartement S4 avec grande terrasse,630000.0,Tunis,Appartement,165.0,4,1,vente,https://colombusimmobilier.com/bien/details/106789-appartement-s4-avec-grande-terrasse,vente,False,3818.181818181818,2121.212121212121,-80.0,896.7391304347826,1.7080745341614907,
69a0d3adad65c088f7a9c700,A vendre un appartement S+2 La Nouvelle Soukra,500000.0,Tunis,Appartement,130.0,1,1,vente,https://www.lecarre9.com/bien/details/114143-a-vendre-un-appartement-s2-a-la-nouvelle-soukra,vente,False,3846.153846153846,2121.212121212121,-81.31868131868134,706.5217391304348,1.6956521739130432,
69922927b4db7c7155569b57,Liste Immeubles vendre,860000.0,Tunis,Appartement,223.0,1,1,vente,https://www.immobiliere-casabella.com/vente/immeuble,vente,False,3856.5022421524664,2121.212121212121,-81.806534272902,1211.9565217391305,1.6911021233569263,
69a0bfbead65c088f7a9c4cb,"Vente-Terrain -La Soukra La Soukra, La Soukra, Ariana",1088000.0,Tunis,Appartement,280.0,1,1,vente,https://www.immobilier.com.tn/annonce/24152/vente-terrain-la-soukra,vente,False,3885.714285714286,2121.212121212121,-83.18367346938777,1521.7391304347827,1.6783887468030692,
6995ca948d086219fd25dfae,fonds caf (avec matriel) 100 m boulevard principal J.de Carthage Tunis,390000.0,Tunis,Appartement,100.0,1,1,vente,https://www.darcomtunisia.com/bien/details/116885-fonds-cafe-avec-materiel-100-m-boulevard-principal-jde-carthage,vente,False,3900.0,2121.212121212121,-83.85714285714288,543.4782608695652,1.6722408026755853,
69a0d3a8ad65c088f7a9c6fd,A vendre duplex s+3 la marsa,1100000.0,Tunis,Appartement,280.0,1,1,vente,https://www.lecarre9.com/bien/details/114523-a-vendre-duplex-s3-a-la-marsa,vente,False,3928.5714285714284,2121.212121212121,-85.20408163265307,1521.7391304347827,1.6600790513833994,
69921bb5b4db7c7155569a1c,S+2 de 90m avec terrasse,355000.0,Tunis,Appartement,90.0,3,1,vente,"https://www.easyhome.tn/vente/appartement-s-2-3-pieces-hammamet-8050,VA6104",vente,False,3944.4444444444443,2121.212121212121,-85.95238095238096,489.1304347826087,1.6533986527862827,
69922996b4db7c7155569b78,PROPOS DE CE BIEN,230000.0,Tunis,Appartement,58.0,1,1,vente,https://www.immobiliere-casabella.com/bien/details/34025-un-bureau-a-vendre-a-sousse-ville,vente,False,3965.5172413793102,2121.212121212121,-86.94581280788178,315.2173913043478,1.6446124763705106,
69a0d5c9ad65c088f7a9c73e,A VENDRE : appartement ou bureau S+1 LAFAYETTE / TUNIS CENTRE,299000.0,Tunis,Appartement,75.0,1,1,vente,https://vecteurimmo.com.tn/bien/details/113744-a-vendre-appartement-ou-bureau-s1-a-lafayette-tunis-centre,vente,False,3986.6666666666665,2121.212121212121,-87.94285714285715,407.60869565217394,1.6358877417478552,
6995d3328d086219fd25e03b,PROPOS DE CE BIEN,2000000.0,Nabeul,Appartement,472.0,4,1,vente,https://www.adam-immo.com/bien/details/114914-bungalow-s4-avec-piscine-a-les-deux-oued-hammamet-nord,vente,False,4237.28813559322,2252.252252252252,-88.13559322033899,5506.666666666666,3.304,
6995eca58d086219fd25e14a,Vente,1000000.0,Tunis,Appartement,250.0,5,1,vente,https://speranzaimmobiliere.com/vente-maisons-d-hotes/,vente,False,4000.0,2121.212121212121,-88.57142857142858,1358.695652173913,1.6304347826086956,
69a0bfbcad65c088f7a9c4c9,"A vendre une villa de trs haut standing a la marsa La Marsa, Tunis",2000000.0,Tunis,Appartement,500.0,1,1,vente,https://www.immobilier.com.tn/annonce/23509/a-vendre-une-villa-de-tres-haut-standing-a-la-marsa,vente,False,4000.0,2121.212121212121,-88.57142857142858,2717.391304347826,1.6304347826086956,
698b9fa32211a108c2dbcad5,DUPLEX DE LUX A ENNASER 2,1400000.0,Tunis,Appartement,350.0,1,1,vente,https://colombusimmobilier.com/bien/details/19556-duplex-de-lux-a-ennaser-2,vente,False,4000.0,2121.212121212121,-88.57142857142858,1902.1739130434783,1.6304347826086956,
698bb23ff3a7d988c9c05e4e,les plus rcentes.,3200000.0,Tunis,Appartement,800.0,2,1,vente,https://www.dahmenimmobilier.tn/biens/detail/6661,vente,False,4000.0,2121.212121212121,-88.57142857142858,4347.826086956522,1.6304347826086956,
69a0d16dad65c088f7a9c64d,V22,450000.0,Tunis,Appartement,110.0,2,1,vente,https://drimmobilier.com/fr/vente/villa-avec-piscine/v22,vente,False,4090.909090909091,2121.212121212121,-92.85714285714289,597.8260869565217,1.5942028985507246,
6990bd7b31d6a7e29e31f29d,Appartement en s+2 avec terrasse de 50 M,205690.0,Tunis,Appartement,50.0,1,1,vente,https://www.metisimmo.tn/bien/details/110052-appartement-en-s2-avec-terrasse-de-50-m,vente,False,4113.8,2121.212121212121,-93.93628571428575,271.7391304347826,1.5853320847962427,
6995ca8d8d086219fd25dfaa,A Vendre S+1 Neuf de 61m Chotrana I Ariana,255000.0,Tunis,Appartement,61.0,1,1,vente,https://www.darcomtunisia.com/bien/details/91901-a-vendre-s1-neuf-de-61m-a-chotrana-i,vente,False,4180.327868852459,2121.212121212121,-97.07259953161594,331.5217391304348,1.5601023017902815,
69922941b4db7c7155569b5f,PROPOS DE CE BIEN,670000.0,Tunis,Appartement,160.0,3,1,vente,https://www.immobiliere-casabella.com/bien/details/47709-villa-a-vendre-a-mahdia,vente,False,4187.5,2121.212121212121,-97.4107142857143,869.5652173913044,1.5574302401038287,
69a0c743ad65c088f7a9c567,Ayoub Immobilier Hammamet,380000.0,Tunis,Appartement,90.0,1,1,vente,http://www.ayoubimmobilierhammamet.com/bien/details/11164-appartement-frene,vente,True,4222.222222222223,2121.212121212121,-99.04761904761908,489.1304347826087,1.5446224256292904,
69a0c751ad65c088f7a9c56a,Ayoub Immobilier Hammamet,380000.0,Tunis,Appartement,90.0,1,1,vente,http://www.ayoubimmobilierhammamet.com/bien/details/10720-maison-open,vente,True,4222.222222222223,2121.212121212121,-99.04761904761908,489.1304347826087,1.5446224256292904,
69a0c74cad65c088f7a9c569,Ayoub Immobilier Hammamet,380000.0,Tunis,Appartement,90.0,1,1,vente,http://www.ayoubimmobilierhammamet.com/bien/details/11216-terrain-miramar,vente,True,4222.222222222223,2121.212121212121,-99.04761904761908,489.1304347826087,1.5446224256292904,
69a0c736ad65c088f7a9c564,Ayoub Immobilier Hammamet,380000.0,Tunis,Appartement,90.0,1,1,vente,http://www.ayoubimmobilierhammamet.com/bien/details/10777-villa-dar-ayed,vente,True,4222.222222222223,2121.212121212121,-99.04761904761908,489.1304347826087,1.5446224256292904,
69a0c73fad65c088f7a9c566,Ayoub Immobilier Hammamet,380000.0,Tunis,Appartement,90.0,1,1,vente,http://www.ayoubimmobilierhammamet.com/bien/details/12091-terrain-mahrssi-706,vente,True,4222.222222222223,2121.212121212121,-99.04761904761908,489.1304347826087,1.5446224256292904,
69a0c747ad65c088f7a9c568,Ayoub Immobilier Hammamet,380000.0,Tunis,Appartement,90.0,1,1,vente,http://www.ayoubimmobilierhammamet.com/bien/details/12538-duplex-uib,vente,True,4222.222222222223,2121.212121212121,-99.04761904761908,489.1304347826087,1.5446224256292904,
69a0c755ad65c088f7a9c56b,Ayoub Immobilier Hammamet,380000.0,Tunis,Appartement,90.0,1,1,vente,http://www.ayoubimmobilierhammamet.com/bien/details/12558-appartement-anoir-2,vente,True,4222.222222222223,2121.212121212121,-99.04761904761908,489.1304347826087,1.5446224256292904,
69a0c75ead65c088f7a9c56d,Ayoub Immobilier Hammamet,380000.0,Tunis,Appartement,90.0,1,1,vente,http://www.ayoubimmobilierhammamet.com/bien/details/12208-terrain-hanen,vente,True,4222.222222222223,2121.212121212121,-99.04761904761908,489.1304347826087,1.5446224256292904,
69a0c732ad65c088f7a9c563,Ayoub Immobilier Hammamet,380000.0,Tunis,Appartement,90.0,1,1,vente,http://www.ayoubimmobilierhammamet.com/bien/details/12455-studio-d7,vente,True,4222.222222222223,2121.212121212121,-99.04761904761908,489.1304347826087,1.5446224256292904,
69a0c759ad65c088f7a9c56c,Ayoub Immobilier Hammamet,380000.0,Tunis,Appartement,90.0,1,1,vente,http://www.ayoubimmobilierhammamet.com/bien/details/19307-villa-diamant-2,vente,True,4222.222222222223,2121.212121212121,-99.04761904761908,489.1304347826087,1.5446224256292904,
69a0c73aad65c088f7a9c565,Ayoub Immobilier Hammamet,380000.0,Tunis,Appartement,90.0,1,1,vente,http://www.ayoubimmobilierhammamet.com/bien/details/11076-appartement-khalssi,vente,True,4222.222222222223,2121.212121212121,-99.04761904761908,489.1304347826087,1.5446224256292904,
6990bd6a31d6a7e29e31f295,A Vendre Appartement en S+1,285000.0,Tunis,Appartement,67.0,1,1,vente,https://www.metisimmo.tn/bien/details/120451-a-vendre-appartement-en-s1,vente,False,4253.731343283582,2121.212121212121,-100.53304904051173,364.1304347826087,1.5331807780320366,
698b9f9cb1afddc99cbe6d17,A VENDRE DUPLEX DE LUX ENNASR 2,890000.0,Tunis,Appartement,209.0,1,1,vente,https://colombusimmobilier.com/bien/details/124945-a-vendre-duplex-de-lux-ennasr-2,vente,False,4258.373205741626,2121.212121212121,-100.75187969924812,1135.8695652173913,1.5315095261358085,
698be19f1be0d2f3d728ecda,PROPOS DE CE BIEN,308000.0,Tunis,Appartement,72.0,1,1,vente,https://www.adam-immo.com/bien/details/119607-bureau-72-m-centre-ville-de-tunis,vente,False,4277.777777777777,2121.212121212121,-101.66666666666666,391.304347826087,1.5245623941276116,
69a0c8a0ad65c088f7a9c59a,Dcouvrez des annonces immobilires,880000.0,Tunis,Appartement,204.0,5,1,vente,https://limmobilier.tn/annonce/vlla-3-etage-a-rafraf-plage-581.html,vente,True,4313.725490196079,2121.212121212121,-103.36134453781516,1108.695652173913,1.5118577075098814,
69a0c8a5ad65c088f7a9c59e,Dcouvrez des annonces immobilires,880000.0,Tunis,Appartement,204.0,5,1,vente,https://limmobilier.tn/annonce/appartement-le-papillon-rose-ref-v2761-10283.html,vente,True,4313.725490196079,2121.212121212121,-103.36134453781516,1108.695652173913,1.5118577075098814,
69a0c8a3ad65c088f7a9c59c,Dcouvrez des annonces immobilires,880000.0,Tunis,Appartement,204.0,5,1,vente,https://limmobilier.tn/annonce/occasion-unique-terrain-a-kerkouane-plage-1343.html,vente,True,4313.725490196079,2121.212121212121,-103.36134453781516,1108.695652173913,1.5118577075098814,
69a0c8a4ad65c088f7a9c59d,Dcouvrez des annonces immobilires,880000.0,Tunis,Appartement,204.0,5,1,vente,https://limmobilier.tn/annonce/terrain-roseraie-ref-t1851-5178.html,vente,True,4313.725490196079,2121.212121212121,-103.36134453781516,1108.695652173913,1.5118577075098814,
69a0c89fad65c088f7a9c599,Dcouvrez des annonces immobilires,880000.0,Tunis,Appartement,204.0,5,1,vente,https://limmobilier.tn/annonce/villa-s-4-toute-neuve-avec-jardin-et-piscine-a-hammamet-sud-51355351-7561.html,vente,True,4313.725490196079,2121.212121212121,-103.36134453781516,1108.695652173913,1.5118577075098814,
69a0c89dad65c088f7a9c597,Dcouvrez des annonces immobilires,880000.0,Tunis,Appartement,204.0,5,1,vente,https://limmobilier.tn/annonce/coquette-maison-s-3-a-vendre-a-korba-51355351-8172.html,vente,True,4313.725490196079,2121.212121212121,-103.36134453781516,1108.695652173913,1.5118577075098814,
69a0c895ad65c088f7a9c591,Dcouvrez des annonces immobilires,880000.0,Tunis,Appartement,204.0,5,1,vente,https://limmobilier.tn/annonce/terrain-agricole-nu-et-fertile-2261.html,vente,True,4313.725490196079,2121.212121212121,-103.36134453781516,1108.695652173913,1.5118577075098814,
69a0c89aad65c088f7a9c595,Dcouvrez des annonces immobilires,880000.0,Tunis,Appartement,204.0,5,1,vente,https://limmobilier.tn/annonce/villa-ciel-des-etoiles-ref-v2897-11595.html,vente,True,4313.725490196079,2121.212121212121,-103.36134453781516,1108.695652173913,1.5118577075098814,
69a0c898ad65c088f7a9c593,Dcouvrez des annonces immobilires,880000.0,Tunis,Appartement,204.0,5,1,vente,https://limmobilier.tn/annonce/villa-canna-ref-l2934-3998.html,vente,True,4313.725490196079,2121.212121212121,-103.36134453781516,1108.695652173913,1.5118577075098814,
69a0c894ad65c088f7a9c590,Dcouvrez des annonces immobilires,880000.0,Tunis,Appartement,204.0,5,1,vente,https://limmobilier.tn/annonce/appartement-clara-ref-v2413-4764.html,vente,True,4313.725490196079,2121.212121212121,-103.36134453781516,1108.695652173913,1.5118577075098814,
69a0c896ad65c088f7a9c592,Dcouvrez des annonces immobilires,880000.0,Tunis,Appartement,204.0,5,1,vente,https://limmobilier.tn/annonce/terrain-a-vendre-2266.html,vente,True,4313.725490196079,2121.212121212121,-103.36134453781516,1108.695652173913,1.5118577075098814,
69a0be2cad65c088f7a9c4a7,A vendre Luxueux S+4 la soukra Chotrana II Ariana,770000.0,Tunis,Appartement,178.0,1,1,vente,https://www.darcomtunisia.com/bien/details/110467-a-vendre-luxueux-s4-a-la-soukra-chotrana-ii,vente,False,4325.842696629214,2121.212121212121,-103.93258426966294,967.3913043478261,1.5076228119706383,
69a0d191ad65c088f7a9c659,BALLOUCHI.COM,1350000.0,Tunis,Appartement,312.0,1,1,vente,https://m.ballouchi.com/annonces/immobilier/terrains-agricoles-fermes/11hectares-grenadiers-et-d-oliviers.html,vente,False,4326.923076923077,2121.212121212121,-103.98351648351651,1695.6521739130435,1.507246376811594,
69a0d155ad65c088f7a9c63c,V736,650000.0,Tunis,Appartement,150.0,3,1,vente,http://drimmobilier.com/fr/vente/villa-avec-piscine/v736,vente,False,4333.333333333333,2121.212121212121,-104.28571428571429,815.2173913043479,1.5050167224080269,
69921bb7b4db7c7155569a1d,S+1 de 63 m,275000.0,Tunis,Appartement,63.0,2,1,vente,"https://www.easyhome.tn/vente/appartement-s-1-2-pieces-hammamet-8050,VA5906",vente,False,4365.079365079365,2121.212121212121,-105.78231292517009,342.3913043478261,1.4940711462450595,
698ba099b1afddc99cbe6d35,Vente Bureau en Tunisie,940000.0,Tunis,Appartement,213.0,4,1,vente,https://www.immobilier.com.tn/annonces/particulier/vente/1/bureau/10,vente,False,4413.145539906103,2121.212121212121,-108.0482897384306,1157.608695652174,1.4777983348751158,
6990bd5631d6a7e29e31f28c,A Vendre Appartement en S+1,240000.0,Tunis,Appartement,54.0,1,1,vente,https://www.metisimmo.tn/bien/details/123504-a-vendre-appartement-en-s1,vente,False,4444.444444444444,2121.212121212121,-109.52380952380953,293.47826086956525,1.4673913043478264,
6992299cb4db7c7155569b7a,PROPOS DE CE BIEN,1350000.0,Tunis,Appartement,302.0,1,1,vente,https://www.immobiliere-casabella.com/bien/details/49587-immeuble-a-vendre-a-sahloul-sousse,vente,False,4470.198675496688,2121.212121212121,-110.73793755912962,1641.304347826087,1.458937198067633,
69921bbab4db7c7155569a1e,S+1 de 70m avec jardin de 23m,313250.0,Tunis,Appartement,70.0,2,1,vente,"https://www.easyhome.tn/vente/appartement-s-1-2-pieces-nabeul-8000,VA5696",vente,False,4475.0,2121.212121212121,-110.96428571428574,380.4347826086957,1.4573718727228564,
6990bfc031d6a7e29e31f2dd,A vendre S4 de standing Hammam Sousse,720000.0,Tunis,Appartement,160.0,3,1,vente,https://kantaouiimmo.com/bien/details/123870-a-vendre-s4-de-standing-a-hammam-sousse,vente,False,4500.0,2121.212121212121,-112.14285714285717,869.5652173913044,1.4492753623188406,
69921380b4db7c7155569996,les plus rcentes.,450000.0,Tunis,Appartement,100.0,2,1,vente,https://www.dahmenimmobilier.tn/biens/detail/7926,vente,False,4500.0,2121.212121212121,-112.14285714285717,543.4782608695652,1.4492753623188406,
699214e4b4db7c71555699b0,"A vendre deux villa jumele Gammart, La Marsa, Tunis",1600000.0,Tunis,Appartement,350.0,5,1,vente,https://www.immobilier.com.tn/annonce/26999/a-vendre-deux-villa-jumelee,vente,False,4571.428571428572,2121.212121212121,-115.51020408163268,1902.1739130434783,1.4266304347826089,
698be1851be0d2f3d728eccf,Liste des appartements vendre,335000.0,Tunis,Appartement,73.0,1,1,vente,https://www.adam-immo.com/vente/appartement,vente,True,4589.041095890411,2121.212121212121,-116.34050880626225,396.7391304347826,1.4211550940947437,
69921ccdb4db7c7155569a3a,PROPOS DE CE BIEN,335000.0,Tunis,Appartement,73.0,1,1,vente,https://www.adam-immo.com/bien/details/128335-appartement-s1-vue-mer-de-73m-a-mrezga,vente,True,4589.041095890411,2121.212121212121,-116.34050880626225,396.7391304347826,1.4211550940947437,
6990b2ba31d6a7e29e31f0ac,S+2 de 87m au premier tage,400000.0,Tunis,Appartement,87.0,3,1,vente,"https://www.easyhome.tn/vente/appartement-s-2-3-pieces-hammamet-8050,VA5905",vente,False,4597.701149425287,2121.212121212121,-116.74876847290643,472.82608695652175,1.4184782608695652,
69921bc3b4db7c7155569a22,RDC S+2 de 65m avec une terrasse de 20m,300000.0,Tunis,Appartement,65.0,3,1,vente,"https://www.easyhome.tn/vente/appartement-s-2-3-pieces-hammamet-8050,VA5889",vente,False,4615.384615384615,2121.212121212121,-117.58241758241759,353.2608695652174,1.4130434782608694,
698ba09c2211a108c2dbcaf4,"A vendre une magnifique villa aux berges du lac Berges Du Lac 1, La Marsa, Tunis",2800000.0,Tunis,Appartement,600.0,1,1,vente,https://www.immobilier.com.tn/annonce/1092/a-vendre-une-magnifique-villa-aux-berges-du-lac,vente,False,4666.666666666667,2121.212121212121,-120.00000000000004,3260.8695652173915,1.3975155279503106,
6990b78d31d6a7e29e31f1b0,Vente,350000.0,Tunis,Appartement,75.0,2,1,vente,https://oasisimmobilier.com/achat-immobilier/yasmine-hammamet/,vente,False,4666.666666666667,2121.212121212121,-120.00000000000004,407.60869565217394,1.3975155279503106,
698bd2421be0d2f3d728e933,"A vendre un Local commercial de 96m au Lac2 Berges Du Lac 2, La Marsa, Tunis",450000.0,Tunis,Appartement,96.0,1,1,vente,https://www.immobilier.com.tn/annonce/23884/a-vendre-un-local-commercial-de-96m2-au-lac2,vente,False,4687.5,2121.212121212121,-120.98214285714289,521.7391304347826,1.3913043478260871,
69a0d02aad65c088f7a9c5e2,TERRAIN A CHOUTRAN 3 TUNIS,847200.0,Tunis,Appartement,180.0,2,1,vente,https://ballouchi.com/annonces/immobilier/autres/terrain-a-choutran-3-tunis.html,vente,False,4706.666666666667,2121.212121212121,-121.88571428571433,978.2608695652174,1.3856386254464834,
698ba1eb2211a108c2dbcb53,Immobilier Medenine (225),690000.0,Tunis,Appartement,143.0,2,1,vente,https://www.behya.tn/annonce-tunisie/annonces-medenine/,vente,False,4825.174825174825,2121.212121212121,-127.47252747252749,777.1739130434783,1.3516068052930057,
6992136ab4db7c7155569993,les plus rcentes.,580000.0,Tunis,Appartement,120.0,2,1,vente,https://www.dahmenimmobilier.tn/biens/detail/7881,vente,False,4833.333333333333,2121.212121212121,-127.85714285714288,652.1739130434783,1.3493253373313343,
698bb1ccf3a7d988c9c05e3e,A vendre S+1 Neuf 70 m La Soukra Ariana,340000.0,Tunis,Appartement,70.0,1,1,vente,https://www.darcomtunisia.com/bien/details/119011-a-vendre-s1-neuf-70-m-a-la-soukra,vente,False,4857.142857142857,2121.212121212121,-128.9795918367347,380.4347826086957,1.3427109974424554,
698bb232f3a7d988c9c05e4c,les plus rcentes.,500000.0,Tunis,Appartement,101.0,2,1,vente,https://www.dahmenimmobilier.tn/biens/detail/6474,vente,False,4950.495049504951,2121.212121212121,-133.3804809052334,548.9130434782609,1.317391304347826,
699228fcb4db7c7155569b49,PROPOS DE CE BIEN,270000.0,Tunis,Appartement,54.0,1,1,vente,https://www.immobiliere-casabella.com/bien/details/57349-a-vendre-un-appartement-a-kantaoui,vente,False,5000.0,2121.212121212121,-135.71428571428575,293.47826086956525,1.3043478260869565,
69a0c84fad65c088f7a9c585,Vente Appartement Dalia B01 Yasmine Hammamet S+2,485148.0,Tunis,Appartement,96.0,1,1,vente,https://oasisimmobilier.com/vente/Tunisie/yasmine-hammamet/appartement-dalia-b01-yasmine-hammamet/id%2C158.html,vente,False,5053.625,2121.212121212121,-138.24232142857144,521.7391304347826,1.2905071370421792,
69921361b4db7c7155569992,les plus rcentes.,295000.0,Tunis,Appartement,58.0,2,1,vente,https://www.dahmenimmobilier.tn/biens/detail/7944,vente,False,5086.206896551724,2121.212121212121,-139.7783251231527,315.2173913043478,1.2822402358142964,
698ba1a2b1afddc99cbe6d79,Vente Maisons et Villas (407),760000.0,Tunis,Appartement,147.0,1,1,vente,https://www.behya.tn/annonces-tunisie/annonces-immobilier-tunisie/annonces-maisons-villas-tunisie/,vente,False,5170.068027210885,2121.212121212121,-143.73177842565602,798.9130434782609,1.2614416475972539,
6990b78f31d6a7e29e31f1b1,Vente,798000.0,Tunis,Appartement,151.0,4,1,vente,https://oasisimmobilier.com/achat-immobilier/jardin-de-carthage/,vente,False,5284.76821192053,2121.212121212121,-149.13907284768214,820.6521739130435,1.2340634194181104,
698b9e6db1afddc99cbe6ce4,Liste des villas jumele vendre,960000.0,Tunis,Appartement,180.0,1,1,vente,https://www.darcomtunisia.com/vente/villa/jumelee,vente,False,5333.333333333333,2121.212121212121,-151.42857142857144,978.2608695652174,1.2228260869565215,
6990bfaf31d6a7e29e31f2d4,A vendre un s+3 marina maison de la mer,640000.0,Tunis,Appartement,120.0,3,1,vente,https://kantaouiimmo.com/bien/details/128569-a-vendre-un-s3-a-marina-maison-de-la-mer,vente,False,5333.333333333333,2121.212121212121,-151.42857142857144,652.1739130434783,1.2228260869565217,
698b9ecab1afddc99cbe6cf6,les plus rcentes.,280000.0,Tunis,Appartement,52.0,2,1,vente,https://www.dahmenimmobilier.tn/biens/detail/7628,vente,False,5384.615384615385,2121.212121212121,-153.84615384615387,282.60869565217394,1.2111801242236024,
69a0d3d5ad65c088f7a9c717,A vendre un S2 neuf aux Jardins de Carthage,595000.0,Tunis,Appartement,110.0,1,1,vente,https://www.lecarre9.com/bien/details/121532-a-vendre-un-s2-neuf-aux-jardins-de-carthage,vente,False,5409.090909090909,2121.212121212121,-155.00000000000003,597.8260869565217,1.205699671172817,
69a0c5b0ad65c088f7a9c557,PROPOS DE CE BIEN,130000.0,Tunis,Appartement,24.0,1,1,vente,https://www.adam-immo.com/bien/details/129454-terrain-agricole-titre-de-1-024-m-a-korba,vente,False,5416.666666666667,2121.212121212121,-155.35714285714292,130.43478260869566,1.2040133779264215,
698b9fa6b1afddc99cbe6d1a,Villa de Prestige La Soukra,2200000.0,Tunis,Appartement,400.0,1,1,vente,https://colombusimmobilier.com/bien/details/112386-villa-de-prestige-a-la-soukra,vente,False,5500.0,2121.212121212121,-159.2857142857143,2173.913043478261,1.1857707509881423,
69a0bfbbad65c088f7a9c4c8,"villa lac 2 Berges Du Lac 2, La Marsa, Tunis",3400000.0,Tunis,Appartement,617.0,2,1,vente,https://www.immobilier.com.tn/annonce/26740/villa-lac-2,vente,False,5510.534846029173,2121.212121212121,-159.78235702708963,3353.2608695652175,1.1835038363171355,
698b9e972211a108c2dbcab2,s+3 de 175m +un grand jardin aux Jardins de Carthage Tunis,975000.0,Tunis,Appartement,175.0,1,1,vente,https://www.darcomtunisia.com/bien/details/81466-s3-de-175m-un-grand-jardin-aux-jardins-de-carthage,vente,True,5571.428571428572,2121.212121212121,-162.65306122448985,951.0869565217391,1.1705685618729098,
698b9e71b1afddc99cbe6ce7,Les annonces des appartement vendre,975000.0,Tunis,Appartement,175.0,1,1,vente,https://www.darcomtunisia.com/vente/appartement,vente,True,5571.428571428572,2121.212121212121,-162.65306122448985,951.0869565217391,1.1705685618729098,
6992210ab4db7c7155569a98,Villa marysa hammamet nord les deux oueds ii i,1900000.0,Tunis,Appartement,340.0,1,1,vente,https://tunisiapromo.com/annonce/villa-marysa-hammamet-nord-les-deux-oueds-ii-i-z156030.html,vente,False,5588.235294117647,2121.212121212121,-163.4453781512605,1847.8260869565217,1.1670480549199085,
69a0c4d5ad65c088f7a9c52e,Villa de luxe proximit de la mer,1100000.0,Tunis,Appartement,195.0,4,1,vente,"https://www.easyhome.tn/vente/maison-jumelee-4-pieces-hammamet-8050,VM1167",vente,False,5641.025641025641,2121.212121212121,-165.93406593406596,1059.7826086956522,1.1561264822134387,
6990b88a31d6a7e29e31f1f9,Liste des appartements vendre,800000.0,Tunis,Appartement,138.0,1,1,vente,https://www.sevenrealestate.com.tn/vente/appartement,vente,False,5797.101449275362,2121.212121212121,-173.29192546583852,750.0,1.125,
6990b7fa31d6a7e29e31f1d3,Home In Tunisia,8755000.0,Tunis,Appartement,1500.0,3,1,vente,https://homeintunisia.com/annonces,vente,True,5836.666666666667,2121.212121212121,-175.1571428571429,8152.173913043479,1.117373922975691,
6990b7f831d6a7e29e31f1d2,Home In Tunisia,8755000.0,Tunis,Appartement,1500.0,3,1,vente,https://homeintunisia.com/proprietes,vente,True,5836.666666666667,2121.212121212121,-175.1571428571429,8152.173913043479,1.117373922975691,
6990b7f731d6a7e29e31f1d1,Home In Tunisia,8755000.0,Tunis,Appartement,1500.0,3,1,vente,https://homeintunisia.com/achat,vente,True,5836.666666666667,2121.212121212121,-175.1571428571429,8152.173913043479,1.117373922975691,
698ba0612211a108c2dbcada,A vendre fonds de commerce La Marsa,410000.0,Tunis,Appartement,70.0,1,1,vente,https://www.expatries-tunisie.com/bien/details/6536-a-vendre-fonds-de-commerce-a-la-marsa,vente,False,5857.142857142857,2121.212121212121,-176.12244897959184,380.4347826086957,1.1134676564156947,
6995d78d8d086219fd25e07c,vendre duplex s+2 vue mer au golden tulip gammarth,820000.0,Tunis,Appartement,140.0,1,1,vente,https://tunisiapromo.com/annonce/a-vendre-duplex-s-2-vue-mer-au-golden-tulip-gammarth-z155322.html,vente,False,5857.142857142857,2121.212121212121,-176.12244897959184,760.8695652173914,1.1134676564156947,
698ba1f02211a108c2dbcb55,Immobilier Vente Appartement Tunis (175),820000.0,Tunis,Appartement,140.0,2,1,vente,https://www.behya.tn/annonce-tunisie/vente-appartement-tunis/,vente,False,5857.142857142857,2121.212121212121,-176.12244897959184,760.8695652173914,1.1134676564156947,
6990b2b931d6a7e29e31f0ab,S+3 neuf de 177m2 aux Jardins de Carthage,1036158.0,Tunis,Appartement,175.0,4,1,vente,"https://www.easyhome.tn/vente/appartement-s-3-4-pieces-tunis,VA5718",vente,False,5920.902857142857,2121.212121212121,-179.12827755102043,951.0869565217391,1.1014771374887682,
6990bd7e31d6a7e29e31f29e,vendre villa S+5 avec piscine,1600000.0,Tunis,Appartement,270.0,1,1,vente,https://www.metisimmo.tn/bien/details/121139-a-vendre-villa-s5-avec-piscine,vente,False,5925.925925925926,2121.212121212121,-179.3650793650794,1467.3913043478262,1.1005434782608698,
6990b85a31d6a7e29e31f1e7,Liste locaux commerciaux et bureaux vendre,360000.0,Tunis,Appartement,60.0,1,1,vente,https://www.sevenrealestate.com.tn/vente/local-commercial-et-bureau,vente,True,6000.0,2121.212121212121,-182.85714285714286,326.0869565217391,1.0869565217391304,
6990b86a31d6a7e29e31f1ec,PROPOS DE CE BIEN,360000.0,Tunis,Appartement,60.0,1,1,vente,https://www.sevenrealestate.com.tn/bien/details/123132-des-locaux-commerciaux-a-cite-le-palmerais,vente,True,6000.0,2121.212121212121,-182.85714285714286,326.0869565217391,1.0869565217391304,
6990b89d31d6a7e29e31f202,PROPRITS VENDRE,360000.0,Tunis,Appartement,60.0,1,1,vente,https://www.sevenrealestate.com.tn/vente,vente,True,6000.0,2121.212121212121,-182.85714285714286,326.0869565217391,1.0869565217391304,
69a0d392ad65c088f7a9c6f0,Un projet en cours aux Jardins de Carthage,720000.0,Tunis,Appartement,120.0,1,1,vente,https://www.lecarre9.com/bien/details/111680-un-projet-en-cours-aux-jardins-de-carthage,vente,False,6000.0,2121.212121212121,-182.85714285714286,652.1739130434783,1.0869565217391304,
69922905b4db7c7155569b4c,PROPOS DE CE BIEN,1200000.0,Tunis,Appartement,200.0,1,1,vente,https://www.immobiliere-casabella.com/bien/details/35356-un-local-commercial-a-vendre-a-kantaoui,vente,False,6000.0,2121.212121212121,-182.85714285714286,1086.9565217391305,1.0869565217391306,
698b9e8f2211a108c2dbcaad,"s+2 de 128,86 m aux Jardins de Carthage Tunis",545000.0,Tunis,Appartement,86.0,1,1,vente,https://www.darcomtunisia.com/bien/details/61425-s2-de-12886-m-aux-jardins-de-carthage,vente,False,6337.209302325581,2121.212121212121,-198.7541528239203,467.3913043478261,1.0291184682887915,
6990aefc31d6a7e29e31f066,Vente dun logement tunis,900000.0,Tunis,Appartement,141.0,3,1,vente,https://houni.tn/fr/vente/logement/tunis/g-22,vente,False,6382.978723404255,2121.212121212121,-200.9118541033435,766.304347826087,1.0217391304347827,
6990bd9a31d6a7e29e31f2aa,Local commercial vendre,550000.0,Tunis,Appartement,86.0,1,1,vente,https://www.metisimmo.tn/bien/details/124178-local-commercial-a-vendre,vente,False,6395.3488372093025,2121.212121212121,-201.49501661129568,467.3913043478261,1.0197628458498025,
698ba0972211a108c2dbcaf0,A vendre un Duplex Gammarth Superieur,1300000.0,Tunis,Appartement,200.0,1,1,vente,https://www.immobilier.com.tn/annonce/23377/a-vendre-un-duplex-a-gammarth-superieur,vente,False,6500.0,2121.212121212121,-206.42857142857144,1086.9565217391305,1.0033444816053512,
6990b89031d6a7e29e31f1fb,Liste des maisons ou villas vendre,1650000.0,Tunis,Appartement,250.0,1,1,vente,https://www.sevenrealestate.com.tn/vente/maison,vente,True,6600.0,2121.212121212121,-211.14285714285717,1358.695652173913,0.9881422924901186,
6990b89131d6a7e29e31f1fc,Liste des villas vendre,1650000.0,Tunis,Appartement,250.0,1,1,vente,https://www.sevenrealestate.com.tn/vente/villa,vente,True,6600.0,2121.212121212121,-211.14285714285717,1358.695652173913,0.9881422924901186,
6990b87531d6a7e29e31f1f0,PROPOS DE CE BIEN,1650000.0,Tunis,Appartement,250.0,1,1,vente,https://www.sevenrealestate.com.tn/bien/details/122106-un-duplex-en-s6-aux-jardins-de-carthage,vente,True,6600.0,2121.212121212121,-211.14285714285717,1358.695652173913,0.9881422924901186,
698b9e68b1afddc99cbe6ce1,Une EUPHORIE Chotrana1 Ariana,1665000.0,Tunis,Appartement,237.0,1,1,vente,https://www.darcomtunisia.com/bien/details/24117-une-euphorie-a-chotrana1,vente,False,7025.316455696203,2121.212121212121,-231.1934900542496,1288.0434782608695,0.9283196239717979,
6990b6bb31d6a7e29e31f166,Un duplex charmant S+3,1650000.0,Tunis,Appartement,231.0,2,1,vente,https://immoteam.tn/bien/details/34456-un-duplex-charmant-s3,vente,False,7142.857142857143,2121.212121212121,-236.73469387755105,1255.4347826086957,0.9130434782608696,
69921379b4db7c7155569995,les plus rcentes.,250000.0,Tunis,Appartement,35.0,2,1,vente,https://www.dahmenimmobilier.tn/biens/detail/7958,vente,False,7142.857142857143,2121.212121212121,-236.73469387755105,190.21739130434784,0.9130434782608696,
6990b9b831d6a7e29e31f215,Vente appartement zina hammamet,520000.0,Tunis,Appartement,72.0,1,1,vente,https://tunisiapromo.com/annonce/vente-appartement-zina-hammamet-z152586.html,vente,False,7222.222222222223,2121.212121212121,-240.4761904761905,391.304347826087,0.9030100334448161,
69a0d3dfad65c088f7a9c71d,A vendre un duplex neuf avec piscine aux Jardins de Carthage,1780000.0,Tunis,Appartement,223.0,1,1,vente,https://www.lecarre9.com/bien/details/120924-a-vendre-un-duplex-neuf-avec-piscine-aux-jardins-de-carthage,vente,False,7982.062780269059,2121.212121212121,-276.29724535554135,1211.9565217391305,0.8170493404982903,
6990b89731d6a7e29e31f1ff,PROPOS DE CE BIEN,1800000.0,Tunis,Appartement,223.0,1,1,vente,https://www.sevenrealestate.com.tn/bien/details/119895-triplex-aux-jardins-de-carthage,vente,True,8071.748878923767,2121.212121212121,-280.5253042921205,1211.9565217391305,0.8079710144927538,
698b9e64b1afddc99cbe6cde,Liste des triplex vendre,1800000.0,Tunis,Appartement,223.0,1,1,vente,https://www.darcomtunisia.com/vente/triplex,vente,True,8071.748878923767,2121.212121212121,-280.5253042921205,1211.9565217391305,0.8079710144927538,
69a0c847ad65c088f7a9c581,Vente Appartement Dalia B21 Yasmine Hammamet S+2,511394.0,Tunis,Appartement,63.0,1,1,vente,https://oasisimmobilier.com/vente/Tunisie/yasmine-hammamet/appartement-dalia-b21-yasmine-hammamet/id%2C155.html,vente,False,8117.3650793650795,2121.212121212121,-282.6757823129252,342.3913043478261,0.8034305549486137,
698b9e77b1afddc99cbe6ceb,A vendre S+3 superficie 185 m Chotrana 1 Ariana,1560000.0,Tunis,Appartement,185.0,1,1,vente,https://www.darcomtunisia.com/bien/details/128057-a-vendre-s3-superficie-185-m-a-chotrana-1,vente,False,8432.432432432432,2121.212121212121,-297.5289575289575,1005.4347826086956,0.7734113712374582,
69a0c845ad65c088f7a9c580,Vente Vente Appartement Dalia S+2 Yasmine Hammamet S+2,587056.0,Tunis,Appartement,62.0,1,1,vente,https://oasisimmobilier.com/vente/Tunisie/yasmine-hammamet/vente-appartement-dalia-s2-yasmine-hammamet/id%2C4458.html,vente,False,9468.645161290322,2121.212121212121,-346.3789861751152,336.95652173913044,0.6887721547636962,
698b9f90b1afddc99cbe6d14,STUDIO NEUF AVEC JARDIN A AIN ZAGHOUAN,428000.0,Tunis,Appartement,45.0,1,1,vente,https://colombusimmobilier.com/bien/details/124946-studio-neuf-avec-jardin-a-ain-zaghouan,vente,False,9511.111111111111,2121.212121212121,-348.3809523809524,244.56521739130434,0.685696871190573,
698b9f242211a108c2dbcac4,les plus rcentes.,1700000.0,Tunis,Appartement,177.0,2,1,vente,https://www.dahmenimmobilier.tn/biens/detail/7555,vente,False,9604.5197740113,2121.212121212121,-352.78450363196134,961.9565217391305,0.6790281329923274,
698bb251f3a7d988c9c05e51,les plus rcentes.,6000000.0,Tunis,Appartement,610.0,2,1,vente,https://www.dahmenimmobilier.tn/biens/detail/6890,vente,False,9836.065573770491,2121.212121212121,-363.7002341920375,3315.217391304348,0.6630434782608696,
6992286cb4db7c7155569b3c,PROPOS DE CE BIEN,400000.0,Tunis,Appartement,40.0,1,1,vente,https://www.immo-dulac.com/bien/details/120446-local-commercial,vente,False,10000.0,2121.212121212121,-371.4285714285715,217.3913043478261,0.6521739130434783,
6990b6b631d6a7e29e31f163,Appartement emplacement stratgique,531300.0,Tunis,Appartement,53.0,2,1,vente,https://immoteam.tn/bien/details/46166-appartement-emplacement-strategique,vente,False,10024.528301886792,2121.212121212121,-372.5849056603774,288.04347826086956,0.6505781553040533,
6995d7998d086219fd25e080,Duplex s+3 vue mer au golden tulip gammarth,1580000.0,Tunis,Appartement,155.0,1,1,vente,https://tunisiapromo.com/annonce/duplex-s-3-vue-mer-au-golden-tulip-gammarth-z155349.html,vente,False,10193.548387096775,2121.212121212121,-380.55299539170517,842.3913043478261,0.6397908640616401,
698bb213f3a7d988c9c05e47,les plus rcentes.,4500000.0,Tunis,Appartement,435.0,2,1,vente,https://www.dahmenimmobilier.tn/biens/detail/7508,vente,False,10344.827586206897,2121.212121212121,-387.6847290640394,2364.130434782609,0.6304347826086958,
69a0c854ad65c088f7a9c588,Vente appartement el andalousi S+3,448156.0,Tunis,Appartement,42.0,3,1,vente,https://oasisimmobilier.com/vente/Tunisie/hammamet/appartement-el-andalousi/id%2C2295.html,vente,False,10670.380952380952,2121.212121212121,-403.03224489795923,228.2608695652174,0.6112002148320248,
6995d2888d086219fd25e02a,Rsidence R+4 en cours de construction aux Jardins de Carthage,560371.0,Tunis,Appartement,47.0,1,1,vente,"https://www.easyhome.tn/vente/droit-au-bail-local-commercial-47-m2-tunis,VB064",vente,False,11922.787234042553,2121.212121212121,-462.07425531914896,255.43478260869566,0.5469978623633892,
69a0bfadad65c088f7a9c4bd,"A vendre terrain pour un promoteur Tunis La Soukra, La Soukra, Ariana",1100000.0,Tunis,Appartement,85.0,1,1,vente,https://www.immobilier.com.tn/annonce/23831/a-vendre-terrain-pour-un-promoteur-a-tunis,vente,False,12941.176470588236,2121.212121212121,-510.08403361344546,461.95652173913044,0.5039525691699605,
698b9f02b1afddc99cbe6cff,les plus rcentes.,6000000.0,Tunis,Appartement,435.0,2,1,vente,https://www.dahmenimmobilier.tn/biens/detail/7888,vente,False,13793.103448275862,2121.212121212121,-550.2463054187193,2364.130434782609,0.47282608695652184,
698bb1cdf3a7d988c9c05e3f,vente fonds de commerce et murs 80 m Lac II Tunis,1150000.0,Tunis,Appartement,80.0,1,1,vente,https://www.darcomtunisia.com/bien/details/122484-vente-fonds-de-commerce-et-murs-80-m-lac-ii,vente,False,14375.0,2121.212121212121,-577.6785714285716,434.7826086956522,0.4536862003780718,
69a0d38bad65c088f7a9c6ec,A vendre direct promoteur un s2 Ain Zaghouan nord,525000.0,Tunis,Appartement,36.0,1,1,vente,https://www.lecarre9.com/bien/details/119162-a-vendre-direct-promoteur-un-s2-ain-zaghouan-nord,vente,False,14583.333333333334,2121.212121212121,-587.5000000000001,195.6521739130435,0.44720496894409945,
69921764b4db7c71555699ea,Vente dun logement mednine,590000.0,Tunis,Appartement,40.0,2,1,vente,https://houni.tn/fr/vente/logement/mednine/g-2,vente,False,14750.0,2121.212121212121,-595.357142857143,217.3913043478261,0.4421518054532056,
69a0be2bad65c088f7a9c4a6,"s+3 de 193,84 m avec vue panoramique au Lac II Tunis",1330000.0,Tunis,Appartement,84.0,1,1,vente,https://www.darcomtunisia.com/bien/details/119153-s3-de-19384-m-avec-vue-panoramique-au-lac-ii,vente,False,15833.333333333334,2121.212121212121,-646.4285714285714,456.5217391304348,0.41189931350114417,
69a0c4dbad65c088f7a9c531,S+2 de 117m2 avec terrasse de 31m2,2715000.0,Tunis,Appartement,117.0,3,1,vente,"https://www.easyhome.tn/vente/appartement-s-2-3-pieces-tunis,VA5770",vente,False,23205.128205128207,2121.212121212121,-993.9560439560441,635.8695652173914,0.2810473216430459,
698b9e7db1afddc99cbe6cef,S+1 Sidi Salah Chotrana 1 Ariana,1100000.0,Tunis,Appartement,46.0,1,1,vente,https://www.darcomtunisia.com/bien/details/71183-s1-sidi-salah-chotrana-1,vente,False,23913.043478260868,2121.212121212121,-1027.329192546584,250.0,0.27272727272727276,
6995cbe78d086219fd25dfbf,A vendre une villa duplex avec jardin La Marsa,890000.0,Tunis,Appartement,37.0,1,1,vente,https://www.expatries-tunisie.com/bien/details/6538-a-vendre-une-villa-duplex-avec-jardin-a-la-marsa,vente,False,24054.054054054053,2121.212121212121,-1033.976833976834,201.08695652173913,0.27112848070346846,
69a0c783ad65c088f7a9c56e,???? Appartement S+3 Vendre,520000.0,Tunis,Appartement,17.0,2,1,vente,https://sanaimmobilier.tn/bien/details/129669-a-vendre-appartement-s3,vente,False,30588.235294117647,2121.212121212121,-1342.0168067226894,92.3913043478261,0.21321070234113712,
6992282eb4db7c7155569b20,PROPOS DE CE BIEN,360000.0,Tunis,Appartement,11.0,1,1,vente,https://www.immo-dulac.com/bien/details/120794-a-vendre-bureau-avec-vue-panaromique,vente,False,32727.272727272728,2121.212121212121,-1442.8571428571431,59.78260869565217,0.19927536231884058,
698b9faeb1afddc99cbe6d1c,Villa neuve avec vue panoramique Borj El Amri,695000.0,Tunis,Appartement,20.0,1,1,vente,https://colombusimmobilier.com/bien/details/103273-villa-neuve-avec-vue-panoramique-a-borj-el-amri,vente,False,34750.0,2121.212121212121,-1538.214285714286,108.69565217391305,0.18767594619956207,
698be2dc1be0d2f3d728ecec,???? STUDIO S+0 VENDRE,175000.0,Tunis,Appartement,5.0,1,1,vente,https://sanaimmobilier.tn/bien/details/128346-a-vendre--appartement-s0,vente,False,35000.0,2121.212121212121,-1550.0000000000002,27.17391304347826,0.18633540372670807,
69a0c855ad65c088f7a9c589,Vente Appartement dalia S+1 A13 yasmine Hammamet S+1,368815.0,Tunis,Appartement,9.0,1,1,vente,https://oasisimmobilier.com/vente/Tunisie/yasmine-hammamet/appartement-dalia-s1-a13-yasmine-hammamet/id%2C3410.html,vente,False,40979.444444444445,2121.212121212121,-1831.8880952380955,48.913043478260875,0.1591465970036822,
69a0c85bad65c088f7a9c58d,Vente Appartement Dalia B11 Yasmine Hammamet S+1,375745.0,Tunis,Appartement,7.0,1,1,vente,https://oasisimmobilier.com/vente/Tunisie/yasmine-hammamet/appartement-dalia-b11-yasmine-hammamet/id%2C157.html,vente,False,53677.857142857145,2121.212121212121,-2430.5275510204087,38.04347826086956,0.12149775489505776,
698bc8a61be0d2f3d728e693,"S+3 de 169,7m au jardins de carthage Carthage, Carthage, Tunis",470000.0,Tunis,Appartement,7.0,1,1,vente,https://www.immobilier.com.tn/annonce/23575/s3-de-1697m2-au-jardins-de-carthage,vente,False,67142.85714285714,2121.212121212121,-3065.30612244898,38.04347826086956,0.09713228492136909,
6990b89831d6a7e29e31f200,PROPOS DE CE BIEN,1137000.0,Ariana,Appartement,7.0,1,1,vente,https://www.sevenrealestate.com.tn/bien/details/120598-un-triplex-en-s3-avec-piscine-a-la-soukra,vente,False,162428.57142857142,4252.062662256837,-3719.9947726631194,112.0,0.11820580474934037,
698ba095b1afddc99cbe6d32,Vente Appartement en Tunisie,10000000.0,Tunis,Appartement,86.0,1,1,vente,https://www.immobilier.com.tn/annonces/particulier/vente/1/appartement/3,vente,False,116279.06976744186,2121.212121212121,-5381.727574750831,467.3913043478261,0.056086956521739145,
6990ab8231d6a7e29e31efff,les plus rcentes.,1800000.0,Tunis,Appartement,10.0,2,1,vente,https://www.dahmenimmobilier.tn/biens/detail/8001,vente,False,180000.0,2121.212121212121,-8385.714285714286,54.34782608695652,0.036231884057971016,
698ba08fb1afddc99cbe6d2d,Vente Entrept en Tunisie,10000000.0,Tunis,Appartement,43.0,1,1,vente,https://www.immobilier.com.tn/annonces/particulier/vente/1/entrepot/8,vente,False,232558.13953488372,2121.212121212121,-10863.455149501662,233.69565217391306,0.028043478260869573,
698b9e5eb1afddc99cbe6cda,A Vendre Terrain Chotrana II La Soukra Ariana,1250.0,Tunis,Appartement,3697.0,1,1,vente,https://www.darcomtunisia.com/bien/details/66895-a-vendre-terrain-a-chotrana-ii-la-soukra,location,False,,,,,,0.3381119826886665
698b9e67b1afddc99cbe6ce0,Les annonces des Locaux commerciaux vendre,7000.0,Tunis,Appartement,75.0,1,1,vente,https://www.darcomtunisia.com/vente/local_commercial,location,True,,,,,,93.33333333333333
698b9e6bb1afddc99cbe6ce3,A louer S1 Neuf Chotrana 1 Ariana,11300.0,Tunis,Appartement,64.0,1,1,vente,https://www.darcomtunisia.com/bien/details/128511-a-louer-s1-neuf-a-chotrana-1,location,False,,,,,,176.5625
698b9e70b1afddc99cbe6ce6,Les annonces des Locaux pour professionnels vendre,7000.0,Tunis,Appartement,75.0,1,1,vente,https://www.darcomtunisia.com/vente/pour_professionnels,location,True,,,,,,93.33333333333333
698b9e76b1afddc99cbe6cea,Terrain sidi salah Ariana,720.0,Tunis,Appartement,1354.0,1,1,vente,https://www.darcomtunisia.com/bien/details/76700-terrain-a-sidi-salah,location,False,,,,,,0.5317577548005908
698b9e882211a108c2dbcaa8,s+3 au Lac II Tunis,2750.0,Tunis,Appartement,160.0,1,1,vente,https://www.darcomtunisia.com/bien/details/128899-s3-au-lac-ii,location,False,,,,,,17.1875
698b9e8c2211a108c2dbcaab,vendre locaux tout commerce aux Jardins de Carthage Tunis,7000.0,Tunis,Appartement,75.0,1,1,vente,https://www.darcomtunisia.com/bien/details/83065-a-vendre-locaux-tout-commerce-aux-jardins-de-carthage,location,True,,,,,,93.33333333333333
698b9e8e2211a108c2dbcaac,A vendre Terrain Zone industriel Chotrana Ariana,500.0,Tunis,Appartement,8000.0,1,1,vente,https://www.darcomtunisia.com/bien/details/113093-a-vendre-terrain-zone-industriel-chotrana,location,False,,,,,,0.0625
698b9e912211a108c2dbcaae,S+2 aux jardins de Carthage Tunis,1700.0,Tunis,Appartement,90.0,1,1,vente,https://www.darcomtunisia.com/bien/details/5293-s2-aux-jardins-de-carthage,location,False,,,,,,18.88888888888889
698b9e922211a108c2dbcaaf,bureau de 155 m au Lac II Tunis,4600.0,Tunis,Appartement,155.0,1,1,vente,https://www.darcomtunisia.com/bien/details/85869-bureau-de-155-m-au-lac-ii,location,False,,,,,,29.677419354838708
698b9e942211a108c2dbcab0,Terrain de 808 m Sidi Salah - Soukra Ariana,680.0,Tunis,Appartement,808.0,1,1,vente,https://www.darcomtunisia.com/bien/details/47067-terrain-de-808-m-a-sidi-salah---soukra,location,False,,,,,,0.8415841584158416
698b9eb8b1afddc99cbe6cf3,les plus rcentes.,900.0,Tunis,Appartement,435.0,2,1,vente,https://www.dahmenimmobilier.tn/biens/detail/7972,location,False,,,,,,2.0689655172413794
698b9ebc2211a108c2dbcab3,les plus rcentes.,1000.0,Tunis,Appartement,435.0,2,1,vente,https://www.dahmenimmobilier.tn/biens/detail/7373,location,False,,,,,,2.2988505747126435
698b9ebeb1afddc99cbe6cf4,les plus rcentes.,1700.0,Tunis,Appartement,435.0,2,1,vente,https://www.dahmenimmobilier.tn/biens/detail/7986,location,False,,,,,,3.9080459770114944
698b9ec22211a108c2dbcab4,les plus rcentes.,850.0,Tunis,Appartement,435.0,3,1,vente,https://www.dahmenimmobilier.tn/biens/detail/7962,location,False,,,,,,1.9540229885057472
698b9ec82211a108c2dbcab5,les plus rcentes.,1300.0,Tunis,Appartement,435.0,2,1,vente,https://www.dahmenimmobilier.tn/biens/detail/7990,location,True,,,,,,2.9885057471264367
698b9ece2211a108c2dbcab6,les plus rcentes.,1200.0,Tunis,Appartement,435.0,2,1,vente,https://www.dahmenimmobilier.tn/biens/detail/7989,location,True,,,,,,2.7586206896551726
698b9ed42211a108c2dbcab7,les plus rcentes.,5000.0,Tunis,Appartement,280.0,2,1,vente,https://www.dahmenimmobilier.tn/biens/detail/7595,location,False,,,,,,17.857142857142858
698b9ed6b1afddc99cbe6cf8,les plus rcentes.,3400.0,Tunis,Appartement,435.0,2,1,vente,https://www.dahmenimmobilier.tn/biens/detail/7854,location,False,,,,,,7.816091954022989
698b9eda2211a108c2dbcab8,les plus rcentes.,1500.0,Tunis,Appartement,435.0,2,1,vente,https://www.dahmenimmobilier.tn/biens/detail/7974,location,True,,,,,,3.4482758620689653
698b9edcb1afddc99cbe6cf9,les plus rcentes.,4500.0,Tunis,Appartement,435.0,2,1,vente,https://www.dahmenimmobilier.tn/biens/detail/7037,location,True,,,,,,10.344827586206897
698b9ee02211a108c2dbcab9,les plus rcentes.,1100.0,Tunis,Appartement,435.0,2,1,vente,https://www.dahmenimmobilier.tn/biens/detail/7971,location,True,,,,,,2.528735632183908
698b9ee2b1afddc99cbe6cfa,les plus rcentes.,15000.0,Tunis,Appartement,1173.0,2,1,vente,https://www.dahmenimmobilier.tn/biens/detail/7596,location,False,,,,,,12.787723785166241
698b9ee62211a108c2dbcaba,les plus rcentes.,2000.0,Tunis,Appartement,435.0,3,1,vente,https://www.dahmenimmobilier.tn/biens/detail/7651,location,False,,,,,,4.597701149425287
698b9ef22211a108c2dbcabc,les plus rcentes.,1200.0,Tunis,Appartement,435.0,2,1,vente,https://www.dahmenimmobilier.tn/biens/detail/7927,location,True,,,,,,2.7586206896551726
698b9ef5b1afddc99cbe6cfd,les plus rcentes.,2600.0,Tunis,Appartement,130.0,2,1,vente,https://www.dahmenimmobilier.tn/biens/detail/7646,location,False,,,,,,20.0
698b9ef92211a108c2dbcabd,les plus rcentes.,6000.0,Tunis,Appartement,435.0,2,1,vente,https://www.dahmenimmobilier.tn/biens/detail/7738,location,False,,,,,,13.793103448275861
698b9efcb1afddc99cbe6cfe,les plus rcentes.,600.0,Tunis,Appartement,25.0,2,1,vente,https://www.dahmenimmobilier.tn/biens/detail/7632,location,False,,,,,,24.0
698b9eff2211a108c2dbcabe,les plus rcentes.,750.0,Tunis,Appartement,435.0,2,1,vente,https://www.dahmenimmobilier.tn/biens/detail/7833,location,False,,,,,,1.7241379310344827
698b9f08b1afddc99cbe6d00,les plus rcentes.,15000.0,Tunis,Appartement,1500.0,2,1,vente,https://www.dahmenimmobilier.tn/biens/detail/7594,location,False,,,,,,10.0
698b9f0b2211a108c2dbcac0,les plus rcentes.,1200.0,Tunis,Appartement,435.0,2,1,vente,https://www.dahmenimmobilier.tn/biens/detail/7988,location,True,,,,,,2.7586206896551726
698b9f112211a108c2dbcac1,les plus rcentes.,1300.0,Tunis,Appartement,435.0,2,1,vente,https://www.dahmenimmobilier.tn/biens/detail/7973,location,True,,,,,,2.9885057471264367
698b9f14b1afddc99cbe6d02,les plus rcentes.,450.0,Tunis,Appartement,435.0,2,1,vente,https://www.dahmenimmobilier.tn/biens/detail/7985,location,False,,,,,,1.0344827586206897
698b9f172211a108c2dbcac2,les plus rcentes.,1000.0,Tunis,Appartement,435.0,3,1,vente,https://www.dahmenimmobilier.tn/biens/detail/7299,location,False,,,,,,2.2988505747126435
698b9f1ab1afddc99cbe6d03,les plus rcentes.,2500.0,Tunis,Appartement,435.0,2,1,vente,https://www.dahmenimmobilier.tn/biens/detail/7964,location,True,,,,,,5.747126436781609
698b9f2a2211a108c2dbcac5,les plus rcentes.,1100.0,Tunis,Appartement,435.0,2,1,vente,https://www.dahmenimmobilier.tn/biens/detail/7959,location,True,,,,,,2.528735632183908
698b9f2db1afddc99cbe6d06,les plus rcentes.,2500.0,Tunis,Appartement,435.0,2,1,vente,https://www.dahmenimmobilier.tn/biens/detail/7598,location,True,,,,,,5.747126436781609
698b9f312211a108c2dbcac6,les plus rcentes.,2500.0,Tunis,Appartement,250.0,2,1,vente,https://www.dahmenimmobilier.tn/biens/detail/7789,location,False,,,,,,10.0
698b9f372211a108c2dbcac7,les plus rcentes.,1500.0,Tunis,Appartement,435.0,2,1,vente,https://www.dahmenimmobilier.tn/biens/detail/7821,location,True,,,,,,3.4482758620689653
698b9f3ab1afddc99cbe6d08,les plus rcentes.,18500.0,Tunis,Appartement,2800.0,2,1,vente,https://www.dahmenimmobilier.tn/biens/detail/7474,location,False,,,,,,6.607142857142857
698b9f422211a108c2dbcac8,les plus rcentes.,1600.0,Tunis,Appartement,435.0,2,1,vente,https://www.dahmenimmobilier.tn/biens/detail/7834,location,False,,,,,,3.67816091954023
698b9f47b1afddc99cbe6d0a,les plus rcentes.,9000.0,Tunis,Appartement,900.0,2,1,vente,https://www.dahmenimmobilier.tn/biens/detail/7568,location,False,,,,,,10.0
698b9f492211a108c2dbcac9,les plus rcentes.,1400.0,Tunis,Appartement,435.0,3,1,vente,https://www.dahmenimmobilier.tn/biens/detail/7760,location,True,,,,,,3.218390804597701
698b9f4db1afddc99cbe6d0b,les plus rcentes.,4500.0,Tunis,Appartement,435.0,2,1,vente,https://www.dahmenimmobilier.tn/biens/detail/7599,location,True,,,,,,10.344827586206897
698b9f552211a108c2dbcacb,les plus rcentes.,2500.0,Tunis,Appartement,435.0,2,1,vente,https://www.dahmenimmobilier.tn/biens/detail/7464,location,True,,,,,,5.747126436781609
698b9f5ab1afddc99cbe6d0d,les plus rcentes.,3000.0,Tunis,Appartement,435.0,2,1,vente,https://www.dahmenimmobilier.tn/biens/detail/7523,location,True,,,,,,6.896551724137931
698b9f5b2211a108c2dbcacc,les plus rcentes.,4000.0,Tunis,Appartement,435.0,2,1,vente,https://www.dahmenimmobilier.tn/biens/detail/7405,location,True,,,,,,9.195402298850574
698b9f60b1afddc99cbe6d0e,les plus rcentes.,90.0,Tunis,Appartement,5000.0,2,1,vente,https://www.dahmenimmobilier.tn/biens/detail/7477,location,False,,,,,,0.018
698b9f622211a108c2dbcacd,les plus rcentes.,1500.0,Tunis,Appartement,435.0,2,1,vente,https://www.dahmenimmobilier.tn/biens/detail/7459,location,True,,,,,,3.4482758620689653
698b9f6ab1afddc99cbe6d0f,les plus rcentes.,700.0,Tunis,Appartement,435.0,2,1,vente,https://www.dahmenimmobilier.tn/biens/detail/7489,location,False,,,,,,1.6091954022988506
698b9f6b2211a108c2dbcace,les plus rcentes.,3000.0,Tunis,Appartement,435.0,2,1,vente,https://www.dahmenimmobilier.tn/biens/detail/7860,location,True,,,,,,6.896551724137931
698b9f70b1afddc99cbe6d10,les plus rcentes.,2500.0,Tunis,Appartement,35.0,2,1,vente,https://www.dahmenimmobilier.tn/biens/detail/7684,location,False,,,,,,71.42857142857143
698b9f762211a108c2dbcad0,les plus rcentes.,5000.0,Tunis,Appartement,435.0,5,1,vente,https://www.dahmenimmobilier.tn/biens/detail/7941,location,False,,,,,,11.494252873563218
698b9f7c2211a108c2dbcad1,les plus rcentes.,1400.0,Tunis,Appartement,435.0,3,1,vente,https://www.dahmenimmobilier.tn/biens/detail/7890,location,True,,,,,,3.218390804597701
698b9f982211a108c2dbcad2,A LOUER UN STUDIO A JARDINS DE CARTHAGE,1400.0,Tunis,Appartement,60.0,1,1,vente,https://colombusimmobilier.com/bien/details/124943-a-louer-un-studio-a-jardins-de-carthage,location,False,,,,,,23.333333333333332
698b9f9c2211a108c2dbcad3,Villa de Maitre Ennasr 2,8000.0,Tunis,Appartement,750.0,1,1,vente,https://colombusimmobilier.com/bien/details/17465-villa-de-maitre-ennasr-2,location,False,,,,,,10.666666666666666
698b9f9fb1afddc99cbe6d18,Bureau en Open espace Soukra,6500.0,Tunis,Appartement,300.0,1,1,vente,https://colombusimmobilier.com/bien/details/124942-bureau-en-open-espace-soukra,location,False,,,,,,21.666666666666668
698b9fa3b1afddc99cbe6d19,A Louer un espace de bureau la Soukra,4200.0,Tunis,Appartement,160.0,1,1,vente,https://colombusimmobilier.com/bien/details/124941-a-louer-un-espace-de-bureau-a-la-soukra,location,True,,,,,,26.25
698b9fab2211a108c2dbcad7,Appartement A L'AOUINA,1250.0,Tunis,Appartement,80.0,1,1,vente,https://colombusimmobilier.com/bien/details/81439-appartement-a-l-aouina,location,False,,,,,,15.625
698b9fb22211a108c2dbcad9,A LOUER UN APPARTEMENT S2 RIADH ANDALOUS,1400.0,Tunis,Appartement,90.0,1,1,vente,https://colombusimmobilier.com/bien/details/124944-a-louer-un-appartement-s2-riadh-andalous,location,False,,,,,,15.555555555555555
698ba06c2211a108c2dbcadd,A louer un appartement aux Berges du Lac 2,3500.0,Tunis,Appartement,120.0,1,1,vente,https://www.expatries-tunisie.com/bien/details/6532-a-louer-un-appartement-aux-berges-du-lac-2,location,True,,,,,,29.166666666666668
698ba0782211a108c2dbcae0,A louer un local commercial aux Berges du Lac2,4000.0,Tunis,Appartement,100.0,1,1,vente,https://www.expatries-tunisie.com/bien/details/6528-a-louer-un-local-commercial-aux-berges-du-lac2,location,True,,,,,,40.0
698ba07bb1afddc99cbe6d21,A louer un appartement la Soukra,1300.0,Tunis,Appartement,118.0,1,1,vente,https://www.expatries-tunisie.com/bien/details/6526-a-louer-un-appartement-a-la-soukra,location,False,,,,,,11.016949152542374
698ba07f2211a108c2dbcae2,A louer un appartement Rades,550.0,Tunis,Appartement,90.0,1,1,vente,https://www.expatries-tunisie.com/bien/details/6529-a-louer-un-appartement-a-rades,location,False,,,,,,6.111111111111111
698ba083b1afddc99cbe6d24,"VENTE TERRAIN CONSTRUCTIBLE LA SOUKRA La Soukra, La Soukra, Ariana",1000.0,Tunis,Appartement,498.0,1,1,vente,https://www.immobilier.com.tn/annonce/24046/vente-terrain-constructible-la-soukra,location,False,,,,,,2.0080321285140563
698ba085b1afddc99cbe6d25,Location Villa en Tunisie,900.0,Tunis,Appartement,700.0,1,1,vente,https://www.immobilier.com.tn/annonces/particulier/location/2/villa/2,location,False,,,,,,1.2857142857142858
698ba086b1afddc99cbe6d26,"Location en grance libre d'un local commercial Menzah 6 Ariana, Ariana Ville, Ariana",3800.0,Tunis,Appartement,220.0,1,1,vente,https://www.immobilier.com.tn/annonce/24790/location-en-gerance-libre-dun-local-commercial-a-menzah-6,location,False,,,,,,17.272727272727273
698ba087b1afddc99cbe6d27,"A louer un bureau H+3 lac 2 Berges Du Lac 2, La Marsa, Tunis",1700.0,Tunis,Appartement,100.0,1,1,vente,https://www.immobilier.com.tn/annonce/27073/a-louer-un-bureau-h3-lac-2,location,True,,,,,,17.0
698ba0872211a108c2dbcae5,Location Duplex en Tunisie,1400.0,Tunis,Appartement,100.0,1,1,vente,https://www.immobilier.com.tn/annonces/particulier/location/2/duplex/5,location,True,,,,,,14.0
698ba0892211a108c2dbcae6,Location Appartement en Tunisie,1300.0,Tunis,Appartement,73.0,1,1,vente,https://www.immobilier.com.tn/annonces/particulier/location/2/appartement/3,location,True,,,,,,17.80821917808219
698ba08db1afddc99cbe6d2c,Location Appartement,3700.0,Tunis,Appartement,206.0,1,1,vente,https://www.immobilier.com.tn/annonce/27350/location-appartement,location,False,,,,,,17.961165048543688
698ba08e2211a108c2dbcaea,Location Local commercial en Tunisie,800.0,Tunis,Appartement,75.0,1,1,vente,https://www.immobilier.com.tn/annonces/particulier/location/2/local-commercial/4,location,True,,,,,,10.666666666666666
698ba090b1afddc99cbe6d2e,"S+2 170 m Carthage, Carthage, Tunis",1600.0,Tunis,Appartement,170.0,1,1,vente,https://www.immobilier.com.tn/annonce/23238/s2-170-m2,location,False,,,,,,9.411764705882353
698ba0922211a108c2dbcaec,location d'un Appartement s3 menzah 1 Tunis,1000.0,Tunis,Appartement,110.0,1,1,vente,https://www.immobilier.com.tn/annonce/27404/location-dun-appartement-s3-a-menzah-1,location,False,,,,,,9.090909090909092
698ba094b1afddc99cbe6d31,Location immobilier en Tunisie,1300.0,Tunis,Appartement,330.0,1,1,vente,https://www.immobilier.com.tn/annonces/particulier/location/2,location,False,,,,,,3.9393939393939394
698ba0992211a108c2dbcaf2,Location Appartement en Tunisie,1300.0,Tunis,Appartement,73.0,1,1,vente,https://www.immobilier.com.tn/annonces/particulier/location/2/appartement/3/tunis,location,True,,,,,,17.80821917808219
698ba09b2211a108c2dbcaf3,Appartement S+1 Menzah 9C Tunis,750.0,Tunis,Appartement,62.0,1,1,vente,https://www.immobilier.com.tn/annonce/27429/appartement-s1-menzah-9c,location,False,,,,,,12.096774193548388
698ba09f2211a108c2dbcaf6,Location Bureau en Tunisie,1200.0,Tunis,Appartement,330.0,1,1,vente,https://www.immobilier.com.tn/annonces/particulier/location/2/bureau/10,location,False,,,,,,3.6363636363636362
698ba0a12211a108c2dbcaf8,Location Entrept en Tunisie,6200.0,Tunis,Appartement,1200.0,1,1,vente,https://www.immobilier.com.tn/annonces/particulier/location/2/entrepot/8,location,False,,,,,,5.166666666666667
698ba0a72211a108c2dbcafa,"Rsidence Trs haut standing aux jardins de carthage Carthage, Carthage, Tunis",2900.0,Tunis,Appartement,260.0,1,1,vente,https://www.immobilier.com.tn/annonce/23252/residence-tres-haut-standing-aux-jardins-de-carthage,location,False,,,,,,11.153846153846153
698ba0a92211a108c2dbcafb,Location Immeuble en Tunisie,250.0,Tunis,Appartement,6000.0,1,1,vente,https://www.immobilier.com.tn/annonces/particulier/location/2/immeuble/11,location,False,,,,,,0.041666666666666664
698ba17cb1afddc99cbe6d6c,Immobilier Vente Appartement Nabeul (74),320.0,Tunis,Appartement,89.0,2,1,vente,https://www.behya.tn/annonce-tunisie/vente-appartement-nabeul/,location,False,,,,,,3.595505617977528
698ba186b1afddc99cbe6d70,Immobilier Nabeul (743),320.0,Tunis,Appartement,1266.0,1,1,vente,https://www.behya.tn/annonce-tunisie/annonces-nabeul/,location,False,,,,,,0.2527646129541864
698ba188b1afddc99cbe6d71,Immobilier (3132),930.0,Tunis,Appartement,186.0,1,1,vente,https://www.behya.tn/annonces-tunisie/annonces-immobilier-tunisie/,location,False,,,,,,5.0
698ba18bb1afddc99cbe6d72,Location de Vacances (33),1200.0,Tunis,Appartement,553.0,1,1,vente,https://www.behya.tn/annonces-tunisie/annonces-immobilier-tunisie/annonces-location-de-vacances-tunisie/,location,False,,,,,,2.1699819168173597
698ba199b1afddc99cbe6d75,Immobilier Sfax (16),1900.0,Tunis,Appartement,1200.0,1,1,vente,https://www.behya.tn/annonce-tunisie/annonces-sfax/,location,False,,,,,,1.5833333333333333
698ba19bb1afddc99cbe6d76,Immobilier Manouba (16),200.0,Tunis,Appartement,218.0,1,1,vente,https://www.behya.tn/annonce-tunisie/annonces-manouba/,location,False,,,,,,0.9174311926605505
698ba19db1afddc99cbe6d77,Immobilier Ariana (268),1200.0,Tunis,Appartement,266.0,1,1,vente,https://www.behya.tn/annonce-tunisie/annonces-ariana/,location,False,,,,,,4.511278195488722
698ba1a12211a108c2dbcb34,Immobilier Location Appartement Nabeul (7),225000.0,Tunis,Appartement,89.0,1,1,vente,https://www.behya.tn/annonce-tunisie/location-appartement-nabeul/,location,False,,,,,,2528.0898876404494
698ba1a7b1afddc99cbe6d7b,Location Appartements (878),930.0,Tunis,Appartement,333.0,2,1,vente,https://www.behya.tn/annonces-tunisie/annonces-immobilier-tunisie/annonces-location-appartements-tunisie/,location,True,,,,,,2.7927927927927927
698ba1b12211a108c2dbcb39,Immobilier Location Maison Nabeul (14),230000.0,Tunis,Appartement,180.0,1,1,vente,https://www.behya.tn/annonce-tunisie/location-maison-nabeul/,location,False,,,,,,1277.7777777777778
698ba1bd2211a108c2dbcb3e,Immobilier Monastir (3),150.0,Tunis,Appartement,3500.0,1,1,vente,https://www.behya.tn/annonce-tunisie/annonces-monastir/,location,False,,,,,,0.04285714285714286
698ba1c12211a108c2dbcb40,Immobilier Vente Appartement Ben Arous (35),340.0,Tunis,Appartement,130.0,1,1,vente,https://www.behya.tn/annonce-tunisie/vente-appartement-ben-arous/,location,False,,,,,,2.6153846153846154
698ba1d22211a108c2dbcb48,Immobilier Terrains et Fermes vendre Ariana (30),450.0,Tunis,Appartement,266.0,1,1,vente,https://www.behya.tn/annonce-tunisie/terrains-et-fermes-a-vendre-ariana/,location,False,,,,,,1.6917293233082706
698ba1de2211a108c2dbcb4d,Immobilier Location Maison Ben Arous (51),990000.0,Tunis,Appartement,380.0,3,1,vente,https://www.behya.tn/annonce-tunisie/location-maison-ben-arous/,location,False,,,,,,2605.2631578947367
698ba1e32211a108c2dbcb4f,Immobilier Terrains et Fermes vendre Nabeul (518),130.0,Tunis,Appartement,1266.0,1,1,vente,https://www.behya.tn/annonce-tunisie/terrains-et-fermes-a-vendre-nabeul/,location,False,,,,,,0.10268562401263823
698ba1e52211a108c2dbcb50,Immobilier Location Appartement Ben Arous (60),930.0,Tunis,Appartement,333.0,2,1,vente,https://www.behya.tn/annonce-tunisie/location-appartement-ben-arous/,location,True,,,,,,2.7927927927927927
698ba1ee2211a108c2dbcb54,Immobilier Maison Vendre Ben Arous (33),750.0,Tunis,Appartement,413.0,1,1,vente,https://www.behya.tn/annonce-tunisie/maison-a-vendre-ben-arous/,location,False,,,,,,1.8159806295399517
698ba1f22211a108c2dbcb56,Immobilier Maison Vendre Nabeul (104),450.0,Tunis,Appartement,170.0,3,1,vente,https://www.behya.tn/annonce-tunisie/maison-a-vendre-nabeul/,location,False,,,,,,2.6470588235294117
698bb1caf3a7d988c9c05e3d,"vendre locaux de 49,8 66 m aux Jardins de Carthage Tunis",10000.0,Tunis,Appartement,66.0,1,1,vente,https://www.darcomtunisia.com/bien/details/119988-a-vendre-locaux-de-498-a-66-m-aux-jardins-de-carthage,location,False,,,,,,151.5151515151515
698bb1cff3a7d988c9c05e40,local commercial amnag de 50 m aux Jardins de Carthage Tunis,3000.0,Tunis,Appartement,50.0,1,1,vente,https://www.darcomtunisia.com/bien/details/122596-local-commercial-amenage-de-50-m-aux-jardins-de-carthage,location,False,,,,,,60.0
698bb1d0f3a7d988c9c05e41,A vendre Terrain 960 m la soukra Chotrana II Ariana,1350.0,Tunis,Appartement,960.0,1,1,vente,https://www.darcomtunisia.com/bien/details/111430-a-vendre-terrain-960-m-a-la-soukra-chotrana-ii,location,False,,,,,,1.40625
698bb1d4f3a7d988c9c05e43,A louer Villa Richement Meubl la Soukra Ariana,8000.0,Tunis,Appartement,530.0,1,1,vente,https://www.darcomtunisia.com/bien/details/116433-a-louer-villa-richement-meuble-a-la-soukra,location,False,,,,,,15.09433962264151
698bb200f3a7d988c9c05e44,les plus rcentes.,650.0,Tunis,Appartement,3646.0,2,1,vente,https://www.dahmenimmobilier.tn/biens/detail/7940,location,False,,,,,,0.17827756445419637
698bb206f3a7d988c9c05e45,les plus rcentes.,180.0,Tunis,Appartement,435.0,2,1,vente,https://www.dahmenimmobilier.tn/biens/detail/7909,location,False,,,,,,0.41379310344827586
698bb20df3a7d988c9c05e46,les plus rcentes.,1300.0,Tunis,Appartement,435.0,2,1,vente,https://www.dahmenimmobilier.tn/biens/detail/7546,location,True,,,,,,2.9885057471264367
698bb218f3a7d988c9c05e48,les plus rcentes.,500.0,Tunis,Appartement,435.0,2,1,vente,https://www.dahmenimmobilier.tn/biens/detail/7867,location,False,,,,,,1.1494252873563218
698bb226f3a7d988c9c05e4a,les plus rcentes.,150.0,Tunis,Appartement,435.0,2,1,vente,https://www.dahmenimmobilier.tn/biens/detail/7899,location,True,,,,,,0.3448275862068966
698bb238f3a7d988c9c05e4d,les plus rcentes.,1800.0,Tunis,Appartement,435.0,2,1,vente,https://www.dahmenimmobilier.tn/biens/detail/7939,location,True,,,,,,4.137931034482759
698bb245f3a7d988c9c05e4f,les plus rcentes.,2200.0,Tunis,Appartement,800.0,2,1,vente,https://www.dahmenimmobilier.tn/biens/detail/7951,location,False,,,,,,2.75
698bb24bf3a7d988c9c05e50,les plus rcentes.,1500.0,Tunis,Appartement,435.0,2,1,vente,https://www.dahmenimmobilier.tn/biens/detail/7907,location,True,,,,,,3.4482758620689653
698bb307f3a7d988c9c05e59,"Apparemment tozeur Cite Tebebsa, Tozeur, Tozeur",100.0,Tunis,Appartement,75.0,2,1,vente,https://www.immobilier.com.tn/annonce/30300/apparemment-tozeur,location,False,,,,,,1.3333333333333333
698bb30af3a7d988c9c05e5b,"Location d'une villa avec piscine Ennasr 2 Ariana, Ariana Ville, Ariana",1200000.0,Tunis,Appartement,420.0,1,1,vente,https://www.immobilier.com.tn/annonce/24339/location-dune-villa-avec-piscine-a-ennasr-2,location,False,,,,,,2857.1428571428573
698bc7ab1be0d2f3d728e67d,les plus rcentes.,1300.0,Tunis,Appartement,435.0,2,1,vente,https://www.dahmenimmobilier.tn/biens/detail/5722,location,True,,,,,,2.9885057471264367
698bc7b41be0d2f3d728e67e,les plus rcentes.,150.0,Tunis,Appartement,435.0,2,1,vente,https://www.dahmenimmobilier.tn/biens/detail/6416,location,True,,,,,,0.3448275862068966
698bc7ba1be0d2f3d728e67f,les plus rcentes.,1300.0,Tunis,Appartement,435.0,2,1,vente,https://www.dahmenimmobilier.tn/biens/detail/4753,location,True,,,,,,2.9885057471264367
698bc7c01be0d2f3d728e680,les plus rcentes.,1300.0,Tunis,Appartement,435.0,2,1,vente,https://www.dahmenimmobilier.tn/biens/detail/5079,location,True,,,,,,2.9885057471264367
698bc7c71be0d2f3d728e681,les plus rcentes.,4000.0,Tunis,Appartement,435.0,2,1,vente,https://www.dahmenimmobilier.tn/biens/detail/5966,location,True,,,,,,9.195402298850574
698bc7ce1be0d2f3d728e682,les plus rcentes.,1800.0,Tunis,Appartement,435.0,2,1,vente,https://www.dahmenimmobilier.tn/biens/detail/7185,location,True,,,,,,4.137931034482759
698bc7d41be0d2f3d728e683,les plus rcentes.,1300.0,Tunis,Appartement,435.0,2,1,vente,https://www.dahmenimmobilier.tn/biens/detail/5338,location,True,,,,,,2.9885057471264367
698bc7da1be0d2f3d728e684,les plus rcentes.,800.0,Tunis,Appartement,435.0,2,1,vente,https://www.dahmenimmobilier.tn/biens/detail/7281,location,False,,,,,,1.839080459770115
698bc7e11be0d2f3d728e685,les plus rcentes.,1800.0,Tunis,Appartement,435.0,2,1,vente,https://www.dahmenimmobilier.tn/biens/detail/6445,location,True,,,,,,4.137931034482759
698bc8a71be0d2f3d728e694,Bureau de 84 m2 aux berges du lac 1,2200.0,Tunis,Appartement,85.0,1,1,vente,https://www.immobilier.com.tn/annonce/26369/bureau-de-84-m2-aux-berges-du-lac-1,location,False,,,,,,25.88235294117647
698bc9c61be0d2f3d728e6d0,Appartement trs haut standing,1300.0,Tunis,Appartement,145.0,4,1,vente,https://www.houni.tn/annonce/location/appartement/sfax/sfax-sud/gremda/appartement-tres-haut-standing/ee6yk9,location,False,,,,,,8.96551724137931
698bc9c81be0d2f3d728e6d1,Villa paradiso kerkinnah,750.0,Tunis,Appartement,450.0,2,1,vente,https://www.houni.tn/annonce/location/maison/sfax/kerkennah/melita/villa-paradiso-kerkinnah/wuvbck,location,False,,,,,,1.6666666666666667
698bc9c91be0d2f3d728e6d2,+,1300.0,Tunis,Appartement,124.0,5,1,vente,https://www.houni.tn/annonce/location/appartement/sfax/sfax-ville/la-medina/𝑺+𝟮-𝒎𝒆𝒖𝒃𝒍𝒆-𝗛𝗔𝗨𝗧-𝗦𝗧𝗔𝗡𝗗𝗜𝗡𝗚-𝒂/t2qbm2,location,False,,,,,,10.483870967741936
698bc9cb1be0d2f3d728e6d3,LOUER 2 TAGES D'UN IMMEUBLE NEUF HAUT DE GAMME,850.0,Tunis,Appartement,120.0,1,1,vente,https://www.houni.tn/annonce/location/appartement/sfax/agareb/bouledhieb/a-louer-–-2-etages-d-un-immeuble-neuf-haut-de-gamm/euno3r,location,False,,,,,,7.083333333333333
698bc9cd1be0d2f3d728e6d5,Location sfax,450.0,Tunis,Appartement,95.0,3,1,vente,https://www.houni.tn/annonce/location/appartement/sfax/sakiet-ezzit/sakiet-ezzit/location-a-sfax/7v9nqk,location,False,,,,,,4.7368421052631575
698bc9cf1be0d2f3d728e6d6,Appartement s+3a vendre,180.0,Tunis,Appartement,140.0,4,1,vente,https://www.houni.tn/annonce/location/maison/sfax/sfax-ville/bab-el-bhar/appartement-s+3a-vendre/jj5f9t,location,False,,,,,,1.2857142857142858
698bc9d01be0d2f3d728e6d7,Bureau H+2 La Soukra MBL0458,2000.0,Tunis,Appartement,90.0,1,1,vente,https://www.houni.tn/annonce/colocation/maison/ariana/soukra/el-bessatine/bureau-h+2-a-la-soukra-mbl0458/ivrj4l,location,False,,,,,,22.22222222222222
698bc9d11be0d2f3d728e6d8,Villa style amricain marsa 20 kerkennah,220.0,Tunis,Appartement,300.0,1,1,vente,https://www.houni.tn/annonce/location/maison/sfax/kerkennah/el-chargui/villa-style-americain-marsa-20-kerkennah/9o9wlt,location,False,,,,,,0.7333333333333333
698bc9d31be0d2f3d728e6d9,Cherche S+3 SAKIET EZZIT,650.0,Tunis,Appartement,160.0,4,1,vente,https://www.houni.tn/annonce/location/appartement/sfax/sakiet-ezzit/sakiet-ezzit/cherche-s+3-sakiet-ezzit/7mkyo,location,False,,,,,,4.0625
698bc9d71be0d2f3d728e6dc,VILLA A KERKENNAH,600.0,Tunis,Appartement,120.0,4,1,vente,https://www.houni.tn/annonce/location/maison/sfax/kerkennah/el-kalabine/villa-a-kerkennah/h0al1c,location,True,,,,,,5.0
698bc9db1be0d2f3d728e6df,Magnifique villa pied dans l'eau +piscine eau de mer Kerkennah,650.0,Tunis,Appartement,1000.0,2,1,vente,https://www.houni.tn/annonce/location/maison/sfax/kerkennah/el-chargui/magnifique-villa-pied-dans-l-eau-+piscine-eau-de-m/ccnr5,location,False,,,,,,0.65
698bc9de1be0d2f3d728e6e1,,70.0,Tunis,Appartement,500.0,1,1,vente,https://www.houni.tn/annonce/location/appartement/sfax/sfax-ville/la-medina/شقق-مفروشة-صفاقس/p9mq7h,location,False,,,,,,0.14
698bc9df1be0d2f3d728e6e2,Dar Bent ALi louer djerba,450.0,Tunis,Appartement,10.0,8,1,vente,https://www.houni.tn/annonce/colocation/maison/mednine/djerba-houmet-souk/erriadh/dar-bent-ali-a-louer-a-djerba/9wggfy,location,False,,,,,,45.0
698bc9e11be0d2f3d728e6e3,+ route Mharza,900.0,Tunis,Appartement,150.0,8,1,vente,https://www.houni.tn/annonce/location/appartement/sfax/sfax-ville/la-medina/𝑺+𝟑-𝗛𝗔𝗨𝗧-𝗦𝗧𝗔𝗡𝗗𝗜𝗡𝗚-𝒂-𝒍𝒐𝒖𝒆𝒓-a-r/7joegt,location,False,,,,,,6.0
698bc9e21be0d2f3d728e6e4,Appartement alouer route elain klm1 devant l'urgence,700.0,Tunis,Appartement,142.0,4,1,vente,https://www.houni.tn/annonce/location/appartement/sfax/sfax-ville/bab-el-bhar/appartement-alouer-route-elain-klm1-devant-l-urgen/0zmtnt,location,False,,,,,,4.929577464788732
698bc9e31be0d2f3d728e6e5,Appartement S + 3 Sfax El Jadida 100 m2 louer,600.0,Tunis,Appartement,100.0,3,1,vente,https://www.houni.tn/annonce/location/appartement/sfax/sfax-ville/la-medina/appartement-s-+-3-a-sfax-el-jadida-100-m2-a-louer/otjzi4,location,False,,,,,,6.0
698bc9e51be0d2f3d728e6e6,3,100.0,Tunis,Appartement,150.0,2,1,vente,https://www.houni.tn/annonce/location/maison/sfax/sfax-ville/la-medina/طريق-تونس-كم-3صفاقس/m2s8zq,location,False,,,,,,0.6666666666666666
698bc9ea1be0d2f3d728e6ea,Appartement louer prs du centre ville de Sousse,350.0,Tunis,Appartement,60.0,1,1,vente,https://www.houni.tn/annonce/location/appartement/kebili/faouar/sabria-ouest/appartement-a-louer-pres-du-centre-ville-de-sousse/6iwqjw,location,False,,,,,,5.833333333333333
698bc9ec1be0d2f3d728e6eb,VILLA NEUVE MEUBLEE,600.0,Tunis,Appartement,120.0,4,1,vente,https://www.houni.tn/annonce/location/maison/sfax/sakiet-ezzit/essedra/villa-neuve-meublee/5ad1xs,location,True,,,,,,5.0
698bd23f1be0d2f3d728e931,"S+4 de 200mau jardin de Carthage avec vue degag Carthage, Carthage, Tunis",3000.0,Tunis,Appartement,200.0,1,1,vente,https://www.immobilier.com.tn/annonce/23491/s4-de-200m2au-jardin-de-carthage-avec-vue-degage,location,True,,,,,,15.0
698bd2401be0d2f3d728e932,"S+2 meubl au jardin de Carthage Carthage, Carthage, Tunis",1600.0,Tunis,Appartement,130.0,1,1,vente,https://www.immobilier.com.tn/annonce/23234/s2-meuble-au-jardin-de-carthage,location,False,,,,,,12.307692307692308
698bd2451be0d2f3d728e935,A louer des bureaux sur la route du Relais Gammarth.,1600.0,Tunis,Appartement,80.0,1,1,vente,https://www.immobilier.com.tn/annonce/25640/a-louer-des-bureaux-sur-la-route-du-relais-gammarth,location,False,,,,,,20.0
698bd5631be0d2f3d728e942,Un Appartement meubl S+1 de 50m Boumhel,750.0,Tunis,Appartement,50.0,1,1,vente,https://www.verdar.tn/bien/details/128281-un-appartement-meuble-s1-de-50m-a-boumhel,location,False,,,,,,15.0
698bd5671be0d2f3d728e944,local commercial de 30m Boumhel et pas- de- porte 27MD,750.0,Tunis,Appartement,30.0,1,1,vente,https://www.verdar.tn/bien/details/124672-local-commercial-de-30m-a-boumhel-et-pas--de--porte-27md,location,False,,,,,,25.0
698bd5701be0d2f3d728e948,Un Appartement S+2 de 120 m Boumhel,1300.0,Tunis,Appartement,120.0,2,1,vente,https://www.verdar.tn/bien/details/127969-un-appartement-s2-de-120-m-a-boumhel,location,False,,,,,,10.833333333333334
698bd5721be0d2f3d728e949,Un tage De Villa S+3 de 150 m Boumhel,1200.0,Tunis,Appartement,150.0,3,1,vente,https://www.verdar.tn/bien/details/125034-un-etage-de-villa-s3-de-150-m-boumhel,location,False,,,,,,8.0
698bd57f1be0d2f3d728e94f,Une Villa s+5 de 500 m Sur Un Terrain de 1000 m Hammam Chatt Pour Une Location Estivale ou par nuite,3000.0,Tunis,Appartement,500.0,5,1,vente,https://www.verdar.tn/bien/details/124713-une-villa-s5-de-500-m-sur-un-terrain-de-1000-m-a-hammam-chatt-pour-une-location-estivale-ou-par-nuitee,location,False,,,,,,6.0
698bd5811be0d2f3d728e950,Un Duplex S+4 de 142 m Boumhel belair,1300.0,Tunis,Appartement,142.0,4,1,vente,https://www.verdar.tn/bien/details/124576-un-duplex-s4-de-142-m-a-boumhel-belair,location,False,,,,,,9.154929577464788
698bdcd01be0d2f3d728ec2b,"Location /Villa avec jardin -Ennasr 1 Ariana, Ariana Ville, Ariana",3000.0,Tunis,Appartement,400.0,1,1,vente,https://www.immobilier.com.tn/annonce/25815/location-villa-avec-jardin-ennasr-1,location,False,,,,,,7.5
698be0bc1be0d2f3d728ec87,A vendre s+2 spacieux pied dans leau avec parking mahdia,600.0,Tunis,Appartement,147.0,2,1,vente,https://agencehana.tn/property/a-vendre-s2-spacieux-pied-dans-leau-avec-parking-a-mahdia/,location,False,,,,,,4.081632653061225
698be0be1be0d2f3d728ec88,lanne appartement s+2 Hiboune Mahdia,680.0,Tunis,Appartement,80.0,1,1,vente,https://agencehana.tn/property/a-lannee-app-s2-a-hiboune-mahdia-2/,location,True,,,,,,8.5
698be0c01be0d2f3d728ec89,vendre maison arabe en plein centre ville,350.0,Tunis,Appartement,300.0,300,1,vente,https://agencehana.tn/property/a-vendre-maison-arabe-en-plein-centre-ville/,location,False,,,,,,1.1666666666666667
698be0c21be0d2f3d728ec8a,pour toute lanne studio proche de lhpital Mahdia,580.0,Tunis,Appartement,65.0,1,1,vente,https://agencehana.tn/property/location-annuelle-hiboun-mahdia/,location,False,,,,,,8.923076923076923
698be0c51be0d2f3d728ec8b,vendre un RDC proche de la plage baghdedi mahdia,498.0,Tunis,Appartement,82.0,180,1,vente,https://agencehana.tn/property/a-vendre-un-rdc-proche-de-la-plage-baghdedi-mahdia/,location,False,,,,,,6.073170731707317
698be0cb1be0d2f3d728ec8e,location scolaire tage de villa cot htel el mahdi mahdia,650.0,Tunis,Appartement,150.0,2,1,vente,https://agencehana.tn/property/location-etage-de-villa-mahdia-hiboune/,location,False,,,,,,4.333333333333333
698be0cd1be0d2f3d728ec8f,louer Rdc s+2 lanne zouilla mahdia,700.0,Tunis,Appartement,70.0,2,1,vente,https://agencehana.tn/property/a-louer-rdc-s3-a-lannee-a-zouilla-mahdia/,location,False,,,,,,10.0
698be0db1be0d2f3d728ec95,louer Appartement la vague pied dans leau et proche de la facult,620.0,Tunis,Appartement,98.0,2,1,vente,https://agencehana.tn/property/a-louer-location-scolaire-appartement-pied-dans-leau-et-proche-de-la-faculte-mahdia/,location,False,,,,,,6.326530612244898
698be0df1be0d2f3d728ec97,Des Appartements s+2 Neuf Vendre Bas Prix mahdia,170.0,Tunis,Appartement,5.0,1,1,vente,https://agencehana.tn/property/des-appartements-s2-neuf-a-vendre-a-bas-prix/,location,False,,,,,,34.0
698be0e11be0d2f3d728ec98,vendre maison arabe borj erras mahdia,430.0,Tunis,Appartement,200.0,200,1,vente,https://agencehana.tn/property/a-vendre-maison-arabe-a-borj-erras-mahdia/,location,False,,,,,,2.15
698be0e41be0d2f3d728ec99,Opportunit dinvestissement Appartement vendre baghdedi,275.0,Tunis,Appartement,88.0,2,1,vente,https://agencehana.tn/property/opportunite-dinvestissement-appartement-a-vendre-a-baghdedi/,location,False,,,,,,3.125
698be0e61be0d2f3d728ec9a,a louer app s+1 pour toute lanne baghdedi mahdia,650.0,Tunis,Appartement,65.0,1,1,vente,https://agencehana.tn/property/a-louer-app-s1-proche-de-la-plage-a-baghdedi-mahdia/,location,False,,,,,,10.0
698be0e81be0d2f3d728ec9b,vendre s+2 vue sur mer luxe et neuf corniche mahdia,616.0,Tunis,Appartement,137.0,1,1,vente,https://agencehana.tn/property/a-vendre-s2-vue-sur-mer-luxe-et-neuf-a-corniche-mahdia/,location,False,,,,,,4.4963503649635035
698be0f31be0d2f3d728eca0,appartement s+2 vendre au RDC baghdedi mahdia,235.0,Tunis,Appartement,105.0,2,1,vente,https://agencehana.tn/property/appartement-s2-a-vendre-au-rdc-a-baghdedi-mahdia/,location,False,,,,,,2.238095238095238
698be0f51be0d2f3d728eca1,a vendre appartement s+2 vue mer avec parking mahdia,385.0,Tunis,Appartement,120.0,1,1,vente,https://agencehana.tn/property/a-vendre-appartement-s2-vue-mer-avec-parking-a-mahdia/,location,False,,,,,,3.2083333333333335
698be0f71be0d2f3d728eca2,A louer pour toute lanne app s+2 Hiboune Mahdia,680.0,Tunis,Appartement,80.0,1,1,vente,https://agencehana.tn/property/a-louer-pour-toute-lannee-app-s2-a-hiboune-mahdia/,location,True,,,,,,8.5
698be0f91be0d2f3d728eca3,A louer App s+1 spacieux pour mdecin Mahdia,550.0,Tunis,Appartement,75.0,1,1,vente,https://agencehana.tn/property/a-louer-appartement-spacieux-pour-la-saison-scolaire-a-mahdia/,location,False,,,,,,7.333333333333333
698be0fc1be0d2f3d728eca4,Un bien vendre neuf avec parking sous sol,410.0,Tunis,Appartement,100.0,1,1,vente,https://agencehana.tn/property/appartement-s2-haut-standing/,location,False,,,,,,4.1
698be0fe1be0d2f3d728eca5,Vendre S+2 haut standing et directement promoteur mahdia,680.0,Tunis,Appartement,121.0,1,1,vente,https://agencehana.tn/property/vendre-s2-haut-standing-et-directement-promoteur-a-mahdia/,location,False,,,,,,5.619834710743802
698be1001be0d2f3d728eca6,louer RDC s+3 lanne s+3 ezzahra mahdia,850.0,Tunis,Appartement,200.0,3,1,vente,https://agencehana.tn/property/a-louer-rdc-s3-a-lannee-s3-a-ezzahra-mahdia/,location,False,,,,,,4.25
698be1021be0d2f3d728eca7,vendre maison sur deux tages avec garage,300.0,Tunis,Appartement,245.0,113,1,vente,https://agencehana.tn/property/a-vendre-maison-sur-deux-etages-avec-garage/,location,False,,,,,,1.2244897959183674
698be1071be0d2f3d728eca9,vendre appartement s+3 avec piscine en plein zone touristique Mahdia,520.0,Tunis,Appartement,172.0,1,1,vente,https://agencehana.tn/property/a-vendre-appartement-s3-avec-piscine-en-plein-zone-touristique-mahdia/,location,False,,,,,,3.0232558139534884
698be1091be0d2f3d728ecaa,Duplexe R+1 vendre sidi Massoud Mahdia,430.0,Tunis,Appartement,100.0,100,1,vente,https://agencehana.tn/property/duplexe-r1-a-vendre-a-sidi-massoud-mahdia/,location,False,,,,,,4.3
698be10d1be0d2f3d728ecac,maison vendre sur deux niveaux avec garage ezzahra mahdia,298.0,Tunis,Appartement,200.0,111,1,vente,https://agencehana.tn/property/a-vendre-deux-appartements-avec-garage-a-ezzahra-mahdia/,location,False,,,,,,1.49
698be10f1be0d2f3d728ecad,louer s+1 rz nadhour pour location scolaire mahdia,800.0,Tunis,Appartement,65.0,1,1,vente,https://agencehana.tn/property/a-louer-s1-rz-nadhour-pied-dans-leau-mahdia/,location,False,,,,,,12.307692307692308
698be1121be0d2f3d728ecae,A vendre des appartements S+2 en plein centre ville mahdia,230.0,Tunis,Appartement,90.0,1,1,vente,https://agencehana.tn/property/a-vendre-des-appartements-s2-en-cours-de-construction-en-plein-centre-ville/,location,False,,,,,,2.5555555555555554
698be1141be0d2f3d728ecaf,louer rdc pour toute lanne s+2 baghdedi plage,450.0,Tunis,Appartement,90.0,1,1,vente,https://agencehana.tn/property/a-louer-rdc-a-baghdedi-plage/,location,False,,,,,,5.0
698be1161be0d2f3d728ecb0,A vendre villa avec piscine sur un terrain de 1021 m mahdia,430.0,Tunis,Appartement,1021.0,3,1,vente,https://agencehana.tn/property/villa-individuelle-en-vente-mahdia/,location,False,,,,,,0.42115572967678744
698be11d1be0d2f3d728ecb3,louer Appartement s+1 au rdc en plein zone Touristique Mahdia,800.0,Tunis,Appartement,75.0,1,1,vente,https://agencehana.tn/property/a-louer-pour-vacance-app-s1-au-rdc-2/,location,True,,,,,,10.666666666666666
698be11f1be0d2f3d728ecb4,louer pour toute lanne s+2 sur la route principale borj arif mahdia,550.0,Tunis,Appartement,80.0,2,1,vente,https://agencehana.tn/property/a-lannee-s2-sur-la-route-principale-a-borj-arif/,location,False,,,,,,6.875
698be1221be0d2f3d728ecb5,louer 2 appartements s+2 pour les mdecins mahdia,600.0,Tunis,Appartement,90.0,1,1,vente,https://agencehana.tn/property/a-louer-2-appartements-s2-pour-les-medecins-a-mahdia/,location,False,,,,,,6.666666666666667
698be1241be0d2f3d728ecb6,A louer Appartement s+2 Vue sur Mer Baghdadi,450.0,Tunis,Appartement,140.0,2,1,vente,https://agencehana.tn/property/a-louer-appartement-s2-vue-sur-mer-a-baghdadi/,location,False,,,,,,3.2142857142857144
698be1261be0d2f3d728ecb7,studio neuf jamais habit pour toute lanne hiboune mahdia,550.0,Tunis,Appartement,35.0,1,1,vente,https://agencehana.tn/property/studio-neuf-jamais-habite-pour-toute-lannee-a-hiboune-mahdia/,location,True,,,,,,15.714285714285714
698be12c1be0d2f3d728ecba,A vendre s+3 Haute Standing en plein Zone Touristique mahdia,460.0,Tunis,Appartement,147.0,2,1,vente,https://agencehana.tn/property/a-vendre-s3-haute-standing-en-plein-zone-touristique-mahdia-2/,location,False,,,,,,3.129251700680272
698be12f1be0d2f3d728ecbb,louer S+2 spacieux Hiboune Mahdia,650.0,Tunis,Appartement,100.0,1,1,vente,https://agencehana.tn/property/a-louer-s2-spacieux-a-hiboune-mahdia-2/,location,True,,,,,,6.5
698be1311be0d2f3d728ecbc,vendre s+1 luxe et directement promoteur mahdia,264.0,Tunis,Appartement,5.0,1,1,vente,https://agencehana.tn/property/a-vendre-s1-luxe-et-directement-promoteur-a-mahdia-2/,location,False,,,,,,52.8
698be1331be0d2f3d728ecbd,A Vendre Appartement S+2 Neuf Raoudha Mahdia,338.0,Tunis,Appartement,129.0,1,1,vente,https://agencehana.tn/property/a-vendre-appartement-s2-neuf-a-raoudha-mahdia/,location,False,,,,,,2.62015503875969
698be1351be0d2f3d728ecbe,a lanne s+2 sur la route principale borj arif mahdia,650.0,Tunis,Appartement,102.0,2,1,vente,https://agencehana.tn/property/a-lannee-s2-sur-la-route-principale-a-borj-arif-mahdia/,location,False,,,,,,6.372549019607843
698be13a1be0d2f3d728ecc0,petite immeuble de trois appartements avec garage vendre,650.0,Tunis,Appartement,425.0,200,1,vente,https://agencehana.tn/property/petite-immeuble-de-03-appartements-avec-garage-a-vendre/,location,False,,,,,,1.5294117647058822
698be13e1be0d2f3d728ecc2,appartement s+2 rz el ons pied dans leau corniche mahdia,600.0,Tunis,Appartement,102.0,2,1,vente,https://agencehana.tn/property/a-louer-appartement-s2-pied-dans-leau-pour-vacance-3/,location,False,,,,,,5.882352941176471
698be1411be0d2f3d728ecc3,vendre appartement s+1 haut standing et vue sur mer mahdia,400.0,Tunis,Appartement,83.0,1,1,vente,https://agencehana.tn/property/a-vendre-appartement-s1-haut-standing-et-vue-sur-mer/,location,False,,,,,,4.819277108433735
698be1431be0d2f3d728ecc4,a louer appartement s+2 rz fatimides haut standing,680.0,Tunis,Appartement,120.0,2,1,vente,https://agencehana.tn/property/a-louer-appartement-s2-rz-fatimides-haut-standing-pour-vacance-2/,location,False,,,,,,5.666666666666667
698be1491be0d2f3d728ecc7,bien vendre s+3 directement promoteur avec piscine mahdia,602.0,Tunis,Appartement,134.0,2,1,vente,https://agencehana.tn/property/bien-a-vendre-s3-directement-promoteur-avec-piscine-a-mahdia/,location,False,,,,,,4.492537313432836
698be1701be0d2f3d728eccc,Vente de Terrains Rsidentiels Kairouan,70.0,Tunis,Appartement,158.0,1,1,vente,https://tunisie-immobilier.net/immobilier-tunisie/vente-de-terrains-residentiels-a-kairouan/,location,False,,,,,,0.4430379746835443
698be18d1be0d2f3d728ecd3,PROPOS DE CE BIEN,1200.0,Nabeul,Appartement,130.0,1,1,vente,https://www.adam-immo.com/bien/details/127843-rez-de-chaussee-de-villa-s2-meuble-a-lido-nabeul,location,False,,,,,,9.23076923076923
698be19b1be0d2f3d728ecd9,PROPOS DE CE BIEN,800.0,Nabeul,Appartement,95.0,1,1,vente,https://www.adam-immo.com/bien/details/128070-etage-de-villa-s2-meuble-centre-ville-de-nabeul,location,False,,,,,,8.421052631578947
698be1a81be0d2f3d728ecdd,PROPOS DE CE BIEN,1200.0,Nabeul,Appartement,80.0,1,1,vente,https://www.adam-immo.com/bien/details/102185-cabinet-medical-en-plein-centre-ville-de-nabeul,location,False,,,,,,15.0
6990aa7a31d6a7e29e31efbb,louer appartement S+2 El Menzah 7 - 90 m,386771.0,Tunis,Appartement,90.0,1,1,vente,https://century21.tn/property/a-louer-appartement-s2-el-menzah-7-2/,location,False,,,,,,4297.455555555555
6990ab4531d6a7e29e31effd,louer Bureaux 172 m/261 m au Lac III Tunis,220.0,Tunis,Appartement,172.0,4,1,vente,https://www.darcomtunisia.com/bien/details/116891-a-louer-bureaux-172-m261-m-au-lac-iii,location,False,,,,,,1.2790697674418605
6990accc31d6a7e29e31f015,A louer un appartement aux Berges du Lac 1,5500.0,Tunis,Appartement,170.0,1,1,vente,https://www.expatries-tunisie.com/bien/details/6537-a-louer-un-appartement-aux-berges-du-lac-1,location,False,,,,,,32.35294117647059
6990acce31d6a7e29e31f016,"Villa avec jardin a Carthage Dermech Carthage, Carthage, Tunis",3500.0,Tunis,Appartement,280.0,1,1,vente,https://www.immobilier.com.tn/annonce/23526/villa-avec-jardin-a-carthage-dermech,location,False,,,,,,12.5
6990acd131d6a7e29e31f018,"Location d'un Entrepot de 1000m Raoued Raoued, Raoued, Ariana",6000.0,Tunis,Appartement,1000.0,1,1,vente,https://www.immobilier.com.tn/annonce/23991/location-dun-entrepot-de-1000m2-a-raoued,location,False,,,,,,6.0
6990acd331d6a7e29e31f01a,"Duplex meubl la Marsa La Marsa, Tunis",2500.0,Tunis,Appartement,120.0,1,1,vente,https://www.immobilier.com.tn/annonce/24611/duplex-meuble-a-la-marsa,location,False,,,,,,20.833333333333332
6990acd431d6a7e29e31f01b,"Etage de villa Gammarth suprieur Gammart, La Marsa, Tunis",1500.0,Tunis,Appartement,70.0,1,1,vente,https://www.immobilier.com.tn/annonce/26218/etage-de-villa-a-gammarth-superieur,location,True,,,,,,21.428571428571427
6990acd531d6a7e29e31f01c,"LOCATION/ LOCAL COMMERCIAL -MENZAH 5 Ariana, Ariana Ville, Ariana",1700.0,Tunis,Appartement,45.0,1,1,vente,https://www.immobilier.com.tn/annonce/24267/location-local-commercial-menzah-5,location,False,,,,,,37.77777777777778
6990acd731d6a7e29e31f01e,"A vendre appartements neufs lac 2 Berges Du Lac 2, La Marsa, Tunis",4500.0,Tunis,Appartement,272.0,1,1,vente,https://www.immobilier.com.tn/annonce/27331/a-vendre-appartements-neufs-lac-2,location,False,,,,,,16.544117647058822
6990acd931d6a7e29e31f020,"S+2 a louer sidi daoud Sidi Daoud, La Marsa, Tunis",950.0,Tunis,Appartement,130.0,1,1,vente,https://www.immobilier.com.tn/annonce/24599/s2-a-louer-a-sidi-daoud,location,False,,,,,,7.3076923076923075
6990aef631d6a7e29e31f063,A louer S2 richement meubl Khzema,1350.0,Tunis,Appartement,110.0,1,1,vente,https://www.houni.tn/annonce/location/appartement/sousse/sousse-jawhara/hedi-chaker/a-louer-s2-richement-meuble-a-khzema/qqjbgo,location,False,,,,,,12.272727272727273
6990aef831d6a7e29e31f064,Appartement lgant S+2 louer - Sahloul 4,1250.0,Tunis,Appartement,90.0,1,1,vente,https://www.houni.tn/annonce/location/appartement/sousse/sousse-medina/bou-jaafer/appartement-elegant-s+2-a-louer-a-sahloul-4/o8kkvd,location,True,,,,,,13.88888888888889
6990aefa31d6a7e29e31f065,A louer une chic S2 Sahloul,1100.0,Tunis,Appartement,100.0,1,1,vente,https://www.houni.tn/annonce/location/appartement/sousse/sousse-jawhara/hedi-chaker/a-louer-une-chic-s2-a-sahloul/02bevf,location,False,,,,,,11.0
6990aefe31d6a7e29e31f067,A louer pour Toute lanne s+2 neuf en plein zone touristique Mahdia,2000.0,Tunis,Appartement,90.0,2,1,vente,https://www.houni.tn/annonce/location/appartement/mahdia/mahdia/zouila/a-louer-pour-toute-l’annee-s+2-neuf-en-plein-zone/0xf07m,location,False,,,,,,22.22222222222222
6990af0131d6a7e29e31f069,louer S+2 spacieux Hiboune Mahdia,650.0,Tunis,Appartement,100.0,1,1,vente,https://www.houni.tn/annonce/location/appartement/mahdia/mahdia/mahdia/a-louer-s+2-spacieux-a-hiboune-mahdia/1omea7,location,True,,,,,,6.5
6990af0631d6a7e29e31f06d,Appartement dans une belle rsidence yasmine hammamet,220.0,Tunis,Appartement,75.0,1,1,vente,https://www.houni.tn/annonce/location/appartement/sousse/bouficha/sidi-m-tir/appartement-dans-une-belle-residence-a-yasmine-ham/riags5,location,False,,,,,,2.933333333333333
6990af0731d6a7e29e31f06e,: S+2,750.0,Tunis,Appartement,150.0,1,1,vente,https://www.houni.tn/annonce/location/maison/mahdia/mahdia/mahdia/🏡-للكراء-دار-جديدة-s+2/t3qivm,location,False,,,,,,5.0
6990af0831d6a7e29e31f06f,prs steg ezzahra,800.0,Tunis,Appartement,95.0,1,1,vente,https://www.houni.tn/annonce/location/appartement/ben-arous/ezzahra/cite-el-habib/الزهراء-النخيل-pres-steg-ezzahra/ar1t4,location,False,,,,,,8.421052631578947
6990af0931d6a7e29e31f070,tage De Villa S+3 Lanne Proche De La Plage,950.0,Tunis,Appartement,150.0,4,1,vente,https://www.houni.tn/annonce/colocation/appartement/mahdia/mahdia/hiboun/etage-de-villa-s+3-a-l’annee-proche-de-la-plage/jz7kon,location,False,,,,,,6.333333333333333
6990af0b31d6a7e29e31f071,A louer Luxueux Appartement S+0 jamais habit,1000.0,Tunis,Appartement,80.0,1,1,vente,https://www.houni.tn/annonce/location/appartement/ben-arous/mornag/khelidia/a-louer-luxueux-appartement-s+0-jamais-habite/wo6nua,location,True,,,,,,12.5
6990af1031d6a7e29e31f073,appartement zone touristique borj cedria,750.0,Tunis,Appartement,70.0,3,1,vente,https://www.houni.tn/annonce/location/appartement/ben-arous/hammam-chatt/borj-cedria/appartement-zone-touristique-borj-cedria/1s2jet,location,True,,,,,,10.714285714285714
6990af1231d6a7e29e31f074,"** Louer - Appartement S+3 Megrine Riadh, Jamais Habit",1300.0,Tunis,Appartement,120.0,4,1,vente,https://www.houni.tn/annonce/location/appartement/ben-arous/megrine/megrine-riadh/**a-louer-appartement-s+3-a-megrine-riadh-jamai/1upfz,location,False,,,,,,10.833333333333334
6990af1531d6a7e29e31f076,Rservez pour vos vancances d't,2500.0,Tunis,Appartement,70.0,2,1,vente,https://www.houni.tn/annonce/location/appartement/sousse/hammam-sousse/el-kantaoui/reservez-pour-vos-vancances-d-ete/dm6in9,location,False,,,,,,35.714285714285715
6990af1831d6a7e29e31f077,A louer une coquette S1 Sahloul,1000.0,Tunis,Appartement,80.0,1,1,vente,https://www.houni.tn/annonce/location/appartement/sousse/sousse-jawhara/hedi-chaker/a-louer-une-coquette-s1-a-sahloul/b22t29,location,True,,,,,,12.5
6990af1b31d6a7e29e31f079,studio neuf jamais habit pour toute lanne hiboune mahdia,550.0,Tunis,Appartement,35.0,1,1,vente,https://www.houni.tn/annonce/location/appartement/mahdia/mahdia/hiboun/studio-neuf-jamais-habite-pour-toute-l’annee-a-hib/1qn157,location,True,,,,,,15.714285714285714
6990af1c31d6a7e29e31f07a,appartement s+2 neuf trs haut standing pour la location mahdia,750.0,Tunis,Appartement,102.0,2,1,vente,https://www.houni.tn/annonce/location/appartement/mahdia/mahdia/mahdia/appartement-s+2-neuf-tres-haut-standing-pour-la-lo/xfr5ha,location,False,,,,,,7.352941176470588
6990af2131d6a7e29e31f07d,Location De maison,550.0,Tunis,Appartement,110.0,1,1,vente,https://www.houni.tn/annonce/location/maison/ben-arous/la-nouvelle-medina/el-yasminet/location-de-maison/k9o2qj,location,False,,,,,,5.0
6990af2231d6a7e29e31f07e,+,1500.0,Tunis,Appartement,130.0,1,1,vente,https://www.houni.tn/annonce/location/appartement/sousse/kalaa-kebira/essed-ouest/a-𝗹𝗼𝘂𝗲𝗿-–-𝗔𝗽𝗽𝗮𝗿𝘁𝗲𝗺𝗲𝗻𝘁-𝗦+𝟯-a-𝗞𝗵/igki5w,location,True,,,,,,11.538461538461538
6990af2431d6a7e29e31f07f,Local Commercial sur La Route du Relais La Marsa MCL0583,4500.0,Tunis,Appartement,125.0,1,1,vente,https://www.houni.tn/annonce/location/bureaux-et-commerces/tunis/la-marsa/el-bahr-el-azrak/local-commercial-sur-la-route-du-relais-a-la-marsa/fk8tbi,location,False,,,,,,36.0
6990af2631d6a7e29e31f080,,420.0,Tunis,Appartement,60.0,1,1,vente,https://www.houni.tn/annonce/location/appartement/ben-arous/hammam-lif/hammem-lif-bou-kornine/بو-قرنين-ناهج-ليبيا/38xcou,location,False,,,,,,7.0
6990af2931d6a7e29e31f081,"Espace de coworking louer Tunis, Av. De La Monnaie",569.0,Tunis,Appartement,10.0,1,1,vente,https://www.houni.tn/annonce/location/bureaux-et-commerces/tunis/la-goulette/taieb-mhiri/espace-de-coworking-a-louer-a-tunis-av.-de-la-mon/xeljs,location,False,,,,,,56.9
6990af2a31d6a7e29e31f082,a louer s+2 vue mer avec place parking sous sol,1000.0,Tunis,Appartement,101.0,2,1,vente,https://www.houni.tn/annonce/location/appartement/mahdia/mahdia/mahdia/a-louer-s+2-vue-mer-avec-place-parking-sous-sol/9y0sgj,location,False,,,,,,9.900990099009901
6990af2c31d6a7e29e31f083,a louer un appartement s2 a megrine coteaux,850.0,Tunis,Appartement,120.0,2,1,vente,https://www.houni.tn/annonce/location/appartement/ben-arous/megrine/megrine-riadh/a-louer-un-appartement-s2-a-megrine-coteaux/qo4v5t,location,False,,,,,,7.083333333333333
6990af2d31d6a7e29e31f084,,50.0,Tunis,Appartement,100.0,1,1,vente,https://www.houni.tn/annonce/location/appartement/mahdia/ksour-essef/salakta/منزل-مؤثث-،-في-قصور-الساف-في-ولاية-المهدية-،-للكرا/3miv4i,location,True,,,,,,0.5
6990af2f31d6a7e29e31f085,Chambre individuelle louer,250.0,Tunis,Appartement,80.0,3,1,vente,https://www.houni.tn/annonce/location/appartement/ben-arous/ben-arous/el-mehiri/chambre-individuelle-a-louer/yxg9jy,location,False,,,,,,3.125
6990af3031d6a7e29e31f086,appartement s+1 de charme proche de la plage et vue mer,600.0,Tunis,Appartement,75.0,4,1,vente,https://www.houni.tn/annonce/location/appartement/mahdia/mahdia/mahdia/appartement-s+1-de-charme-proche-de-la-plage-et-vu/l6zpdv,location,False,,,,,,8.0
6990af3231d6a7e29e31f087,A lanne s+1 haut standing en plein zone touristique,850.0,Tunis,Appartement,59.0,2,1,vente,https://www.houni.tn/annonce/location/appartement/mahdia/mahdia/mahdia/a-l’annee-s+1-haut-standing-en-plein-zone-touristi/7e7ag8,location,False,,,,,,14.40677966101695
6990af3531d6a7e29e31f089,A louer s+1 appart htel Mahdia Beach Mahdia,1500.0,Tunis,Appartement,50.0,1,1,vente,https://www.houni.tn/annonce/location/appartement/mahdia/mahdia/zouila/a-louer-s+1-appart-‘hotel-mahdia-beach-a-mahdia/wp2a89,location,False,,,,,,30.0
6990af3731d6a7e29e31f08a,Un Bien S+2 Louer Vue Mer Corniche Mahdia,1500.0,Tunis,Appartement,120.0,2,1,vente,https://www.houni.tn/annonce/location/appartement/mahdia/mahdia/zouila/un-bien-s+2-a-louer-vue-mer-a-corniche-mahdia/2oiyo,location,False,,,,,,12.5
6990af3931d6a7e29e31f08b,Superbe appartement S+2 louer - Sahloul 4,1100.0,Tunis,Appartement,90.0,1,1,vente,https://www.houni.tn/annonce/location/appartement/sousse/sousse-medina/bou-jaafer/superbe-appartement-s+2-a-louer-a-sahloul-4/oykuwy,location,False,,,,,,12.222222222222221
6990af3c31d6a7e29e31f08d,1,50.0,Tunis,Appartement,100.0,1,1,vente,https://www.houni.tn/annonce/location/appartement/mahdia/ksour-essef/salakta/منزل-مؤثث-،-يبعد-1-دقيقة-مشي-عن-البحر-،-في-قصور-ال/dxertn,location,True,,,,,,0.5
6990af4131d6a7e29e31f090,a lanne s+2 sur la route principale borj arif mahdia,700.0,Tunis,Appartement,102.0,2,1,vente,https://www.houni.tn/annonce/location/appartement/mahdia/mahdia/mahdia/a-l’annee-s+2-sur-la-route-principale-a-borj-arif/698vj,location,False,,,,,,6.862745098039215
6990af4331d6a7e29e31f091,Spacieux appartement de type S2,1100000.0,Tunis,Appartement,120.0,3,1,vente,https://www.houni.tn/annonce/location/appartement/sousse/hammam-sousse/bir-moussa/spacieux-appartement-de-type-s2/pa8lt,location,False,,,,,,9166.666666666666
6990af4631d6a7e29e31f093,( ),420.0,Tunis,Appartement,75.0,1,1,vente,https://www.houni.tn/annonce/location/maison/ben-arous/hammam-lif/hammem-lif-bou-kornine/كراء-(بدون-أطفال)/y0ctnj,location,False,,,,,,5.6
6990af4831d6a7e29e31f094,Vente dun logement ariana,376.0,Tunis,Appartement,5.0,2,1,vente,https://houni.tn/fr/vente/logement/ariana/g-23,location,False,,,,,,75.2
6990af4a31d6a7e29e31f095,tage de villa Ezzahra,1000.0,Tunis,Appartement,172.0,1,1,vente,https://www.houni.tn/annonce/location/maison/ben-arous/mornag/khelidia/etage-de-villa-ezzahra/gltwq5,location,False,,,,,,5.813953488372093
6990af4c31d6a7e29e31f096,"louer pour location scolaire, S+1 neuf vue sur Mahdia",650.0,Tunis,Appartement,70.0,3,1,vente,https://www.houni.tn/annonce/location/appartement/mahdia/mahdia/mahdia/a-louer-pour-location-scolaire-s+1-neuf-vue-sur-m/wy0525,location,False,,,,,,9.285714285714286
6990af4e31d6a7e29e31f097,appartement s+1 avec piscine a louer en plein zone touristique Mahdia lanne,1500.0,Tunis,Appartement,66.0,2,1,vente,https://www.houni.tn/annonce/location/appartement/mahdia/mahdia/zouila/appartement-s+1-avec-piscine-a-louer-en-plein-zone/lepo2w,location,False,,,,,,22.727272727272727
6990af4f31d6a7e29e31f098,Appartement s2 meubl vue sur mer au Lac2,3500.0,Tunis,Appartement,120.0,1,1,vente,https://www.houni.tn/annonce/location/appartement/ben-arous/lac-de-tunis/lac-de-tunis/appartement-s2-meuble-vue-sur-mer-au-lac2/522oym,location,True,,,,,,29.166666666666668
6990af5131d6a7e29e31f099,A louer S1 richement meubl Sahloul,1350.0,Tunis,Appartement,100.0,1,1,vente,https://www.houni.tn/annonce/location/appartement/sousse/sousse-jawhara/hedi-chaker/a-louer-s1-richement-meuble-a-sahloul/w7w92b,location,False,,,,,,13.5
6990af5231d6a7e29e31f09a,appartement meubl independant pour famille,750.0,Tunis,Appartement,70.0,3,1,vente,https://www.houni.tn/annonce/location/appartement/ben-arous/hammam-chatt/borj-cedria/appartement-meuble-independant-pour-famille/t5qmsl,location,True,,,,,,10.714285714285714
6990af5431d6a7e29e31f09b,A louer S2 prs Bonpi Sahloul,800.0,Tunis,Appartement,100.0,1,1,vente,https://www.houni.tn/annonce/location/appartement/sousse/sousse-jawhara/mohamed-el-karoui/a-louer-s2-pres-bonepi-sahloul/75b943,location,True,,,,,,8.0
6990af5531d6a7e29e31f09c,un bien pour toute lanne avec parking en plein zone touristique Mahdia,1400.0,Tunis,Appartement,124.0,2,1,vente,https://www.houni.tn/annonce/location/appartement/mahdia/mahdia/hiboun/un-bien-pour-toute-l’annee-avec-parking-en-plein-z/42pwwr,location,False,,,,,,11.290322580645162
6990af5931d6a7e29e31f09e,appartement richement meubl zone touristique borj cedria,750.0,Tunis,Appartement,70.0,3,1,vente,https://www.houni.tn/annonce/location/appartement/ben-arous/hammam-chatt/borj-cedria/appartement-richement-meuble-zone-touristique-borj/6nkxj3,location,True,,,,,,10.714285714285714
6990af5b31d6a7e29e31f09f,A louer appartement s+1 panorama en plein zone touristique,550.0,Tunis,Appartement,65.0,3,1,vente,https://www.houni.tn/annonce/location/appartement/mahdia/mahdia/mahdia/a-louer-appartement-s+1-panorama-en-plein-zone-tou/3ibzkr,location,False,,,,,,8.461538461538462
6990af5d31d6a7e29e31f0a0,louer appartement s+1 rz ayed proche de la plage mahdia,500.0,Tunis,Appartement,75.0,1,1,vente,https://www.houni.tn/annonce/location/appartement/mahdia/mahdia/mahdia/a-louer-appartement-s+1-rz-ayed-proche-de-la-plage/mskgy,location,False,,,,,,6.666666666666667
6990af5e31d6a7e29e31f0a1,"Pour location scolaire, appartement S+2 neuf avec parking sous-sol",1000.0,Tunis,Appartement,100.0,2,1,vente,https://www.houni.tn/annonce/location/appartement/mahdia/mahdia/mahdia/pour-location-scolaire-appartement-s+2-neuf-avec/4dprug,location,False,,,,,,10.0
6990af6031d6a7e29e31f0a2,A louer sublime Penthouse meubl khzema,2500.0,Tunis,Appartement,200.0,1,1,vente,https://www.houni.tn/annonce/location/appartement/sousse/sousse-jawhara/hedi-chaker/a-louer-sublime-penthouse-meuble-a-khzema/cqc3no,location,False,,,,,,12.5
6990af6131d6a7e29e31f0a3,Location un magnifique S+3 non meubl au RDC - Hammam Sousse,1700.0,Tunis,Appartement,140.0,1,1,vente,https://www.houni.tn/annonce/location/appartement/sousse/kalaa-kebira/essed-ouest/location-un-magnifique-s+3-non-meuble-au-rdc-a-h/ds1fjf,location,True,,,,,,12.142857142857142
6990af6331d6a7e29e31f0a4,louer pour la saison scolaire app s+1 rz fatimides,600.0,Tunis,Appartement,65.0,4,1,vente,https://www.houni.tn/annonce/location/appartement/mahdia/mahdia/mahdia/a-louer-pour-la-saison-scolaire-app-s+1-rz-fatimid/umx5x6,location,False,,,,,,9.23076923076923
6990af6531d6a7e29e31f0a5,A louer S3 meubl Khzema,650.0,Tunis,Appartement,100.0,1,1,vente,https://www.houni.tn/annonce/location/appartement/sousse/sousse-jawhara/hedi-chaker/a-louer-s3-meuble-a-khzema/zru238,location,True,,,,,,6.5
6990b2d931d6a7e29e31f0b1,Terrains Ben Arous,350.0,Tunis,Appartement,657.0,1,1,vente,https://cava.tn/category/immobilier/terrains/a/Ben-Arous,location,False,,,,,,0.532724505327245
6990b2dc31d6a7e29e31f0b3,Terrains Manouba,160.0,Tunis,Appartement,235.0,1,1,vente,https://cava.tn/category/immobilier/terrains/a/Manouba,location,True,,,,,,0.6808510638297872
6990b2e231d6a7e29e31f0b7,Maisons et Villas Bizerte,700.0,Tunis,Appartement,500.0,1,1,vente,https://cava.tn/category/immobilier/maisons_et_villas/a/Bizerte,location,False,,,,,,1.4
6990b2e331d6a7e29e31f0b8,Terrains Jendouba,320.0,Tunis,Appartement,950.0,1,1,vente,https://cava.tn/category/immobilier/terrains/a/Jendouba,location,True,,,,,,0.3368421052631579
6990b2f631d6a7e29e31f0c7,Bureaux & Commerces Ariana,70.0,Tunis,Appartement,240.0,1,1,vente,https://cava.tn/category/immobilier/bureaux_et_commerces/a/Ariana/search?product_Type%20transaction=A%20Vendre,location,False,,,,,,0.2916666666666667
6990b2fc31d6a7e29e31f0c8,Terrains Bizerte,110.0,Tunis,Appartement,950.0,1,1,vente,https://cava.tn/category/immobilier/terrains/a/Bizerte,location,False,,,,,,0.11578947368421053
6990b30b31d6a7e29e31f0cf,Terrains Mahdia,540.0,Tunis,Appartement,516.0,1,1,vente,https://cava.tn/category/immobilier/terrains/a/Mahdia,location,False,,,,,,1.0465116279069768
6990b31331d6a7e29e31f0d4,Appartements Ben Arous,305.0,Tunis,Appartement,125.0,1,1,vente,https://cava.tn/category/immobilier/appartemen/a/Ben-Arous,location,False,,,,,,2.44
6990b33b31d6a7e29e31f0f3,Maisons et Villas Ben Arous,265.0,Tunis,Appartement,340.0,6,1,vente,https://cava.tn/category/immobilier/maisons_et_villas/a/Ben-Arous,location,False,,,,,,0.7794117647058824
6990b34331d6a7e29e31f0f9,Terrains Nabeul,150.0,Tunis,Appartement,773.0,1,1,vente,https://cava.tn/category/immobilier/terrains/a/Nabeul,location,False,,,,,,0.19404915912031048
6990b34531d6a7e29e31f0fa,Terrains Sfax,150.0,Tunis,Appartement,606.0,1,1,vente,https://cava.tn/category/immobilier/terrains/a/Sfax,location,False,,,,,,0.24752475247524752
6990b34731d6a7e29e31f0fb,Terrains Monastir,400.0,Tunis,Appartement,2200.0,1,1,vente,https://cava.tn/category/immobilier/terrains/a/Monastir,location,False,,,,,,0.18181818181818182
6990b34b31d6a7e29e31f0fe,Appartements Manouba,590.0,Tunis,Appartement,133.0,1,1,vente,https://cava.tn/category/immobilier/appartemen/a/Manouba,location,False,,,,,,4.43609022556391
6990b37531d6a7e29e31f108,Location de vacances S+1 Rz Fatimides en plein zone touristique,950.0,Tunis,Appartement,180.0,1,1,vente,https://agencehana.tn/property/s1-neuf-pour-location-scolaire-en-plein-zone-touristique-2/,location,False,,,,,,5.277777777777778
6990b37931d6a7e29e31f10a,Terrain Vendre proche de la plage baghdedi mahdia,650.0,Tunis,Appartement,1230.0,1,1,vente,https://agencehana.tn/property/terrain-a-vendre-proche-de-la-plage-a-baghdedi-mahdia/,location,False,,,,,,0.5284552845528455
6990b38431d6a7e29e31f110,Terrain Pour Investissement Vendre En Plein Zone Touristique Mahdia,300.0,Tunis,Appartement,6669.0,1,1,vente,https://agencehana.tn/property/terrain-pour-investissement-a-vendre-en-plein-zone-touristique-mahdia/,location,False,,,,,,0.0449842555105713
6990b38631d6a7e29e31f111,terrain titr vendre,300.0,Tunis,Appartement,1520.0,1,1,vente,https://agencehana.tn/property/terrain-titre-a-vendre/,location,False,,,,,,0.19736842105263158
6990b38a31d6a7e29e31f113,Terrain Vendre la sokra,600.0,Tunis,Appartement,430.0,1,1,vente,https://agencehana.tn/property/terrain-a-vendre-a-la-sokra/,location,False,,,,,,1.3953488372093024
6990b3a331d6a7e29e31f11f,terrain pied dans leau vendre baghdedi,180.0,Tunis,Appartement,3032.0,1,1,vente,https://agencehana.tn/property/terrain-pied-dans-leau-a-vendre-a-baghdedi/,location,False,,,,,,0.059366754617414245
6990b3a531d6a7e29e31f120,vendre local commercial et deux appartement sur la route principale,780.0,Tunis,Appartement,214.0,1,1,vente,https://agencehana.tn/property/a-vendre-local-commercial-et-deux-appartement-sur-la-route-principale/,location,False,,,,,,3.6448598130841123
6990b3a831d6a7e29e31f121,vendre grand terrain proche de la mer,400.0,Tunis,Appartement,2784.0,1,1,vente,https://agencehana.tn/property/grand-terrain-proche-de-la-mer/,location,False,,,,,,0.14367816091954022
6990b40731d6a7e29e31f122,PROPOS DE CE BIEN,750.0,Nabeul,Appartement,70.0,1,1,vente,https://www.adam-immo.com/bien/details/110046-bureau-h2-de-70-m-a-nabeul-centre-ville,location,False,,,,,,10.714285714285714
6990b40a31d6a7e29e31f123,PROPOS DE CE BIEN,1600.0,Nabeul,Appartement,120.0,1,1,vente,https://www.adam-immo.com/bien/details/119799-a-louer-etage-de-villa-s3-meuble-a-hammamet-sud,location,True,,,,,,13.333333333333334
6990b40c31d6a7e29e31f124,PROPOS DE CE BIEN,900.0,Nabeul,Appartement,60.0,1,1,vente,https://www.adam-immo.com/bien/details/111754-bureau-h1-de-60-m-a-de-nabeul,location,False,,,,,,15.0
6990b40f31d6a7e29e31f125,PROPOS DE CE BIEN,1400.0,Nabeul,Appartement,120.0,1,1,vente,https://www.adam-immo.com/bien/details/125059-appartement-s3-vide-vue-de-mer-a-mrezga,location,True,,,,,,11.666666666666666
6990b41031d6a7e29e31f126,PROPOS DE CE BIEN,1400.0,Nabeul,Appartement,120.0,2,1,vente,https://www.adam-immo.com/bien/details/122691-etage-de-villa-s3-meuble-a-nabeul,location,False,,,,,,11.666666666666666
6990b41231d6a7e29e31f127,PROPOS DE CE BIEN,1400.0,Nabeul,Appartement,120.0,1,1,vente,https://www.adam-immo.com/bien/details/124876-etage-de-villa-s3-a-afh-nabeul,location,True,,,,,,11.666666666666666
6990b41431d6a7e29e31f128,PROPOS DE CE BIEN,1200.0,Nabeul,Appartement,23.0,1,1,vente,https://www.adam-immo.com/bien/details/113101-local-commercial-au-centre-ville-de-nabeul,location,False,,,,,,52.17391304347826
6990b41631d6a7e29e31f129,PROPOS DE CE BIEN,1200.0,Nabeul,Appartement,65.0,1,1,vente,https://www.adam-immo.com/bien/details/102201-cabinet-medical-en-plein-centre-ville-de-nabeul,location,False,,,,,,18.46153846153846
6990b41831d6a7e29e31f12a,PROPOS DE CE BIEN,1600.0,Nabeul,Appartement,120.0,1,1,vente,https://www.adam-immo.com/bien/details/118283-appartement-s2-meuble-vue-mer-avec-parking-nabeul,location,True,,,,,,13.333333333333334
6990b41b31d6a7e29e31f12c,PROPOS DE CE BIEN,1300.0,Nabeul,Appartement,120.0,3,1,vente,https://www.adam-immo.com/bien/details/117297-appartement-rdc-s3-meuble-a-neapolis-nabeul,location,False,,,,,,10.833333333333334
6990b42031d6a7e29e31f12e,PROPOS DE CE BIEN,800.0,Nabeul,Appartement,80.0,1,1,vente,https://www.adam-immo.com/bien/details/109300-bureau-h2-de-80-m-sur-une-route-principale-a-nabeul,location,False,,,,,,10.0
6990b42131d6a7e29e31f12f,PROPOS DE CE BIEN,950.0,Nabeul,Appartement,110.0,1,1,vente,https://www.adam-immo.com/bien/details/110033-bureau-h3-de-110-m-a-nabeul-centre-ville,location,False,,,,,,8.636363636363637
6990b42331d6a7e29e31f130,PROPOS DE CE BIEN,650.0,Nabeul,Appartement,60.0,1,1,vente,https://www.adam-immo.com/bien/details/118460-appartement-s1-meuble-a-jinene-beni-khiar,location,False,,,,,,10.833333333333334
6990b42531d6a7e29e31f131,PROPOS DE CE BIEN,1800.0,Nabeul,Appartement,180.0,1,1,vente,https://www.adam-immo.com/bien/details/128046-duplex-s4-independant-a-afh1-nabeul,location,False,,,,,,10.0
6990b42631d6a7e29e31f132,PROPOS DE CE BIEN,900.0,Nabeul,Appartement,150.0,1,1,vente,https://www.adam-immo.com/bien/details/128169-etage-de-villa-s4-vide-a-nabeul,location,False,,,,,,6.0
6990b42831d6a7e29e31f133,PROPOS DE CE BIEN,1050.0,Nabeul,Appartement,60.0,1,1,vente,https://www.adam-immo.com/bien/details/128166-appartement-s1-meuble-au-bord-de-la-mer-a-sidi-slimane,location,False,,,,,,17.5
6990b42931d6a7e29e31f134,PROPOS DE CE BIEN,800.0,Nabeul,Appartement,30.0,1,1,vente,https://www.adam-immo.com/bien/details/111758-local-commercial-de-30-m-au-center-ville-de-nabeul,location,False,,,,,,26.666666666666668
6990b42b31d6a7e29e31f135,PROPOS DE CE BIEN,1600.0,Nabeul,Appartement,90.0,1,1,vente,https://www.adam-immo.com/bien/details/116772-a-louer-appartement-s2-meuble-avec-jardin-parking-sous-sol,location,False,,,,,,17.77777777777778
6990b42d31d6a7e29e31f136,PROPOS DE CE BIEN,650.0,Nabeul,Appartement,20.0,1,1,vente,https://www.adam-immo.com/bien/details/111824-local-commercial-de-20-m-au-center-ville-de-nabeul,location,False,,,,,,32.5
6990b42f31d6a7e29e31f137,PROPOS DE CE BIEN,700.0,Nabeul,Appartement,60.0,1,1,vente,https://www.adam-immo.com/bien/details/121248-etage-de-villa-s1-vide-a-afh1-nabeul,location,False,,,,,,11.666666666666666
6990b43031d6a7e29e31f138,PROPOS DE CE BIEN,1800.0,Nabeul,Appartement,190.0,1,1,vente,https://www.adam-immo.com/bien/details/117414-rdc-de-villa-s3-meuble-a-mrezga,location,False,,,,,,9.473684210526315
6990b43231d6a7e29e31f139,PROPOS DE CE BIEN,4500.0,Nabeul,Appartement,250.0,1,1,vente,https://www.adam-immo.com/bien/details/109317-a-louer-local-commercial-de-250-m-a-nabeul,location,False,,,,,,18.0
6990b43b31d6a7e29e31f13b,BIBOU,550.0,Tunis,Appartement,222.0,1,1,vente,https://azurimmobiliere.com/vente/maisons/vma735/bibou,location,True,,,,,,2.4774774774774775
6990b43d31d6a7e29e31f13c,APPARTEMENT MARINA,250.0,Tunis,Appartement,75.0,1,1,vente,https://azurimmobiliere.com/vente/appartements/va-213/appartement-marina,location,False,,,,,,3.3333333333333335
6990b43f31d6a7e29e31f13d,APPARTEMENT KSAR,260.0,Tunis,Appartement,112.0,2,1,vente,https://azurimmobiliere.com/vente/appartements/va-237/appartement-ksar,location,False,,,,,,2.3214285714285716
6990b44031d6a7e29e31f13e,MAISON KRAMAN,320.0,Tunis,Appartement,200.0,1,1,vente,https://azurimmobiliere.com/vente/maisons/vm-641/maison-kraman,location,False,,,,,,1.6
6990b44531d6a7e29e31f13f,APPARTEMENT HBIBA,265.0,Tunis,Appartement,112.0,2,1,vente,https://azurimmobiliere.com/vente/appartements/va-206/appartement-hbiba,location,False,,,,,,2.3660714285714284
6990b44631d6a7e29e31f140,NICOLAS,850.0,Tunis,Appartement,290.0,2,1,vente,https://azurimmobiliere.com/vente/villas/vv731/nicolas,location,False,,,,,,2.9310344827586206
6990b59731d6a7e29e31f142,Ayoub Immobilier Hammamet,2800.0,Tunis,Appartement,150.0,1,1,vente,http://www.ayoubimmobilierhammamet.com/bien/details/12436-villa-jinen-25,location,True,,,,,,18.666666666666668
6990b59e31d6a7e29e31f143,Ayoub Immobilier Hammamet,2800.0,Tunis,Appartement,150.0,1,1,vente,http://www.ayoubimmobilierhammamet.com/bien/details/12444-villa-hbib-2,location,True,,,,,,18.666666666666668
6990b5a231d6a7e29e31f144,Ayoub Immobilier Hammamet,2800.0,Tunis,Appartement,150.0,1,1,vente,http://www.ayoubimmobilierhammamet.com/bien/details/11077-villa-oued-lassoued,location,True,,,,,,18.666666666666668
6990b5a631d6a7e29e31f145,Ayoub Immobilier Hammamet,2800.0,Tunis,Appartement,150.0,1,1,vente,http://www.ayoubimmobilierhammamet.com/bien/details/10881-appartement-nadhir-2,location,True,,,,,,18.666666666666668
6990b5ac31d6a7e29e31f146,Ayoub Immobilier Hammamet,2800.0,Tunis,Appartement,150.0,1,1,vente,http://www.ayoubimmobilierhammamet.com/bien/details/15343-maison-rimah,location,True,,,,,,18.666666666666668
6990b5b531d6a7e29e31f148,Ayoub Immobilier Hammamet,2800.0,Tunis,Appartement,150.0,1,1,vente,http://www.ayoubimmobilierhammamet.com/bien/details/10948-villa-l-olivier,location,True,,,,,,18.666666666666668
6990b5b931d6a7e29e31f149,Ayoub Immobilier Hammamet,2800.0,Tunis,Appartement,150.0,1,1,vente,http://www.ayoubimmobilierhammamet.com/bien/details/12257-studio-farouk,location,True,,,,,,18.666666666666668
6990b5bd31d6a7e29e31f14a,Ayoub Immobilier Hammamet,2800.0,Tunis,Appartement,150.0,1,1,vente,http://www.ayoubimmobilierhammamet.com/bien/details/12569-maison-chrif,location,True,,,,,,18.666666666666668
6990b5c231d6a7e29e31f14b,Ayoub Immobilier Hammamet,2800.0,Tunis,Appartement,150.0,1,1,vente,http://www.ayoubimmobilierhammamet.com/bien/details/10879-villa-samira,location,True,,,,,,18.666666666666668
6990b5c631d6a7e29e31f14c,Ayoub Immobilier Hammamet,2800.0,Tunis,Appartement,150.0,1,1,vente,http://www.ayoubimmobilierhammamet.com/bien/details/11280-studio-opera-4,location,True,,,,,,18.666666666666668
6990b68831d6a7e29e31f150,PROPOS DE CE BIEN,3430.0,Tunis,Appartement,80.0,1,1,vente,https://www.hrimmo.tn/bien/details/127699-bangalows-a-vendre-a-l-hotel-lido,location,False,,,,,,42.875
6990b68a31d6a7e29e31f151,PROPOS DE CE BIEN,3430.0,Tunis,Appartement,600.0,1,1,vente,https://www.hrimmo.tn/bien/details/118580-villa-merveilleuse-a-vendre-a-menchar-hammamet,location,False,,,,,,5.716666666666667
6990b68c31d6a7e29e31f152,Liste des appartements vendre,430.0,Tunis,Appartement,186.0,1,1,vente,https://www.hrimmo.tn/vente/appartement,location,True,,,,,,2.3118279569892475
6990b68d31d6a7e29e31f153,PROPOS DE CE BIEN,430.0,Tunis,Appartement,150.0,1,1,vente,https://www.hrimmo.tn/bien/details/124950-duplex-a-vendre-a-nabeul-zone-mora,location,False,,,,,,2.8666666666666667
6990b68f31d6a7e29e31f154,PROPOS DE CE BIEN,2000.0,Tunis,Appartement,900.0,1,1,vente,https://www.hrimmo.tn/bien/details/111382-villa-pour-location-a-jinen-beni-khiar-plage,location,False,,,,,,2.2222222222222223
6990b69831d6a7e29e31f158,PROPRITS VENDRE,430.0,Tunis,Appartement,80.0,1,1,vente,https://www.hrimmo.tn/vente,location,True,,,,,,5.375
6990b69a31d6a7e29e31f159,PROPOS DE CE BIEN,430.0,Tunis,Appartement,186.0,1,1,vente,https://www.hrimmo.tn/bien/details/124949-duplex-a-vendre-a-nabeul-zone-mora,location,True,,,,,,2.3118279569892475
6990b69c31d6a7e29e31f15a,Liste des maisons ou villas vendre,430.0,Tunis,Appartement,80.0,1,1,vente,https://www.hrimmo.tn/vente/maison,location,True,,,,,,5.375
6990b6a531d6a7e29e31f15c,Un superbe Appartement,300.0,Tunis,Appartement,250.0,2,1,vente,https://immoteam.tn/bien/details/44820-un-superbe-appartement,location,False,,,,,,1.2
6990b6b031d6a7e29e31f161,Terrain OSMOSE,850.0,Tunis,Appartement,200.0,2,1,vente,https://immoteam.tn/bien/details/40348-terrain-osmose,location,False,,,,,,4.25
6990b6b731d6a7e29e31f164,Terrain PRESTIGE,621.0,Tunis,Appartement,570.0,2,1,vente,https://immoteam.tn/bien/details/41048-terrain-prestige,location,False,,,,,,1.0894736842105264
6990b6bf31d6a7e29e31f168,Terrain Bouficha,260.0,Tunis,Appartement,3000.0,2,1,vente,https://immoteam.tn/bien/details/47315-terrain-bouficha,location,False,,,,,,0.08666666666666667
6990b70a31d6a7e29e31f170,PROPOS DE CE BIEN,750.0,Tunis,Appartement,100.0,1,1,vente,https://www.mostakbalimmo.com/bien/details/105198-location-des-bureaux,location,False,,,,,,7.5
6990b71131d6a7e29e31f174,PROPOS DE CE BIEN,500.0,Tunis,Appartement,324.0,1,1,vente,https://www.mostakbalimmo.com/bien/details/123397-a-vendre-complexe-polyvalent-exceptionnel-a-grombalia,location,False,,,,,,1.5432098765432098
6990b72e31d6a7e29e31f183,PROPOS DE CE BIEN,280.0,Tunis,Appartement,100.0,1,1,vente,https://www.mostakbalimmo.com/bien/details/114956-location-estivale-s3-a-kelibia-mansoura,location,False,,,,,,2.8
6990b74231d6a7e29e31f18b,PROPOS DE CE BIEN,3500.0,Tunis,Appartement,310.0,1,1,vente,https://www.mostakbalimmo.com/bien/details/110454-locale-commerciale,location,False,,,,,,11.290322580645162
6990b74c31d6a7e29e31f190,PROPOS DE CE BIEN,2550.0,Tunis,Appartement,350.0,1,1,vente,https://www.mostakbalimmo.com/bien/details/114591-local-commercial-a-louer,location,False,,,,,,7.285714285714286
6990b78531d6a7e29e31f1ab,"Oasis Immobilier Vente & location lanne, votre partenaire de confiance Hammamet",1350000.0,Tunis,Appartement,500.0,1,1,vente,https://oasisimmobilier.com/immobilier-tunisie/annonces-location/,location,True,,,,,,2700.0
6990b78731d6a7e29e31f1ac,Vente,2700.0,Tunis,Appartement,43.0,2,1,vente,https://oasisimmobilier.com/vente-appartement/,location,False,,,,,,62.7906976744186
6990b78a31d6a7e29e31f1ae,Vente,15600.0,Tunis,Appartement,104.0,1,1,vente,https://oasisimmobilier.com/achat-immobilier/hammamet-birbouregba/,location,True,,,,,,150.0
6990b78c31d6a7e29e31f1af,Vente,2700.0,Tunis,Appartement,104.0,2,1,vente,https://oasisimmobilier.com/immobilier-tunisie/annonces-achat/,location,True,,,,,,25.96153846153846
6990b79231d6a7e29e31f1b3,"Oasis Immobilier Vente & location lanne, votre partenaire de confiance Hammamet",1350000.0,Tunis,Appartement,500.0,1,1,vente,https://oasisimmobilier.com/immobilier-tunisie/annonces-vacances/,location,True,,,,,,2700.0
6990b84f31d6a7e29e31f1e3,PROPOS DE CE BIEN,1500.0,Ariana,Appartement,30.0,1,1,vente,https://www.sevenrealestate.com.tn/bien/details/122011-un-local-commercial-a-la-soukra,location,False,,,,,,50.0
6990b85331d6a7e29e31f1e4,PROPOS DE CE BIEN,3500.0,Tunis,Appartement,160.0,1,1,vente,https://www.sevenrealestate.com.tn/bien/details/128455-appartement-s2-avec-piscine-a-la-marsa,location,False,,,,,,21.875
6990b85631d6a7e29e31f1e5,PROPOS DE CE BIEN,3600.0,Tunis,Appartement,60.0,1,1,vente,https://www.sevenrealestate.com.tn/bien/details/123128-des-locaux-commerciaux-a-cite-les-palmerais,location,False,,,,,,60.0
6990b85e31d6a7e29e31f1e8,PROPOS DE CE BIEN,3500.0,Tunis,Appartement,230.0,1,1,vente,https://www.sevenrealestate.com.tn/bien/details/128451-appartement-s4-avec-jardin-a-la-marsa,location,False,,,,,,15.217391304347826
6990b86031d6a7e29e31f1e9,PROPOS DE CE BIEN,1500.0,Ariana,Appartement,78.0,1,1,vente,https://www.sevenrealestate.com.tn/bien/details/122326-un-bureau-en-h2-a-la-soukra,location,False,,,,,,19.23076923076923
6990b86731d6a7e29e31f1eb,PROPOS DE CE BIEN,1500.0,Ariana,Appartement,48.0,1,1,vente,https://www.sevenrealestate.com.tn/bien/details/122323-un-bureau-en-h1-a-la-soukra,location,False,,,,,,31.25
6990b87931d6a7e29e31f1f2,PROPOS DE CE BIEN,1600.0,Tunis,Appartement,100.0,1,1,vente,https://www.sevenrealestate.com.tn/bien/details/123180-des-bureaux-en-h2-a-ain-zaghouen,location,False,,,,,,16.0
6990b87b31d6a7e29e31f1f3,PROPOS DE CE BIEN,1800.0,Tunis,Appartement,120.0,1,1,vente,https://www.sevenrealestate.com.tn/bien/details/123181-un-bureau-en-h3-a-ain-zaghouen,location,False,,,,,,15.0
6990b88031d6a7e29e31f1f5,PROPOS DE CE BIEN,5500.0,Tunis,Appartement,97.0,1,1,vente,https://www.sevenrealestate.com.tn/bien/details/122923-un-local-commercial-aux-jardins-de-carthage,location,False,,,,,,56.70103092783505
6990b88631d6a7e29e31f1f7,PROPOS DE CE BIEN,2800.0,Tunis,Appartement,160.0,1,1,vente,https://www.sevenrealestate.com.tn/bien/details/128369-appartement-s3-avec-terrasse-a-ain-zaghouan-nord,location,False,,,,,,17.5
6990b88831d6a7e29e31f1f8,PROPOS DE CE BIEN,4000.0,Tunis,Appartement,100.0,1,1,vente,https://www.sevenrealestate.com.tn/bien/details/123182-des-locaux-commerciaux-a-ain-zaghouen,location,True,,,,,,40.0
6990b8a031d6a7e29e31f203,PROPOS DE CE BIEN,1650.0,Ariana,Appartement,158.0,1,1,vente,https://www.sevenrealestate.com.tn/bien/details/128452-appartement-s3-a-la-soukra,location,False,,,,,,10.443037974683545
6990b8a631d6a7e29e31f205,PROPOS DE CE BIEN,1300.0,Tunis,Appartement,140.0,1,1,vente,https://www.sevenrealestate.com.tn/bien/details/121999-un-bureau-en-h5-a-monplaisir,location,False,,,,,,9.285714285714286
6990b8ae31d6a7e29e31f208,PROPOS DE CE BIEN,3000.0,Tunis,Appartement,200.0,1,1,vente,https://www.sevenrealestate.com.tn/bien/details/128351-appartement-s3-avec-jardin,location,True,,,,,,15.0
6990b8b231d6a7e29e31f209,PROPOS DE CE BIEN,1300.0,Ariana,Appartement,98.0,1,1,vente,https://www.sevenrealestate.com.tn/bien/details/128595-appartement-s2-a-la-soukra,location,False,,,,,,13.26530612244898
6990b8b331d6a7e29e31f20a,PROPOS DE CE BIEN,1900.0,Tunis,Appartement,45.0,1,1,vente,https://www.sevenrealestate.com.tn/bien/details/121876-un-local-commercial-a-ain-zaghouen-nord,location,False,,,,,,42.22222222222222
6990b8bb31d6a7e29e31f20c,Location villa henda hammamet,1500.0,Tunis,Appartement,130.0,1,1,vente,https://tunisiapromo.com/annonce/location-villa-henda-a-hammamet-z139644.html,location,True,,,,,,11.538461538461538
6990b8bf31d6a7e29e31f20e,5 lots de terrain r+2 vendre boumhal chela route principale,350.0,Tunis,Appartement,470.0,1,1,vente,https://tunisiapromo.com/annonce/5-lots-de-terrain-r-2-a-vendre-a-boumhal-chela-route-principale-z156034.html,location,False,,,,,,0.7446808510638298
6990b8c131d6a7e29e31f20f,Location appartement wajdi hammamet,1100.0,Tunis,Appartement,70.0,1,1,vente,https://tunisiapromo.com/annonce/location-appartement-wajdi-a-hammamet-z155978.html,location,True,,,,,,15.714285714285714
6990b9a131d6a7e29e31f213,Location appartement hayet hammamet,3500.0,Tunis,Appartement,116.0,1,1,vente,https://tunisiapromo.com/annonce/location-appartement-hayet-a-hammamet-z154186.html,location,False,,,,,,30.17241379310345
6990b9d131d6a7e29e31f217,Location appartement hatem,260.0,Tunis,Appartement,110.0,1,1,vente,https://tunisiapromo.com/annonce/location-appartement-hatem-z119935.html,location,False,,,,,,2.3636363636363638
6990b9df31d6a7e29e31f219,Villa catherina hammamet zone craxi fawara ii i,4000.0,Tunis,Appartement,250.0,1,1,vente,https://tunisiapromo.com/annonce/villa-catherina-hammamet-zone-craxi-fawara-ii-i-z156029.html,location,False,,,,,,16.0
6990b9ea31d6a7e29e31f21b,Location appartement wisal hammamet,360.0,Tunis,Appartement,90.0,1,1,vente,https://tunisiapromo.com/annonce/location-appartement-wisal-a-hammamet-z134617.html,location,False,,,,,,4.0
6990b9f231d6a7e29e31f21c,Location duplex syrine hammamet,550.0,Tunis,Appartement,140.0,1,1,vente,https://tunisiapromo.com/annonce/location-duplex-syrine-a-hammamet-z142304.html,location,False,,,,,,3.9285714285714284
6990b9ff31d6a7e29e31f21e,Villa dar el ward yasmine hammamet,500.0,Tunis,Appartement,250.0,1,1,vente,https://tunisiapromo.com/annonce/villa-dar-el-ward-yasmine-hammamet-z132603.html,location,False,,,,,,2.0
6990ba0431d6a7e29e31f21f,Location villa sandra hammamet nord,780.0,Tunis,Appartement,800.0,1,1,vente,https://tunisiapromo.com/annonce/location-villa-sandra-a-hammamet-nord-z119945.html,location,False,,,,,,0.975
6990bb2f31d6a7e29e31f22f,Villa S+4 avec piscine au Lac 2,211.0,Tunis,Appartement,485.0,5,1,vente,https://goodlife.com.tn/property/villa-s4-avec-piscine-au-lac-2/,location,False,,,,,,0.4350515463917526
6990bb4631d6a7e29e31f235,vendre : Coquet Appartement S+2 Jamais Habit Ain Zaghouan Nord,535.0,Tunis,Appartement,115.0,2,1,vente,https://goodlife.com.tn/property/a-vendre-coquet-appartement-s2-jamais-habite-a-ain-zaghouan-nord/,location,False,,,,,,4.6521739130434785
6990bb5031d6a7e29e31f238,Opportunit foncire saisir Bhar Lazreg | La Marsa,650.0,Tunis,Appartement,210.0,1,1,vente,https://goodlife.com.tn/property/opportunite-fonciere-a-saisir-bhar-lazreg-la-marsa/,location,False,,,,,,3.0952380952380953
6990bb5131d6a7e29e31f239,A vendre terrain la Soukra,890.0,Tunis,Appartement,58.0,1,1,vente,https://goodlife.com.tn/property/a-vendre-terrain-a-la-soukra-2/,location,False,,,,,,15.344827586206897
6990bb5531d6a7e29e31f23a,vendre Appartement S+3 Ennasr,695.0,Tunis,Appartement,203.0,2,1,vente,https://goodlife.com.tn/property/a-vendre-appartement-s3-a-ennasr/,location,False,,,,,,3.4236453201970445
6990bb5d31d6a7e29e31f23d,A vendre Marsa Ville S+2 au 1er tage,530.0,Tunis,Appartement,100.0,3,1,vente,https://goodlife.com.tn/property/a-vendre-a-marsa-ville-s2-au-1er-etage/,location,False,,,,,,5.3
6990bb6b31d6a7e29e31f240,vendre : Local commercial El Manar 1,185.0,Tunis,Appartement,20.0,1,1,vente,https://goodlife.com.tn/property/a-vendre-local-commercial-a-el-manar-1/,location,False,,,,,,9.25
6990bb7331d6a7e29e31f242,A vendre S+1 avec Jardin,410.0,Tunis,Appartement,70.0,1,1,vente,https://goodlife.com.tn/property/a-vendre-s1-avec-jardin/,location,False,,,,,,5.857142857142857
6990bc7e31d6a7e29e31f274,Dtail du bien,850.0,Tunis,Appartement,494.0,1,1,vente,https://casaimmo.tn/biens/detail/117195,location,False,,,,,,1.7206477732793521
6990bd4d31d6a7e29e31f288,Location Annuelle d'un appartement s+2 meubl,1300.0,Tunis,Appartement,85.0,1,1,vente,https://www.metisimmo.tn/bien/details/121260-location-annuelle-d-un-appartement-s2-meuble,location,False,,,,,,15.294117647058824
6990bd4f31d6a7e29e31f289,Location courte dure s+1,205690.0,Tunis,Appartement,67.0,1,1,vente,https://www.metisimmo.tn/bien/details/97014-location-courte-duree-s1,location,False,,,,,,3070.0
6990bd5131d6a7e29e31f28a,Location Annuelle d'un appartement s+2 meubl,1500.0,Tunis,Appartement,95.0,1,1,vente,https://www.metisimmo.tn/bien/details/123246-location-annuelle-d-un-appartement-s2-meuble,location,False,,,,,,15.789473684210526
6990bd5431d6a7e29e31f28b,location annuelle d'un tage de villa en s+2,1200.0,Tunis,Appartement,95.0,1,1,vente,https://www.metisimmo.tn/bien/details/121404-location-annuelle-d-un-etage-de-villa-en-s2,location,False,,,,,,12.631578947368421
6990bd5f31d6a7e29e31f290,Location annuelle dune villa avec vue sur mer,14000.0,Tunis,Appartement,2000.0,1,1,vente,https://www.metisimmo.tn/bien/details/121338-location-annuelle-dune-villa-avec-vue-sur-mer,location,False,,,,,,7.0
6990bd6331d6a7e29e31f292,Location Annuelle d'un appartement s+1 meubl,1200.0,Tunis,Appartement,60.0,1,1,vente,https://www.metisimmo.tn/bien/details/121269-location-annuelle-d-un-appartement-s1-meuble,location,False,,,,,,20.0
6990bd6831d6a7e29e31f294,Superbe Maison Haut Standing Louer lAnne,15000.0,Tunis,Appartement,1000.0,1,1,vente,https://www.metisimmo.tn/bien/details/121255-superbe-maison-haut-standing-a-louer-a-lannee,location,False,,,,,,15.0
6990bd6f31d6a7e29e31f297,Location annuelle dun rez-de-chausse S+2 meubl,1500.0,Tunis,Appartement,120.0,1,1,vente,https://www.metisimmo.tn/bien/details/121448-location-annuelle-dun-rez-de-chaussee-s2-meuble,location,False,,,,,,12.5
6990bd7131d6a7e29e31f298,Appartement en s+2 vide,1055.0,Tunis,Appartement,85.0,1,1,vente,https://www.metisimmo.tn/bien/details/122788-appartement-en-s2-vide,location,False,,,,,,12.411764705882353
6990bd7331d6a7e29e31f299,Location Annuelle d'un tage de villa en s+3 vide,1200.0,Tunis,Appartement,120.0,1,1,vente,https://www.metisimmo.tn/bien/details/122891-location-annuelle-d-un-etage-de-villa-en-s3-vide,location,True,,,,,,10.0
6990bd7731d6a7e29e31f29b,Villa S+3 avec jardin et piscine,3500.0,Tunis,Appartement,400.0,1,1,vente,https://www.metisimmo.tn/bien/details/121355-villa-s3-avec-jardin-et-piscine,location,False,,,,,,8.75
6990bd7931d6a7e29e31f29c,Location Annuelle d'un appartement s+2 meubl,1500.0,Tunis,Appartement,90.0,1,1,vente,https://www.metisimmo.tn/bien/details/118830-location-annuelle-d-un-appartement-s2-meuble,location,False,,,,,,16.666666666666668
6990bd8231d6a7e29e31f2a0,Appartement S+1 louer -Location Courte Dure,205690.0,Tunis,Appartement,85.0,1,1,vente,https://www.metisimmo.tn/bien/details/90567-appartement-s1-a-louer--location-courte-duree,location,False,,,,,,2419.8823529411766
6990bd8431d6a7e29e31f2a1,Location Annuelle,850.0,Tunis,Appartement,69.0,1,1,vente,https://www.metisimmo.tn/bien/details/121037-location-annuelle,location,False,,,,,,12.318840579710145
6990bf1b31d6a7e29e31f2bd,a louer appartement s +3 a soukra Location,1100.0,Ariana,Appartement,100.0,2,1,vente,https://agenceimmobilierekchaou.tn/bien/details/128729-a-louer-appartement-s-3-a-soukra,location,False,,,,,,11.0
6990bf2631d6a7e29e31f2bf,a louer appartement s+2 au centre urbain nord Location,1600.0,Ariana,Appartement,100.0,2,1,vente,https://agenceimmobilierekchaou.tn/bien/details/127737-a-louer-appartement-s2-au-centre-urbain-nord,location,False,,,,,,16.0
6990bf2d31d6a7e29e31f2c0,a louer tage villa s+3 ennasr prs Ren Descartes Lou,21760.0,Ariana,Appartement,200.0,2,1,vente,https://agenceimmobilierekchaou.tn/bien/details/117849-a-louer-etage-villa-s3-a-ennasr-pres-rene-descartes,location,False,,,,,,108.8
6990bf3431d6a7e29e31f2c1,a louer s+1 aux jardins del Menzah Location,850.0,Ariana,Appartement,100.0,2,1,vente,https://agenceimmobilierekchaou.tn/bien/details/124648-a-louer-s1-aux-jardins-del-menzah,location,False,,,,,,8.5
6990bf3a31d6a7e29e31f2c2,a louer appartement s+2 a menzah 7bis Lou,71100.0,Ariana,Appartement,100.0,2,1,vente,https://agenceimmobilierekchaou.tn/bien/details/128893-a-louer-appartement-s2-a-menzah-7bis,location,False,,,,,,711.0
6990bf3f31d6a7e29e31f2c3,a louer s+2 meubl tres haut standing a ennasr Location,21900.0,Ariana,Appartement,100.0,2,1,vente,https://agenceimmobilierekchaou.tn/bien/details/124557-a-louer-s2-meuble-tres-haut-standing-a-ennasr,location,False,,,,,,219.0
6990bf4a31d6a7e29e31f2c5,a louer s+1 a ennasr Lou,2760.0,Ariana,Appartement,100.0,2,1,vente,https://agenceimmobilierekchaou.tn/bien/details/124511-a-louer-s1-a-ennasr,location,False,,,,,,27.6
6990bf5b31d6a7e29e31f2c8,a louer s+1 jamais habit a ennasr Location,21200.0,Ariana,Appartement,100.0,2,1,vente,https://agenceimmobilierekchaou.tn/bien/details/124750-a-louer-s1-jamais-habite-a-ennasr,location,False,,,,,,212.0
6990bfa031d6a7e29e31f2cc,A lou villa S+5 Kantaoui,5000.0,Tunis,Appartement,1000.0,5,1,vente,https://kantaouiimmo.com/bien/details/128505-a-loue-villa-s5-a-kantaoui,location,False,,,,,,5.0
6990bfa231d6a7e29e31f2cd,A louer un s+2 meubl sahloul 4,1500.0,Tunis,Appartement,150.0,2,1,vente,https://kantaouiimmo.com/bien/details/128117-a-louer-un-s2-meuble-a-sahloul-4,location,False,,,,,,10.0
6990bfa431d6a7e29e31f2ce,A louer S+1 pour vos vacances Hammam Sousse,170.0,Tunis,Appartement,70.0,1,1,vente,https://kantaouiimmo.com/bien/details/68717-a-louer-s1-pour-vos-vacances-a-hammam-sousse,location,False,,,,,,2.4285714285714284
6990bfa631d6a7e29e31f2cf,location vacance S0 marina,270.0,Tunis,Appartement,50.0,1,1,vente,https://kantaouiimmo.com/bien/details/70327-location-vacance-s0-a-marina,location,False,,,,,,5.4
6990bfa931d6a7e29e31f2d1,A louer un s+2 sousse farhat hachad,1200.0,Tunis,Appartement,120.0,2,1,vente,https://kantaouiimmo.com/bien/details/128688-a-louer-un-s2-a-sousse-farhat-hachad,location,False,,,,,,10.0
6990bfab31d6a7e29e31f2d2,A lou rez de chause S+3 Hammam Sousse,1500.0,Tunis,Appartement,180.0,3,1,vente,https://kantaouiimmo.com/bien/details/128560-a-loue-reez-de-chausee-s3-a-hammam-sousse,location,False,,,,,,8.333333333333334
6990bfad31d6a7e29e31f2d3,location saisonnire s2 chatt mariem,190.0,Tunis,Appartement,100.0,2,1,vente,https://kantaouiimmo.com/bien/details/69863-location-saisonniere-s2-a-chatt-mariem,location,False,,,,,,1.9
6990bfb131d6a7e29e31f2d5,A vendre terrain agricole a Fokaia,50.0,Tunis,Appartement,2377.0,1,1,vente,https://kantaouiimmo.com/bien/details/127967-a-vendre-terrain-agricole-a-fokaia,location,False,,,,,,0.02103491796381994
6990bfb331d6a7e29e31f2d6,location saisonnire sousse,180.0,Tunis,Appartement,80.0,1,1,vente,https://kantaouiimmo.com/bien/details/69652-location-saisonniere-a-sousse,location,False,,,,,,2.25
6990bfb431d6a7e29e31f2d7,A louer bangalow s+3 pour les vacances,450.0,Tunis,Appartement,200.0,3,1,vente,https://kantaouiimmo.com/bien/details/69372-a-louer-bangalow-s3-pour-les-vacances,location,False,,,,,,2.25
6990bfb631d6a7e29e31f2d8,A louer studio meubl pour vos vacances,1200.0,Tunis,Appartement,40.0,1,1,vente,https://kantaouiimmo.com/bien/details/114405-a-louer-studio-meuble-pour-vos-vacances,location,False,,,,,,30.0
6990bfb831d6a7e29e31f2d9,Location saisonnire d'une villa kantaoui,1200.0,Tunis,Appartement,1000.0,4,1,vente,https://kantaouiimmo.com/bien/details/69000-location-saisonniere-d-une-villa-a-kantaoui,location,False,,,,,,1.2
6990bfbc31d6a7e29e31f2db,location saisonnire un S+3 maison de jardin,450.0,Tunis,Appartement,150.0,3,1,vente,https://kantaouiimmo.com/bien/details/70159-location-saisonniere-un-s3-a-maison-de-jardin,location,False,,,,,,3.0
6990bfbe31d6a7e29e31f2dc,A louer un rez de chausse s+2 jamais habit sousse farhat hached,1700.0,Tunis,Appartement,150.0,2,1,vente,https://kantaouiimmo.com/bien/details/128687-a-louer-un-reez-de-chaussee-s2-jamais-habite-a-sousse-farhat-hached,location,False,,,,,,11.333333333333334
6990bfc131d6a7e29e31f2de,location saisonnire villa avec piscine,1200.0,Tunis,Appartement,1000.0,1,1,vente,https://kantaouiimmo.com/bien/details/88804-location-saisonniere-villa-avec-piscine,location,False,,,,,,1.2
6990bfc331d6a7e29e31f2df,location saisonnire d'un s+2 sousse,320.0,Tunis,Appartement,100.0,1,1,vente,https://kantaouiimmo.com/bien/details/69561-location-saisonniere-d-un-s2-a-sousse,location,True,,,,,,3.2
6990bfc631d6a7e29e31f2e0,A louer s+2 vue mer et port pour vos vacances,385.0,Tunis,Appartement,100.0,2,1,vente,https://kantaouiimmo.com/bien/details/69314-a-louer-s2-vue-mer-et-port-pour-vos-vacances,location,False,,,,,,3.85
6990bfc731d6a7e29e31f2e1,A louer villa meubl pour vos vacances Chatt Meriem,480.0,Tunis,Appartement,100.0,1,1,vente,https://kantaouiimmo.com/bien/details/69748-a-louer-villa-meuble-pour-vos-vacances-chatt-meriem,location,False,,,,,,4.8
6990bfcb31d6a7e29e31f2e3,A louer un s+3 sahloul,1050.0,Tunis,Appartement,100.0,3,1,vente,https://kantaouiimmo.com/bien/details/128561-a-louer-un-s3-a-sahloul,location,False,,,,,,10.5
6992130bb4db7c715556998a,s+1 aux Jardins de Carthage Tunis,1700.0,Tunis,Appartement,65.0,1,1,vente,https://www.darcomtunisia.com/bien/details/129020-s1-aux-jardins-de-carthage,location,True,,,,,,26.153846153846153
6992130fb4db7c715556998c,RDC villa S+4 aux Jaradins de Carthage Tunis,2900.0,Tunis,Appartement,200.0,1,1,vente,https://www.darcomtunisia.com/bien/details/129065-rdc-villa-s4-aux-jaradins-de-carthage,location,False,,,,,,14.5
69921311b4db7c715556998d,S+1 meubl optimis avec pice plyvalente aux Jardins de Carthage Tunis,2600.0,Tunis,Appartement,70.0,1,1,vente,https://www.darcomtunisia.com/bien/details/128707-s1-meuble-optimise-avec-piece-plyvalente-aux-jardins-de-carthage,location,False,,,,,,37.142857142857146
69921313b4db7c715556998e,s+1 aux Jardins de l'Aouina Tunis,850.0,Tunis,Appartement,57.0,1,1,vente,https://www.darcomtunisia.com/bien/details/128901-s1-aux-jardins-de-l-aouina,location,False,,,,,,14.912280701754385
69921316b4db7c715556998f,s+1 aux Jardins de Carthage Tunis,1800.0,Tunis,Appartement,70.0,1,1,vente,https://www.darcomtunisia.com/bien/details/128915-s1-aux-jardins-de-carthage,location,False,,,,,,25.714285714285715
699214d3b4db7c71555699a5,"Penthouse de 370m aux lac deux Berges Du Lac 1, La Marsa, Tunis",4000.0,Tunis,Appartement,370.0,1,1,vente,https://www.immobilier.com.tn/annonce/23463/penthouse-de-370m2-aux-lac-deux,location,False,,,,,,10.81081081081081
699214d6b4db7c71555699a7,"S+2 de 168 m au jardin de carthage Carthage, Carthage, Tunis",1300.0,Tunis,Appartement,168.0,1,1,vente,https://www.immobilier.com.tn/annonce/23228/s2-de-168-m2-au-jardin-de-carthage,location,False,,,,,,7.738095238095238
699214d9b4db7c71555699a8,LOCATION / Appartement S+2 Jardin d'el menzah Tunis,900.0,Tunis,Appartement,100.0,1,1,vente,https://www.immobilier.com.tn/annonce/27266/location-appartement-s2-jardin-del-menzah,location,False,,,,,,9.0
699214dbb4db7c71555699a9,"Location-Villa Avec Piscine -Menzah5 Ariana, Ariana Ville, Ariana",5000.0,Tunis,Appartement,850.0,1,1,vente,https://www.immobilier.com.tn/annonce/24177/location-villa-avec-piscine-menzah5,location,False,,,,,,5.882352941176471
699214dcb4db7c71555699aa,"AL Bureau 346m au Lac1 Berges Du Lac 1, La Marsa, Tunis",7140.0,Tunis,Appartement,346.0,1,1,vente,https://www.immobilier.com.tn/annonce/33502/al-bureau-346m2-au-lac1,location,False,,,,,,20.63583815028902
699214dfb4db7c71555699ac,"Appartement S+3 Neuf au Lac2 Berges Du Lac 2, La Marsa, Tunis",2500.0,Tunis,Appartement,220.0,1,1,vente,https://www.immobilier.com.tn/annonce/24810/appartement-s3-neuf-au-lac2,location,False,,,,,,11.363636363636363
699214e5b4db7c71555699b1,Location /Bureau A+2 haut standing - Jardins d'El Menzah 2 Tunis,900.0,Tunis,Appartement,85.0,1,1,vente,https://www.immobilier.com.tn/annonce/26199/location-bureau-a2-haut-standing-jardins-del-menzah-2,location,False,,,,,,10.588235294117647
69921762b4db7c71555699e9,A louer Appartement S+2 style arabesque Nabeul centre,800.0,Tunis,Appartement,100.0,1,1,vente,https://www.houni.tn/annonce/location/appartement/nabeul/nabeul/el-hadayek/a-louer-appartement-s+2-style-arabesque-a-nabeul-c/qzh0yb,location,True,,,,,,8.0
69921768b4db7c71555699ec,Appartement S+4 aux Jardins de Carthage MAL1327,3000.0,Tunis,Appartement,10.0,4,1,vente,https://www.houni.tn/annonce/colocation/appartement/tunis/le-kram/el-bouhaira/appartement-s+4-aux-jardins-de-carthage-mal1327/2kk4fj,location,False,,,,,,300.0
6992176cb4db7c71555699ee,Vente dun logement bizerte,87.0,Tunis,Appartement,504.0,2,1,vente,https://houni.tn/fr/vente/logement/bizerte/g-24,location,False,,,,,,0.17261904761904762
6992176eb4db7c71555699ef,"A Louer Etage De Villa S+2 Meubl Situ Oued Souhil, Nabeul",750.0,Tunis,Appartement,150.0,2,1,vente,https://www.houni.tn/annonce/location/appartement/nabeul/nabeul/bir-challouf/a-louer-etage-de-villa-s+2-meuble-situe-a-oued-sou/9egqwf,location,False,,,,,,5.0
69921770b4db7c71555699f0,"A louer Appartement S+2 avec jardin Sidi Mahersi , Nabeul",1800.0,Tunis,Appartement,200.0,1,1,vente,https://www.houni.tn/annonce/location/appartement/nabeul/nabeul/niapolis/a-louer-appartement-s+2-avec-jardin-a-sidi-mahersi/ofry0b,location,True,,,,,,9.0
69921772b4db7c71555699f1,Villa de Charme A Hammamet Tunisie,650.0,Tunis,Appartement,110.0,1,1,vente,https://www.houni.tn/annonce/location/maison/nabeul/hammamet/hammamet-est/villa-de-charme-a-hammamet-tunisie/5j3jv0,location,True,,,,,,5.909090909090909
6992177ab4db7c71555699f5,"A louer Appartement S+2 vue sur mer AFH Mrezga , Cit El Wafa",1600.0,Tunis,Appartement,124.0,6,1,vente,https://www.houni.tn/annonce/location/appartement/nabeul/hammamet/hammamet-nord/a-louer-appartement-s+2-vue-sur-mer-a-afh-mrezga/9uzpas,location,False,,,,,,12.903225806451612
6992177db4db7c71555699f6,V552 Villa LIBRE 2 VILLA,650.0,Tunis,Appartement,750.0,1,1,vente,https://www.houni.tn/annonce/location/appartement/monastir/beni-hassen/hatem/v552-villa-libre-2-villa/sqo3k,location,False,,,,,,0.8666666666666667
69921783b4db7c71555699f9,"A louer tage de villa S+2 Napolis , Nabeul",900.0,Tunis,Appartement,130.0,1,1,vente,https://www.houni.tn/annonce/location/maison/nabeul/nabeul/el-hadayek/a-louer-etage-de-villa-s+2-a-neapolis-nabeul/4yfspo,location,False,,,,,,6.923076923076923
69921785b4db7c71555699fa,Appartement S+2 louer pour l't Monastir (Plage Palmier),125.0,Tunis,Appartement,200.0,1,1,vente,https://www.houni.tn/annonce/location/appartement/monastir/monastir/el-medina/appartement-s+2-a-louer-pour-l-ete-–-monastir-(pla/lj7ec,location,False,,,,,,0.625
6992178cb4db7c71555699fd,"A louer Appartement S+1 meubl AFH Mrezga , Cit El Wafa",1200.0,Tunis,Appartement,60.0,3,1,vente,https://www.houni.tn/annonce/location/appartement/nabeul/nabeul/bir-challouf/a-louer-appartement-s+1-meuble-a-afh-mrezga-cite/nvy8xq,location,False,,,,,,20.0
6992178db4db7c71555699fe,"A Louer Appartement S+2 Haut Standing AFH Mrezga, Cit El Wafa, Nabeul",1400.0,Tunis,Appartement,100.0,1,1,vente,https://www.houni.tn/annonce/location/appartement/nabeul/nabeul/bir-challouf/a-louer-appartement-s+2-haut-standing-a-afh-mrezga/y1ucf9,location,True,,,,,,14.0
69921798b4db7c7155569a02,"Appartement S+2 louer Vue sur mer Baghdedi, Mahdia",1890.0,Tunis,Appartement,100.0,1,1,vente,https://www.houni.tn/annonce/location/appartement/monastir/bekalta/el-baghdadi/appartement-s+2-a-louer-vue-sur-mer-a-baghdedi-ma/12nu4o,location,False,,,,,,18.9
6992179ab4db7c7155569a03,Appartement S+2 aux Jardins de Carthage MAL1352,1550.0,Tunis,Appartement,10.0,2,1,vente,https://www.houni.tn/annonce/colocation/appartement/tunis/le-kram/el-bouhaira/appartement-s+2-aux-jardins-de-carthage-mal1352/93uue1,location,False,,,,,,155.0
699217a0b4db7c7155569a06,Appartement s+2 vue sur mer pour vacance dt baghdedi mahdia,1750.0,Tunis,Appartement,95.0,2,1,vente,https://www.houni.tn/annonce/location/appartement/monastir/bekalta/el-baghdadi/appartement-s+2-vue-sur-mer-pour-vacance-d’ete-a-b/p05am,location,False,,,,,,18.42105263157895
699217a3b4db7c7155569a07,Rdc louer proche de la plage baghdedi,1750.0,Tunis,Appartement,79.0,1,1,vente,https://www.houni.tn/annonce/location/appartement/monastir/bekalta/el-baghdadi/rdc-a-louer-proche-de-la-plage-a-baghdedi/0tqm5c,location,False,,,,,,22.151898734177216
699217a5b4db7c7155569a08,A louer Appartement S+2 meubl haut standing Hammamet Nord,1800000.0,Tunis,Appartement,120.0,1,1,vente,https://www.houni.tn/annonce/location/appartement/nabeul/hammamet/hammamet-nord/a-louer-appartement-s+2-meuble-haut-standing-a-ham/ylby4d,location,False,,,,,,15000.0
699217aab4db7c7155569a0a,Appartement S+2 Ain Zaghouan Nord MAL0475,2000.0,Tunis,Appartement,10.0,2,1,vente,https://www.houni.tn/annonce/colocation/appartement/tunis/le-kram/el-bouhaira/appartement-s+2-a-ain-zaghouan-nord-mal0475/k2gwuv,location,False,,,,,,200.0
699217aeb4db7c7155569a0c,A Louer Penthouse S+2 Haut Standing Hammamet Nord,2200.0,Tunis,Appartement,250.0,3,1,vente,https://www.houni.tn/annonce/location/appartement/nabeul/hammamet/mrezga/a-louer-penthouse-s+2-haut-standing-a-hammamet-nor/lhcr7n,location,False,,,,,,8.8
699217b3b4db7c7155569a0e,Local commercial sidi Abdel Aziz La Marsa ZCV0092,1225000.0,Tunis,Appartement,122.0,1,1,vente,https://www.houni.tn/annonce/colocation/appartement/tunis/la-marsa/la-marsa-medina/local-commercial-a-sidi-abdel-aziz-la-marsa-zcv00/cszog7,location,False,,,,,,10040.983606557376
699217b7b4db7c7155569a10,A louer Appartement s+2 Vue sur Mer Baghdadi,450.0,Tunis,Appartement,140.0,1,1,vente,https://www.houni.tn/annonce/location/appartement/monastir/bekalta/el-baghdadi/a-louer-appartement-s+2-vue-sur-mer-a-baghdadi/a2ymu,location,False,,,,,,3.2142857142857144
699217bcb4db7c7155569a12,"A louer Appartement S+2 meubl AFH Mrezga , Cit El Wafa",1300.0,Tunis,Appartement,100.0,1,1,vente,https://www.houni.tn/annonce/location/appartement/nabeul/nabeul/bir-challouf/a-louer-appartement-s+2-meuble-a-afh-mrezga-cite/js8u5r,location,False,,,,,,13.0
699217beb4db7c7155569a13,appartement S+3,500.0,Tunis,Appartement,92.0,4,1,vente,https://www.houni.tn/annonce/colocation/appartement/tunis/sidi-hassine/el-jaiara/appartement-s+3/q1iept,location,False,,,,,,5.434782608695652
699217c0b4db7c7155569a14,Rdc louer Pour vacance neuf et pied dans leau baghdedi,1350.0,Tunis,Appartement,80.0,1,1,vente,https://www.houni.tn/annonce/location/appartement/monastir/bekalta/el-baghdadi/rdc-a-louer-pour-vacance-neuf-et-pied-dans-l’eau-a/5lo0nw,location,False,,,,,,16.875
699217c2b4db7c7155569a15,une place dans une chambre a 2,185.0,Tunis,Appartement,100.0,3,1,vente,https://www.houni.tn/annonce/colocation/appartement/tunis/el-menzah/el-manar-(1)/une-place-dans-une-chambre-a-2/788szv,location,False,,,,,,1.85
699217c4b4db7c7155569a16,S4 au jardin de carthage,2200.0,Tunis,Appartement,153.0,5,1,vente,https://www.houni.tn/annonce/colocation/appartement/tunis/le-kram/el-bouhaira/s4-au-jardin-de-carthage/enj49,location,False,,,,,,14.379084967320262
699217c7b4db7c7155569a17,"A Louer Appartement S+2 Jamais Habit AFH Mrezga, Nabeul",1600.0,Tunis,Appartement,200.0,6,1,vente,https://www.houni.tn/annonce/location/appartement/nabeul/nabeul/bir-challouf/a-louer-appartement-s+2-jamais-habite-a-afh-mrezga/0ff5t2,location,False,,,,,,8.0
699217c9b4db7c7155569a18,"A Louer Etage De Villa S+3 Vide AFH Mrezga, Cit El Wafa, Nabeul",900.0,Tunis,Appartement,150.0,1,1,vente,https://www.houni.tn/annonce/location/appartement/nabeul/nabeul/bir-challouf/a-louer-etage-de-villa-s+3-vide-a-afh-mrezga-cite/dhge22,location,False,,,,,,6.0
699217cbb4db7c7155569a19,"A Louer Appartement S+2 Haut Standing AFH Mrezga, Cit El Wafa, Nabeul",1650.0,Tunis,Appartement,120.0,1,1,vente,https://www.houni.tn/annonce/location/appartement/nabeul/nabeul/bir-challouf/a-louer-appartement-s+2-haut-standing-a-afh-mrezga/j6ack1,location,False,,,,,,13.75
699217cdb4db7c7155569a1a,"A Louer Appartement S+2 Meubl AFH Mrezga, Cit El Wafa, Nabeul",1100.0,Tunis,Appartement,120.0,2,1,vente,https://www.houni.tn/annonce/location/appartement/nabeul/nabeul/bir-challouf/a-louer-appartement-s+2-meuble-a-afh-mrezga-cite/9mj9zc,location,False,,,,,,9.166666666666666
699217ceb4db7c7155569a1b,Appartement S+1 avec jardin aux Jardins de Carthage ZAL1343,1600.0,Tunis,Appartement,10.0,1,1,vente,https://www.houni.tn/annonce/colocation/appartement/tunis/le-kram/el-bouhaira/appartement-s+1-avec-jardin-aux-jardins-de-carthag/9q8g6x,location,False,,,,,,160.0
69921c1ab4db7c7155569a2c,villa louer sur deux tage pour la saison scolaire,750.0,Tunis,Appartement,400.0,1,1,vente,https://agencehana.tn/property/villa-en-location-scolaire-a-mahdia-proche-de-la-mer-zone-touristique-climatisee-et-chauffee-rdc-et-1er-etage-louables-separement/,location,False,,,,,,1.875
69921c1db4db7c7155569a2d,louer maison proche de lespadon corniche mahdia,430.0,Tunis,Appartement,120.0,2,1,vente,https://agencehana.tn/property/a-louer-maison-proche-de-lespadon-a-corniche-mahdia/,location,False,,,,,,3.5833333333333335
69921c20b4db7c7155569a2e,Un Bien louer pour toute lanne Hiboune Mahdia,680.0,Tunis,Appartement,80.0,1,1,vente,https://agencehana.tn/property/a-louer-a-lannee-app-s2-a-hiboune-mahdia-2-2/,location,True,,,,,,8.5
69921c23b4db7c7155569a2f,"louer lanne, appartement proche de la mer, Baghdedi.",500.0,Tunis,Appartement,65.0,1,1,vente,https://agencehana.tn/property/a-louer-a-lannee-appartement-proche-de-la-mer-baghdedi/,location,False,,,,,,7.6923076923076925
69921c2fb4db7c7155569a32,A Louer villa en Rdc S+2 Sur La Nouvelle Zone Touristique Baghdedi,430.0,Tunis,Appartement,100.0,180,1,vente,https://agencehana.tn/property/a-louer-pour-location-scolaire-villa-en-rdc-s2-sur-la-nouvelle-zone-touristique-baghdedi/,location,False,,,,,,4.3
69921ce9b4db7c7155569a40,YASSINE,835.0,Tunis,Appartement,266.0,3,1,vente,https://azurimmobiliere.com/vente/villas/vv-749/yassine,location,False,,,,,,3.1390977443609023
69921cecb4db7c7155569a41,LUNA,750.0,Tunis,Appartement,2430.0,1,1,vente,https://azurimmobiliere.com/vente/terrains/vt-302/luna,location,False,,,,,,0.30864197530864196
69921cedb4db7c7155569a42,BADIS,550.0,Tunis,Appartement,222.0,1,1,vente,https://azurimmobiliere.com/vente/maisons/vma-735/badis,location,True,,,,,,2.4774774774774775
69921cf6b4db7c7155569a46,MAISON LILIAN,250.0,Tunis,Appartement,150.0,1,1,vente,https://azurimmobiliere.com/vente/maisons/vv643/maison-lilian,location,False,,,,,,1.6666666666666667
69921f9bb4db7c7155569a56,Terrain Jabnoun,290.0,Tunis,Appartement,2000.0,2,1,vente,https://immoteam.tn/bien/details/47857-terrain-jabnoun,location,False,,,,,,0.145
69921fa2b4db7c7155569a59,Terrain sur 2 faades Hammamet,500.0,Tunis,Appartement,256.0,2,1,vente,https://immoteam.tn/bien/details/34948-terrain-sur-2-facades-a-hammamet,location,False,,,,,,1.953125
69921fa8b4db7c7155569a5b,Terrain prs de Yasmine Hammamet,250.0,Tunis,Appartement,400.0,2,1,vente,https://immoteam.tn/bien/details/40347-terrain-pres-de-yasmine-hammamet,location,False,,,,,,0.625
69921fadb4db7c7155569a5d,Terrain AQUA,3000.0,Tunis,Appartement,1087.0,2,1,vente,https://immoteam.tn/bien/details/40690-terrain-aqua,location,False,,,,,,2.7598896044158234
69921ff6b4db7c7155569a62,PROPOS DE CE BIEN,4750.0,Tunis,Appartement,450.0,1,1,vente,https://www.mostakbalimmo.com/bien/details/111506-villa-s4,location,False,,,,,,10.555555555555555
69922010b4db7c7155569a6b,PROPOS DE CE BIEN,600.0,Tunis,Appartement,150.0,1,1,vente,https://www.mostakbalimmo.com/bien/details/113919-depot,location,False,,,,,,4.0
69922024b4db7c7155569a6f,Vente,15600.0,Tunis,Appartement,104.0,1,1,vente,https://www.oasisimmobilier.com/achat-immobilier/hammamet-birbouregba/,location,True,,,,,,150.0
69922063b4db7c7155569a72,Vente Appartement de luxe par Professionnels l'tranger,420.0,Tunis,Appartement,73.0,1,1,vente,https://fr.imobilisco.com/vente-appartement-luxe-professionnels-2t23t2t1t.html,location,True,,,,,,5.7534246575342465
69922067b4db7c7155569a74,Offres Appartement de luxe Vente en Emirats Arabes Unis par Propritaires et Professionnels,420.0,Tunis,Appartement,73.0,1,1,vente,https://fr.imobilisco.com/vente-appartement-luxe-emirats-arabes-unis-particuliers-professionnels-82c99q23l2l1a.html,location,True,,,,,,5.7534246575342465
6992206cb4db7c7155569a77,Offres de Vente Appartement de luxe l'tranger par particuliers et professionnels,200.0,Tunis,Appartement,65.0,1,1,vente,https://fr.imobilisco.com/vente-appartement-luxe-etranger-23c2g1.html,location,True,,,,,,3.076923076923077
69922072b4db7c7155569a7a,Offres Appartement de luxe Vente en Emirats Arabes Unis par Professionnels,420.0,Tunis,Appartement,73.0,1,1,vente,https://fr.imobilisco.com/vente-appartement-luxe-emirats-arabes-unis-professionnels-82c2q23l2l1a.html,location,True,,,,,,5.7534246575342465
69922078b4db7c7155569a7d,Vente Appartement de luxe par Propritaires et Professionnels l'tranger,200.0,Tunis,Appartement,65.0,1,1,vente,https://fr.imobilisco.com/vente-appartement-luxe-particuliers-professionnels-99t23t2t1t.html,location,True,,,,,,3.076923076923077
69922113b4db7c7155569a9b,Apt meubl l'anne ennasr,1600.0,Tunis,Appartement,113.0,2,1,vente,https://tunisiapromo.com/annonce/apt-meuble-a-l-annee-ennasr-z156013.html,location,True,,,,,,14.15929203539823
69922118b4db7c7155569a9c,Location maison verdi hammamet,1200.0,Tunis,Appartement,140.0,1,1,vente,https://tunisiapromo.com/annonce/location-maison-verdi-a-hammamet-z154096.html,location,True,,,,,,8.571428571428571
6992211bb4db7c7155569a9d,Location bureau hammamet,650.0,Tunis,Appartement,70.0,1,1,vente,https://tunisiapromo.com/annonce/location-bureau-a-hammamet-z155659.html,location,False,,,,,,9.285714285714286
69922323b4db7c7155569a9f,Dtail du bien,1100.0,Tunis,Appartement,180.0,1,1,vente,https://casaimmo.tn/biens/detail/119407,location,False,,,,,,6.111111111111111
69922458b4db7c7155569aa4,menzah9C louer s+2 rdc villa meubl Location,9800.0,Ariana,Appartement,110.0,2,1,vente,https://agenceimmobilierekchaou.tn/bien/details/57820-menzah9c-a-louer-s2-rdc-villa-meuble,location,False,,,,,,89.0909090909091
6992245db4db7c7155569aa5,a louer bureau H+1 a menzah5 Lou,51200.0,Ariana,Appartement,120.0,2,1,vente,https://agenceimmobilierekchaou.tn/bien/details/118575-a-louer-bureau-h1-a-menzah5,location,False,,,,,,426.6666666666667
69922461b4db7c7155569aa6,A louer S+1 centre urbain nord Lou,1200.0,Ariana,Appartement,100.0,2,1,vente,https://agenceimmobilierekchaou.tn/bien/details/86652-a-louer-s1-centre-urbain-nord,location,False,,,,,,12.0
69922468b4db7c7155569aa7,louer s+1 Ennasr Location,2800.0,Ariana,Appartement,100.0,2,1,vente,https://agenceimmobilierekchaou.tn/bien/details/71210-a-louer-s1-a-ennasr,location,False,,,,,,28.0
699224e4b4db7c7155569aac,Properties,2000.0,Tunis,Appartement,180.0,1,1,vente,https://djerbaimmo.tn/fr/property/location-annuelle-villa-avec-piscine-%C3%A0-tezdaine-midoun-djerba,location,False,,,,,,11.11111111111111
69922643b4db7c7155569ad6,PROPOS DE CE BIEN,900.0,Sfax,Appartement,240.0,1,1,vente,https://www.houch-immo.com/bien/details/106284-villa-basma-a-midoun,location,False,,,,,,3.75
69922671b4db7c7155569ae8,Liste des appartements vendre,180.0,Tunis,Appartement,73.0,1,1,vente,https://www.houch-immo.com/vente/appartement,location,False,,,,,,2.4657534246575343
69922808b4db7c7155569b10,PROPOS DE CE BIEN,1200.0,Tunis,Appartement,120.0,1,1,vente,https://www.immo-dulac.com/bien/details/124666-appartement-s2-a-louer-avenue-yasser-arafet,location,True,,,,,,10.0
6992280ab4db7c7155569b11,PROPOS DE CE BIEN,650.0,Tunis,Appartement,100.0,1,1,vente,https://www.immo-dulac.com/bien/details/123682-appartement-s3-au-1ere-etage-a-louer,location,True,,,,,,6.5
6992280fb4db7c7155569b13,PROPOS DE CE BIEN,2000.0,Tunis,Appartement,400.0,7,1,vente,https://www.immo-dulac.com/bien/details/124898-villa-s3-niveaux-a-louer-usage-bureautique,location,False,,,,,,5.0
69922816b4db7c7155569b16,PROPOS DE CE BIEN,1000.0,Tunis,Appartement,80.0,1,1,vente,https://www.immo-dulac.com/bien/details/127761-appartement-s2-meuble-a-louer-a-el-ghrabi,location,True,,,,,,12.5
6992281eb4db7c7155569b19,PROPOS DE CE BIEN,2200.0,Tunis,Appartement,400.0,1,1,vente,https://www.immo-dulac.com/bien/details/123071-duplex-meuble-s3-a-kantaoui,location,False,,,,,,5.5
69922823b4db7c7155569b1b,PROPOS DE CE BIEN,3500.0,Tunis,Appartement,300.0,2,1,vente,https://www.immo-dulac.com/bien/details/120297-villa-haut-standing-pieds-dans-leau-avec-piscine,location,False,,,,,,11.666666666666666
69922828b4db7c7155569b1d,PROPOS DE CE BIEN,1200.0,Tunis,Appartement,130.0,1,1,vente,https://www.immo-dulac.com/bien/details/124896-appartement-s3-a-louer-a-sahloul,location,False,,,,,,9.23076923076923
69922831b4db7c7155569b21,PROPOS DE CE BIEN,2500.0,Tunis,Appartement,260.0,1,1,vente,https://www.immo-dulac.com/bien/details/120900-etage-de-villa-neuf-a-louer,location,False,,,,,,9.615384615384615
69922838b4db7c7155569b24,PROPOS DE CE BIEN,1500.0,Tunis,Appartement,160.0,1,1,vente,https://www.immo-dulac.com/bien/details/123696-spacieux-duplex-meuble-independant,location,False,,,,,,9.375
6992283fb4db7c7155569b27,PROPOS DE CE BIEN,1200.0,Tunis,Appartement,165.0,2,1,vente,https://www.immo-dulac.com/bien/details/123856-rez-de-chaussee-s2-meuble,location,False,,,,,,7.2727272727272725
69922841b4db7c7155569b28,PROPOS DE CE BIEN,750.0,Tunis,Appartement,85.0,2,1,vente,https://www.immo-dulac.com/bien/details/123853-appartement-s2-face-de-mosque-hamza-a-louer,location,False,,,,,,8.823529411764707
69922847b4db7c7155569b2b,PROPOS DE CE BIEN,2000.0,Tunis,Appartement,420.0,1,1,vente,https://www.immo-dulac.com/bien/details/122435-une-grande-villa-a-louer,location,False,,,,,,4.761904761904762
6992284ab4db7c7155569b2c,PROPOS DE CE BIEN,2000.0,Tunis,Appartement,400.0,1,1,vente,https://www.immo-dulac.com/bien/details/124903-rez-de-chaussee-s3-standing-a-louer,location,False,,,,,,5.0
6992284eb4db7c7155569b2e,PROPOS DE CE BIEN,1300.0,Tunis,Appartement,120.0,3,1,vente,https://www.immo-dulac.com/bien/details/121632-rez-de-chaussee-de-villa-s3-a-louer,location,False,,,,,,10.833333333333334
69922859b4db7c7155569b33,PROPOS DE CE BIEN,1800.0,Tunis,Appartement,200.0,1,1,vente,https://www.immo-dulac.com/bien/details/123337-etage-de-villa-s3-richement-meuble-a-louer,location,True,,,,,,9.0
6992285db4db7c7155569b35,PROPOS DE CE BIEN,5000.0,Tunis,Appartement,340.0,1,1,vente,https://www.immo-dulac.com/bien/details/122033-grande-villa-a-louer-usage-bureautique-ou-siege,location,False,,,,,,14.705882352941176
69922861b4db7c7155569b37,PROPOS DE CE BIEN,6000.0,Tunis,Appartement,800.0,1,1,vente,https://www.immo-dulac.com/bien/details/124471-depot-a-louer-a-oued-laarouk,location,False,,,,,,7.5
69922863b4db7c7155569b38,PROPOS DE CE BIEN,1600.0,Tunis,Appartement,180.0,1,1,vente,https://www.immo-dulac.com/bien/details/121826-etage-de-villa-a-louer,location,False,,,,,,8.88888888888889
69922871b4db7c7155569b3e,PROPOS DE CE BIEN,1000.0,Tunis,Appartement,80.0,2,1,vente,https://www.immo-dulac.com/bien/details/121309-bureaux-a-el-menchia-a-louer,location,False,,,,,,12.5
69922875b4db7c7155569b40,PROPOS DE CE BIEN,2800.0,Tunis,Appartement,130.0,1,1,vente,https://www.immo-dulac.com/bien/details/122784-local-commercial-neuf-proche-de-al-padrino,location,False,,,,,,21.53846153846154
69922879b4db7c7155569b42,PROPOS DE CE BIEN,1500.0,Tunis,Appartement,200.0,1,1,vente,https://www.immo-dulac.com/bien/details/121394-etage-de-villa-s3-a-louer,location,False,,,,,,7.5
699228e8b4db7c7155569b43,PROPOS DE CE BIEN,2200.0,Tunis,Appartement,156.0,3,1,vente,https://www.immobiliere-casabella.com/bien/details/76883-appartement-a-louer-a-tantana-chott-mariem,location,False,,,,,,14.102564102564102
699228f2b4db7c7155569b46,PROPOS DE CE BIEN,1200.0,Tunis,Appartement,140.0,1,1,vente,https://www.immobiliere-casabella.com/bien/details/69612-appartement,location,True,,,,,,8.571428571428571
699228f5b4db7c7155569b47,PROPOS DE CE BIEN,1500.0,Tunis,Appartement,100.0,2,1,vente,https://www.immobiliere-casabella.com/bien/details/56330-un-appartement-neuf,location,True,,,,,,15.0
6992290bb4db7c7155569b4e,PROPOS DE CE BIEN,900.0,Tunis,Appartement,180.0,3,1,vente,https://www.immobiliere-casabella.com/bien/details/71019-etage-de-villa-pour-la-location,location,False,,,,,,5.0
6992290db4db7c7155569b4f,PROPOS DE CE BIEN,600.0,Tunis,Appartement,26.0,1,1,vente,https://www.immobiliere-casabella.com/bien/details/90581-location-pour-usage-bureautique-a-hammam-sousse,location,False,,,,,,23.076923076923077
69922916b4db7c7155569b52,PROPOS DE CE BIEN,500.0,Tunis,Appartement,25.0,1,1,vente,https://www.immobiliere-casabella.com/bien/details/49552-un-joli-bureau-a-sousse,location,False,,,,,,20.0
6992291ab4db7c7155569b53,PROPOS DE CE BIEN,1000.0,Tunis,Appartement,60.0,1,1,vente,https://www.immobiliere-casabella.com/bien/details/56763-un-appartement-a-louer-a-chat-meriem,location,False,,,,,,16.666666666666668
69922920b4db7c7155569b55,PROPOS DE CE BIEN,1200.0,Tunis,Appartement,600.0,1,1,vente,https://www.immobiliere-casabella.com/bien/details/57639-a-louer-un-bureau-a-khezema-route-touristique,location,False,,,,,,2.0
6992292ab4db7c7155569b58,PROPOS DE CE BIEN,2800.0,Tunis,Appartement,505.0,1,1,vente,https://www.immobiliere-casabella.com/bien/details/46575-terrain-a-vendre,location,False,,,,,,5.544554455445544
6992293eb4db7c7155569b5e,PROPOS DE CE BIEN,1000.0,Tunis,Appartement,50.0,1,1,vente,https://www.immobiliere-casabella.com/bien/details/56826-a-louer-un-appartement-a-khozema-est,location,False,,,,,,20.0
69922948b4db7c7155569b61,PROPOS DE CE BIEN,3500.0,Tunis,Appartement,450.0,1,1,vente,https://www.immobiliere-casabella.com/bien/details/57682-villa-a-louer-a-kantaoui,location,False,,,,,,7.777777777777778
6992294bb4db7c7155569b62,PROPOS DE CE BIEN,2700.0,Tunis,Appartement,600.0,1,1,vente,https://www.immobiliere-casabella.com/bien/details/50937-une-grandiose-administration-a-louer-dans-la-zone-industrielle-sidi-abdelhamid,location,False,,,,,,4.5
69922950b4db7c7155569b63,PROPOS DE CE BIEN,1200.0,Tunis,Appartement,160.0,3,1,vente,https://www.immobiliere-casabella.com/bien/details/56747-a-louer-un-reez-de-chaussee-villa,location,False,,,,,,7.5
69922959b4db7c7155569b66,PROPOS DE CE BIEN,1500.0,Tunis,Appartement,100.0,1,1,vente,https://www.immobiliere-casabella.com/bien/details/57317-a-louer-un-appartement-a-kantaoui,location,True,,,,,,15.0
6992295db4db7c7155569b67,PROPOS DE CE BIEN,550.0,Tunis,Appartement,156.0,1,1,vente,https://www.immobiliere-casabella.com/bien/details/57386-a-louer-un-appartement-neuf-a-chatt-meriem,location,False,,,,,,3.5256410256410255
69922960b4db7c7155569b68,PROPOS DE CE BIEN,280.0,Tunis,Appartement,660.0,1,1,vente,https://www.immobiliere-casabella.com/bien/details/57592-un-terrain-a-vendre-a-hergla,location,True,,,,,,0.42424242424242425
69922965b4db7c7155569b69,PROPOS DE CE BIEN,1600.0,Tunis,Appartement,270.0,4,1,vente,https://www.immobiliere-casabella.com/bien/details/56808-a-louer-un-duplex-a-chat-meriem,location,False,,,,,,5.925925925925926
69922972b4db7c7155569b6d,PROPOS DE CE BIEN,1500.0,Tunis,Appartement,250.0,4,1,vente,https://www.immobiliere-casabella.com/bien/details/56766-a-louer-un-reez-de-chausse-a-sousse,location,False,,,,,,6.0
69922975b4db7c7155569b6e,Liste des terrains vendre,280.0,Tunis,Appartement,660.0,1,1,vente,https://www.immobiliere-casabella.com/vente/terrain,location,True,,,,,,0.42424242424242425
69922978b4db7c7155569b6f,PROPOS DE CE BIEN,3200.0,Tunis,Appartement,700.0,5,1,vente,https://www.immobiliere-casabella.com/bien/details/76897-villa-a-louer-a-tantana-chott-mariem,location,False,,,,,,4.571428571428571
6992297cb4db7c7155569b70,PROPOS DE CE BIEN,1400.0,Tunis,Appartement,120.0,1,1,vente,https://www.immobiliere-casabella.com/bien/details/34094-un-splendide-appartement-s2-pour-usage-bureautique,location,False,,,,,,11.666666666666666
69922986b4db7c7155569b73,PROPOS DE CE BIEN,1000.0,Tunis,Appartement,350.0,5,1,vente,https://www.immobiliere-casabella.com/bien/details/56462-a-louer-un-etage-de-villa-a-sousse,location,False,,,,,,2.857142857142857
6992298fb4db7c7155569b76,PROPOS DE CE BIEN,1500.0,Tunis,Appartement,80.0,2,1,vente,https://www.immobiliere-casabella.com/bien/details/57897-a-louer-un-bel-appartement-a-hergla,location,False,,,,,,18.75
6995ca928d086219fd25dfad,s+1 neuf aux Jardins de Carthage Tunis,1700.0,Tunis,Appartement,72.0,1,1,vente,https://www.darcomtunisia.com/bien/details/129219-s1-neuf-aux-jardins-de-carthage,location,False,,,,,,23.61111111111111
6995caca8d086219fd25dfaf,les plus rcentes.,2500.0,Tunis,Appartement,1000.0,3,1,vente,https://www.dahmenimmobilier.tn/biens/detail/8003,location,False,,,,,,2.5
6995cad28d086219fd25dfb0,les plus rcentes.,900.0,Tunis,Appartement,1000.0,2,1,vente,https://www.dahmenimmobilier.tn/biens/detail/8005,location,False,,,,,,0.9
6995cbec8d086219fd25dfc1,"A louer un S+3 meubl la marsa La Marsa, Tunis",4200.0,Tunis,Appartement,160.0,1,1,vente,https://www.immobilier.com.tn/annonce/23449/a-louer-un-s3-meuble-a-la-marsa,location,True,,,,,,26.25
6995cbed8d086219fd25dfc2,"S+2 Gammarth El Aouina, La Marsa, Tunis",1500.0,Tunis,Appartement,147.0,1,1,vente,https://www.immobilier.com.tn/annonce/25618/s2-a-gammarth,location,False,,,,,,10.204081632653061
6995cbf28d086219fd25dfc6,"A louer un Duplex S+3 totalement rnov Gammarth ( Vue sur mer ) La Marsa, Tunis",4000.0,Tunis,Appartement,7500.0,1,1,vente,https://www.immobilier.com.tn/annonce/25922/a-louer-un-duplex-s3-totalement-renove-a-gammarth-vue-sur-mer,location,False,,,,,,0.5333333333333333
6995cbf98d086219fd25dfcc,"Villa plain pied sur 3000m de terrain La Soukra, La Soukra, Ariana",5000.0,Tunis,Appartement,3000.0,3,1,vente,https://www.immobilier.com.tn/annonce/26177/villa-plain-pied-sur-3000m2-de-terrain,location,False,,,,,,1.6666666666666667
6995ce018d086219fd25e00c,A Louer un RDC meubl d'une Villa Gafsa,1000.0,Tunis,Appartement,450.0,5,1,vente,https://www.houni.tn/annonce/location/maison/gafsa/gafsa-sud/cite-echabab/a-louer-un-rdc-meuble-d-une-villa-a-gafsa/ou4uuk,location,False,,,,,,2.2222222222222223
6995ce068d086219fd25e00f,,350.0,Tunis,Appartement,135.0,1,1,vente,https://www.houni.tn/annonce/location/maison/gafsa/el-ksar/el-matar/منزل-للكراء-حي-المزه/p3l523,location,False,,,,,,2.5925925925925926
6995ce088d086219fd25e010,Appartement 4 chambres Ras el Kef 4,450.0,Tunis,Appartement,180.0,4,1,vente,https://www.houni.tn/annonce/location/appartement/gafsa/gafsa-sud/gafsa-est/appartement-4-chambres-ras-el-kef-شقة-4-غرف-نوم-في/nmrzuy,location,False,,,,,,2.5
6995ce0a8d086219fd25e011,Etage de Villa Multi usage gafsa centre,700.0,Tunis,Appartement,100.0,1,1,vente,https://www.houni.tn/annonce/location/appartement/gafsa/gafsa-sud/gafsa-ville/etage-de-villa-multi-usage-gafsa-centre/y5s82p,location,False,,,,,,7.0
6995ce0c8d086219fd25e012,LOUER Un S+1 dexception pour un cadre de vie unique Menzah 9C,1250.0,Tunis,Appartement,140.0,6,1,vente,https://www.houni.tn/annonce/location/appartement/ariana/kalaat-el-andalous/pont-de-bizerte/a-louer-–-un-s+1-d’exception-pour-un-cadre-de-vie/bzli6a,location,False,,,,,,8.928571428571429
6995ce0f8d086219fd25e014,Colocation de Bureau,250.0,Tunis,Appartement,65.0,1,1,vente,https://www.houni.tn/annonce/colocation/appartement/sfax/sfax-ville/la-medina/colocation-de-bureau/1mm0tb,location,False,,,,,,3.8461538461538463
6995ce158d086219fd25e018,"Abonnements de bureau flexibles Tunis, Av. De La Monnaie",395.0,Tunis,Appartement,8.0,1,1,vente,https://www.houni.tn/annonce/location/bureaux-et-commerces/tunis/la-goulette/taieb-mhiri/abonnements-de-bureau-flexibles-a-tunis-av.-de-la/hyn0hx,location,False,,,,,,49.375
6995ce1a8d086219fd25e01a,Vente dun logement kairouan,170.0,Tunis,Appartement,420.0,1,1,vente,https://houni.tn/fr/vente/logement/kairouan/g-10,location,False,,,,,,0.40476190476190477
6995ce1b8d086219fd25e01b,Appartement s3 La Soukra MAL4164,1750.0,Tunis,Appartement,75.0,1,1,vente,https://www.houni.tn/annonce/location/appartement/ariana/soukra/soukra/appartement-s3-a-la-soukra-mal4164/qavwui,location,False,,,,,,23.333333333333332
6995ce238d086219fd25e020,,80.0,Tunis,Appartement,120.0,3,1,vente,https://www.houni.tn/annonce/location/appartement/gafsa/gafsa-sud/gafsa-ville/الدوالي-قفصة-البوسطة/3mx4g9,location,False,,,,,,0.6666666666666666
6995ce2c8d086219fd25e026,Une belle chambre meuble louer pour des tudiantes,140.0,Tunis,Appartement,50.0,1,1,vente,https://www.houni.tn/annonce/colocation/maison/sfax/sfax-ouest/cite-el-habib/une-belle-chambre-meublee-a-louer-pour-des-etudian/8dhs20,location,False,,,,,,2.8
6995d2a18d086219fd25e02b,Appartements Sousse,325.0,Tunis,Appartement,140.0,1,1,vente,https://cava.tn/category/immobilier/appartemen/a/Sousse/search?product_Type%20transaction=A%20Vendre,location,False,,,,,,2.3214285714285716
6995d2a38d086219fd25e02c,Terrains Jendouba,320.0,Tunis,Appartement,950.0,1,1,vente,https://cava.tn/category/immobilier/terrains/a/Jendouba/search?product_Type%20transaction=A%20Vendre,location,True,,,,,,0.3368421052631579
6995d2a78d086219fd25e02e,Terrains Manouba,160.0,Tunis,Appartement,235.0,1,1,vente,https://cava.tn/category/immobilier/terrains/a/Manouba/search?product_Type%20transaction=A%20Vendre,location,True,,,,,,0.6808510638297872
6995d2c38d086219fd25e02f,pour toute lanne studio s+1 hiboune mahdia,580.0,Tunis,Appartement,50.0,1,1,vente,https://agencehana.tn/property/location-annuelle-hiboun-mahdia-2/,location,False,,,,,,11.6
6995d31f8d086219fd25e033,PROPOS DE CE BIEN,2000.0,Nabeul,Appartement,180.0,1,1,vente,https://www.adam-immo.com/bien/details/129175-local-commercial-centre-ville-nabeul,location,False,,,,,,11.11111111111111
6995d3218d086219fd25e034,PROPOS DE CE BIEN,3500.0,Nabeul,Appartement,140.0,1,1,vente,https://www.adam-immo.com/bien/details/129177-local-commercial-nabeul,location,False,,,,,,25.0
6995d3408d086219fd25e03f,VILLA BOUTHEINA,270.0,Tunis,Appartement,200.0,1,1,vente,https://azurimmobiliere.com/vente/villas/vv-643/villa-boutheina,location,False,,,,,,1.35
6995d34a8d086219fd25e041,VILLA MERCADO,750.0,Tunis,Appartement,160.0,2,1,vente,https://azurimmobiliere.com/vente/villas/vv-640/villa-mercado,location,False,,,,,,4.6875
6995d6468d086219fd25e051,Terrain zone Kharrouba,650.0,Tunis,Appartement,777.0,4,1,vente,https://immoteam.tn/bien/details/46067-terrain-zone-kharrouba,location,False,,,,,,0.8365508365508365
6995d64c8d086219fd25e053,Terrain zone calme,280.0,Tunis,Appartement,1234.0,4,1,vente,https://immoteam.tn/bien/details/47501-terrain-zone-calme,location,False,,,,,,0.22690437601296595
6995d6528d086219fd25e056,Terrain prs zone touristique,520.0,Tunis,Appartement,213.0,4,1,vente,https://immoteam.tn/bien/details/46082-terrain-pres-zone-touristique,location,False,,,,,,2.4413145539906105
6995d65b8d086219fd25e05a,Superbe Terrain corniche Hammamet,3800.0,Tunis,Appartement,500.0,4,1,vente,https://immoteam.tn/bien/details/40441-superbe-terrain-a-corniche-hammamet,location,False,,,,,,7.6
6995d65d8d086219fd25e05b,Charmante demeure,3300.0,Tunis,Appartement,695.0,2,1,vente,https://immoteam.tn/bien/details/48428-charmante-demeure,location,False,,,,,,4.748201438848921
6995d6868d086219fd25e05e,Vente,2700.0,Tunis,Appartement,104.0,2,1,vente,https://oasisimmobilier.com/biens-prestige/,location,True,,,,,,25.96153846153846
6995d68b8d086219fd25e060,Vente,15600.0,Tunis,Appartement,104.0,1,1,vente,https://oasisimmobilier.com/vente-terrain/,location,True,,,,,,150.0
6995d7908d086219fd25e07d,Villa goya hammamet hammamet thtre ii iiii,3600.0,Tunis,Appartement,250.0,1,1,vente,https://tunisiapromo.com/annonce/villa-goya-hammamet-hammamet-theatre-ii-iiii-z156047.html,location,False,,,,,,14.4
6995d79e8d086219fd25e082,Duplex s+3 avec terrasse et jardin gammarth suprieur,2500.0,Tunis,Appartement,156.0,1,1,vente,https://tunisiapromo.com/annonce/duplex-s-3-avec-terrasse-et-jardin-a-gammarth-superieur-z155925.html,location,False,,,,,,16.025641025641026
6995d7ad8d086219fd25e087,Appartement renzo hammamet zone thtre ii,1100.0,Tunis,Appartement,150.0,1,1,vente,https://tunisiapromo.com/annonce/appartement-renzo-hammamet-zone-theatre-ii-z156049.html,location,False,,,,,,7.333333333333333
6995d7af8d086219fd25e088,Duplex s+3 meubl avec jardin et terrasse au golden tulip,4000.0,Tunis,Appartement,40.0,1,1,vente,https://tunisiapromo.com/annonce/duplex-s-3-meuble-avec-jardin-et-terrasse-au-golden-tulip-z155969.html,location,False,,,,,,100.0
6995d7b38d086219fd25e089,Duplex s+3 meubl au golden tulip gammarth,5000.0,Tunis,Appartement,250.0,2,1,vente,https://tunisiapromo.com/annonce/duplex-s-3-meuble-au-golden-tulip-gammarth-z156012.html,location,False,,,,,,20.0
6995dac98d086219fd25e093,a louer s+1 meubl Location,91.0,Ariana,Appartement,100.0,2,1,vente,https://agenceimmobilierekchaou.tn/bien/details/115369-a-louer-s1-meuble,location,False,,,,,,0.91
6995dad68d086219fd25e095,Ennasr louer s+1 Location,2850.0,Ariana,Appartement,100.0,2,1,vente,https://agenceimmobilierekchaou.tn/bien/details/111927-ennasr-a-louer-s1,location,False,,,,,,28.5
6995dd618d086219fd25e0ad,PROPOS DE CE BIEN,900.0,Tunis,Appartement,180.0,2,1,vente,https://www.immo-dulac.com/bien/details/122439-rez-de-chaussee-s2-neuf-a-louer-non-meuble,location,False,,,,,,5.0
6995dd648d086219fd25e0ae,PROPOS DE CE BIEN,1500.0,Tunis,Appartement,100.0,1,1,vente,https://www.immo-dulac.com/bien/details/121164-interessant-s3-standing-meuble-a-louer,location,True,,,,,,15.0
6995dd688d086219fd25e0af,PROPOS DE CE BIEN,1000.0,Tunis,Appartement,95.0,1,1,vente,https://www.immo-dulac.com/bien/details/122651-appartement-s2-sans-meuble-a-louer,location,False,,,,,,10.526315789473685
6995dd6a8d086219fd25e0b0,PROPOS DE CE BIEN,850.0,Tunis,Appartement,60.0,1,1,vente,https://www.immo-dulac.com/bien/details/121152-rez-de-chaussee-s1-a-louer,location,False,,,,,,14.166666666666666
6995dd6f8d086219fd25e0b2,PROPOS DE CE BIEN,1400.0,Tunis,Appartement,180.0,1,1,vente,https://www.immo-dulac.com/bien/details/122286-beau-appartement-s3-a-louer,location,False,,,,,,7.777777777777778
6995ddc88d086219fd25e0b4,PROPOS DE CE BIEN,1200.0,Tunis,Appartement,150.0,1,1,vente,https://www.immobiliere-casabella.com/bien/details/35973-un-rez-de-chaussee-de-villa-a-louer-a-chott-mariem,location,False,,,,,,8.0
6995ddca8d086219fd25e0b5,PROPOS DE CE BIEN,2800.0,Tunis,Appartement,700.0,5,1,vente,https://www.immobiliere-casabella.com/bien/details/57152-une-villa-a-louer-a-chat-meriem,location,False,,,,,,4.0
6995ddcd8d086219fd25e0b6,PROPOS DE CE BIEN,1100.0,Tunis,Appartement,110.0,2,1,vente,https://www.immobiliere-casabella.com/bien/details/35433-une-petite-maisonnette-a-chott-mariem,location,False,,,,,,10.0
6995ddd28d086219fd25e0b8,PROPOS DE CE BIEN,1500.0,Tunis,Appartement,100.0,2,1,vente,https://www.immobiliere-casabella.com/bien/details/50899-un-lumineux-appartement-a-louer-a-sousse-corniche,location,True,,,,,,15.0
6995ddd88d086219fd25e0ba,PROPOS DE CE BIEN,2000.0,Tunis,Appartement,500.0,1,1,vente,https://www.immobiliere-casabella.com/bien/details/32233-une-belle-villa-s3-a-louer-a-hergla,location,False,,,,,,4.0
6995dddd8d086219fd25e0bc,PROPOS DE CE BIEN,1500.0,Tunis,Appartement,450.0,2,1,vente,https://www.immobiliere-casabella.com/bien/details/36890-une-belle-villa-a-louer-a-hergla,location,False,,,,,,3.3333333333333335
6995dde08d086219fd25e0bd,PROPOS DE CE BIEN,1000.0,Tunis,Appartement,200.0,1,1,vente,https://www.immobiliere-casabella.com/bien/details/34839-une-maison-meuble-a-chott-mariem,location,False,,,,,,5.0
6995dde28d086219fd25e0be,PROPOS DE CE BIEN,1500.0,Tunis,Appartement,968.0,1,1,vente,https://www.immobiliere-casabella.com/bien/details/40516-une-jolie-maison-plain-pied-a-akouda,location,False,,,,,,1.5495867768595042
6995dde88d086219fd25e0c0,PROPOS DE CE BIEN,2500.0,Tunis,Appartement,350.0,4,1,vente,https://www.immobiliere-casabella.com/bien/details/35397-une-belle-villa-sans-meuble-a-louer-a-kantaoui,location,False,,,,,,7.142857142857143
6995ea468d086219fd25e0c1,Appartement s2 meubl aux Jardins de Carthage ZAL2138,4200.0,Tunis,Appartement,125.0,1,1,vente,https://ballouchi.com/annonces/immobilier/appartements/appartement-s2-meuble-aux-jardins-de-carthage-zal2138.html,location,False,,,,,,33.6
6995ea4f8d086219fd25e0c4,Luxueux S+2 meubl a la Soukra 85 d/j,650.0,Tunis,Appartement,120.0,1,1,vente,https://ballouchi.com/annonces/immobilier/appartements/luxueuse-s2-meuble-a-la-soukra.html,location,True,,,,,,5.416666666666667
6995ea558d086219fd25e0c6,Particulier L S2 meubl Ennasr2 pr tranger,1600.0,Tunis,Appartement,125.0,2,1,vente,https://ballouchi.com/annonces/immobilier/appartements/particulier-l-s2-meuble-ennasr2-pr-etranger.html,location,True,,,,,,12.8
6995ea5a8d086219fd25e0c8,Proche lac2 S4 meubl Neuf l'anne,2100.0,Tunis,Appartement,209.0,4,1,vente,https://ballouchi.com/annonces/immobilier/appartements/proche-lac2-s4-meuble-neuf-a-l-annee.html,location,True,,,,,,10.047846889952153
6995ea618d086219fd25e0ca,Particulier L S+2 meubl Ennasr2 pour tranger,1600.0,Tunis,Appartement,125.0,2,1,vente,https://ballouchi.com/annonces/immobilier/appartements/particulier-l-s2-meuble-ennasr2-pour-etranger.html,location,True,,,,,,12.8
6995ea658d086219fd25e0cc,Autres,2300.0,Tunis,Appartement,131.0,2,1,vente,https://ballouchi.com/annonces/immobilier/autres/,location,False,,,,,,17.557251908396946
6995ea688d086219fd25e0cd,Rez-de-chausse s2 meubl avec jardin La Marsa MAL2961,2800.0,Tunis,Appartement,107.0,1,1,vente,https://ballouchi.com/annonces/immobilier/appartements/rez-de-chaussee-s2-meuble-avec-jardin-a-la-marsa-mal2961.html,location,False,,,,,,26.16822429906542
6995ea6b8d086219fd25e0ce,APPARTEMENT GIZELE 2 Hammamet Nord AL3693,2200.0,Tunis,Appartement,150.0,1,1,vente,https://ballouchi.com/annonces/immobilier/appartements/appartement-gizele-2-hammamet-nord-al3693.html,location,False,,,,,,14.666666666666666
6995ea828d086219fd25e0d1,Offres de Vente de biens immobiliers l'tranger,420.0,Tunis,Appartement,73.0,4,1,vente,https://immobilier-co.com/annonces-immobilieres-vente-etranger-2b-1.html,location,True,,,,,,5.7534246575342465
6995ea868d086219fd25e0d3,Vente Villa par Propritaires et Professionnels l'tranger,630.0,Tunis,Appartement,200.0,4,1,vente,https://immobilier-co.com/vente-villa-particuliers-professionnels-99t26t2t1t.html,location,True,,,,,,3.15
6995ea888d086219fd25e0d4,Offres de Vente Appartement de luxe l'tranger par particuliers et professionnels,550.0,Tunis,Appartement,73.0,1,1,vente,https://immobilier-co.com/vente-appartement-luxe-etranger-23c2g1.html,location,False,,,,,,7.534246575342466
6995ea8a8d086219fd25e0d5,Vente Appartement de luxe par Particuliers l'tranger,70.0,Tunis,Appartement,65.0,1,1,vente,https://immobilier-co.com/vente-appartement-luxe-particuliers-1t23t2t1t.html,location,False,,,,,,1.0769230769230769
6995eacb8d086219fd25e0e0,Vente Villa par Particuliers l'tranger,449.0,Tunis,Appartement,200.0,4,1,vente,https://immobilier-co.com/vente-villa-particuliers-1t26t2t1t.html,location,True,,,,,,2.245
6995eae58d086219fd25e0e4,Vente Appartement de luxe par Propritaires et Professionnels l'tranger,420.0,Tunis,Appartement,73.0,1,1,vente,https://immobilier-co.com/vente-appartement-luxe-particuliers-professionnels-99t23t2t1t.html,location,True,,,,,,5.7534246575342465
6995eb1b8d086219fd25e0f0,Vente Villa par Particuliers l'tranger,449.0,Tunis,Appartement,200.0,4,1,vente,https://immobilierco.com/vente-villa-particuliers-1t26t2t1t.html,location,True,,,,,,2.245
6995eb378d086219fd25e0fb,Vente Villa par Propritaires et Professionnels l'tranger,630.0,Tunis,Appartement,200.0,4,1,vente,https://immobilierco.com/vente-villa-particuliers-professionnels-99t26t2t1t.html,location,True,,,,,,3.15
6995eb438d086219fd25e0ff,Offres de Vente de biens immobiliers l'tranger,420.0,Tunis,Appartement,73.0,4,1,vente,https://immobilierco.com/annonces-immobilieres-vente-etranger-2b-1.html,location,True,,,,,,5.7534246575342465
6995eb8d8d086219fd25e103,Vente Terrain Djerba,260.0,Tunis,Appartement,544.0,1,1,vente,https://djerba-immobilier.com/status/vente-terrain-a-djerba/,location,False,,,,,,0.47794117647058826
6995eb938d086219fd25e104,Villa moderne haut standing Djerba (Aghir) S+4,4870.0,Tunis,Appartement,5320.0,4,1,vente,https://djerba-immobilier.com/property/villa-moderne-haut-standing-a-djerba-aghir-s4/,location,False,,,,,,0.9154135338345865
6995eb978d086219fd25e105,Villa S+3 vendre au Zone Urbaine,780.0,Tunis,Appartement,210.0,3,1,vente,https://djerba-immobilier.com/property/villa-s3-a-vendre-au-zone-urbaine/,location,False,,,,,,3.7142857142857144
6995eba58d086219fd25e107,Villa vendre vue sur Lagune,920.0,Tunis,Appartement,220.0,4,1,vente,https://djerba-immobilier.com/property/villa-a-vendre-vue-sur-lagune/,location,False,,,,,,4.181818181818182
6995ebaa8d086219fd25e108,Luxueuse villa Tezdaine,870.0,Tunis,Appartement,220.0,4,1,vente,https://djerba-immobilier.com/property/luxueuse-villa-a-tezdaine/,location,False,,,,,,3.9545454545454546
6995ebb68d086219fd25e10a,Villa De Luxe vendre,870.0,Tunis,Appartement,140.0,3,1,vente,https://djerba-immobilier.com/property/villa-de-luxe-a-vendre-2/,location,False,,,,,,6.214285714285714
6995ebb88d086219fd25e10b,Vente,950.0,Tunis,Appartement,2140.0,1,1,vente,https://djerba-immobilier.com/status/vente-villa-terrain/,location,True,,,,,,0.4439252336448598
6995ebbb8d086219fd25e10c,"Charmante Proprit Vendre Aghir, Djerba",950.0,Tunis,Appartement,230.0,3,1,vente,https://djerba-immobilier.com/property/charmante-villa-aghir/,location,False,,,,,,4.130434782608695
6995ebc38d086219fd25e10e,Jolie villa vendre sur La Route de Phare Midoun,400.0,Tunis,Appartement,110.0,2,1,vente,https://djerba-immobilier.com/property/jolie-villa-a-vendre-sur-la-route-de-phare-midoun/,location,False,,,,,,3.6363636363636362
6995ebc68d086219fd25e10f,Maison Vendre,950.0,Tunis,Appartement,2140.0,1,1,vente,https://djerba-immobilier.com/status/vente-villa-a-djerba/,location,True,,,,,,0.4439252336448598
6995ec088d086219fd25e118,V347,58.0,Tunis,Appartement,1818.0,1,1,vente,http://drimmobilier.com/fr/vente/terrain/v347,location,False,,,,,,0.0319031903190319
6995ec148d086219fd25e11f,V149,75.0,Tunis,Appartement,8000.0,1,1,vente,http://drimmobilier.com/fr/vente/terrain/v149,location,False,,,,,,0.009375
6995ec1d8d086219fd25e125,V187,1500.0,Tunis,Appartement,230.0,4,1,vente,https://drimmobilier.com/fr/vente/vip-villa/v187,location,False,,,,,,6.521739130434782
6995ec208d086219fd25e127,V266,1500.0,Tunis,Appartement,220.0,3,1,vente,https://drimmobilier.com/fr/vente/vip-villa/v266,location,False,,,,,,6.818181818181818
6995ec258d086219fd25e12a,V210,1500.0,Tunis,Appartement,500.0,2,1,vente,https://drimmobilier.com/fr/vente/vip-villa/v210,location,False,,,,,,3.0
6995ec268d086219fd25e12b,V250,1500.0,Tunis,Appartement,400.0,3,1,vente,https://drimmobilier.com/fr/vente/vip-villa/v250,location,False,,,,,,3.75
6995ec298d086219fd25e12d,V177,1500.0,Tunis,Appartement,306.0,3,1,vente,https://drimmobilier.com/fr/vente/vip-villa/v177,location,False,,,,,,4.901960784313726
6995ec2a8d086219fd25e12e,V203,1500.0,Tunis,Appartement,400.0,2,1,vente,https://drimmobilier.com/fr/vente/vip-villa/v203,location,False,,,,,,3.75
6995ec3a8d086219fd25e130,BALLOUCHI.COM,3000.0,Tunis,Appartement,107.0,4,1,vente,https://m.ballouchi.com/annonces/immobilier/appartements/,location,False,,,,,,28.037383177570092
6995ec418d086219fd25e134,BALLOUCHI.COM,3000.0,Tunis,Appartement,10000.0,1,1,vente,https://m.ballouchi.com/annonces/immobilier/,location,False,,,,,,0.3
6995ec468d086219fd25e137,BALLOUCHI.COM,1600.0,Tunis,Appartement,125.0,2,1,vente,https://m.ballouchi.com/annonces/immobilier/appartements/particulier-l-s2-meuble-ennasr2-pr-etranger.html,location,True,,,,,,12.8
6995ec4e8d086219fd25e13a,BALLOUCHI.COM,3000.0,Tunis,Appartement,160.0,1,1,vente,https://m.ballouchi.com/annonces/immobilier/appartements/fond-de-commerce-2.html,location,False,,,,,,18.75
6995ec508d086219fd25e13b,BALLOUCHI.COM,2100.0,Tunis,Appartement,209.0,4,1,vente,https://m.ballouchi.com/annonces/immobilier/appartements/proche-lac2-s4-meuble-neuf-a-l-annee.html,location,True,,,,,,10.047846889952153
6995ec548d086219fd25e13d,BALLOUCHI.COM,2100.0,Tunis,Appartement,209.0,4,1,vente,https://m.ballouchi.com/annonces/immobilier/appartements/particulier-l-apt-s4-meuble-neuf-proche-lac2-pour-etranger-3.html,location,True,,,,,,10.047846889952153
6995ec788d086219fd25e144,"Appartement vendre aux Jardins de Carthage, S+2 avec jardin",550.0,Tunis,Appartement,134.0,2,1,vente,https://property.tn/estate_property/vente-appartement-s2-au-rez-de-chaussee-les-jardins-de-carthage/,location,False,,,,,,4.104477611940299
6995ec7c8d086219fd25e145,"Vente appartement S+3, Les Berges Du Lac 2",2740.0,Tunis,Appartement,198.0,3,1,vente,https://property.tn/estate_property/vente-appartement-s3-les-berges-du-lac-2/,location,False,,,,,,13.83838383838384
69a0bd2bad65c088f7a9c437,louer appartement S+1 Ain Zaghouan Nord - 90 m,5442.0,Tunis,Appartement,90.0,1,1,vente,https://century21.tn/property/a-louer-appartement-s1-ain-zaghouan-nord/,location,False,,,,,,60.46666666666667
69a0bd35ad65c088f7a9c43b,LOUER Duplex S+3 la Marsa - 143 m,455012.3,Tunis,Appartement,143.0,1,1,vente,https://century21.tn/property/a-louer-duplex-s3-a-la-marsa/,location,False,,,,,,3181.9041958041958
69a0bd3fad65c088f7a9c43f,louer appartement S+2 El Menzah 7 - 90 m,616971.2,Tunis,Appartement,90.0,1,1,vente,https://century21.tn/property/a-louer-appartement-s2-el-menzah-7-3/,location,False,,,,,,6855.235555555555
69a0bd4ead65c088f7a9c445,louer appartement S+1 meubl Cit El Moustakbel (sidi Daoud) - 60 m,132832.0,Tunis,Appartement,60.0,1,1,vente,https://century21.tn/property/a-louer-appartement-s1-meuble-cite-el-moustakbel-sidi-daoud/,location,False,,,,,,2213.866666666667
69a0bd55ad65c088f7a9c448,"A Louer Immeuble Bureautique de 330m Lafayette, Tunis - 331 m",624456.1,Tunis,Appartement,330.0,4,1,vente,https://century21.tn/property/a-louer-immeuble-bureautique-de-330m%c2%b2-a-lafayette-tunis/,location,False,,,,,,1892.291212121212
69a0be29ad65c088f7a9c4a5,bureau 4 pices au Lac I Tunis,2600.0,Tunis,Appartement,170.0,4,1,vente,https://www.darcomtunisia.com/bien/details/116758-bureau-4-pieces-au-lac-i,location,False,,,,,,15.294117647058824
69a0be2ead65c088f7a9c4a8,Terrain dexception Gammarth 2674 m pied dans leau Tunis,2800.0,Tunis,Appartement,2674.0,1,1,vente,https://www.darcomtunisia.com/bien/details/129238-terrain-dexception-a-gammarth-2674-m-pied-dans-leau,location,False,,,,,,1.0471204188481675
69a0be30ad65c088f7a9c4a9,S+1 RDC entre indpendente Jardins de Carthage Tunis,1550.0,Tunis,Appartement,70.0,1,1,vente,https://www.darcomtunisia.com/bien/details/129271-s1-rdc-entree-independente-jardins-de-carthage,location,False,,,,,,22.142857142857142
69a0be56ad65c088f7a9c4aa,les plus rcentes.,2500.0,Tunis,Appartement,1000.0,2,1,vente,https://www.dahmenimmobilier.tn/biens/detail/8012,location,False,,,,,,2.5
69a0be5dad65c088f7a9c4ab,les plus rcentes.,1500.0,Tunis,Appartement,1000.0,2,1,vente,https://www.dahmenimmobilier.tn/biens/detail/8006,location,False,,,,,,1.5
69a0bf9cad65c088f7a9c4ba,A louer un appartement meubl Gammarth,1300.0,Tunis,Appartement,70.0,1,1,vente,https://www.expatries-tunisie.com/bien/details/6540-a-louer-un-appartement-meuble-a-gammarth,location,False,,,,,,18.571428571428573
69a0bfa2ad65c088f7a9c4bb,A louer un appartement la Marsa,3500.0,Tunis,Appartement,50.0,1,1,vente,https://www.expatries-tunisie.com/bien/details/6541-a-louer-un-appartement-a-la-marsa,location,False,,,,,,70.0
69a0bfa9ad65c088f7a9c4bc,A louer un appartement meubl la Marsa,1300.0,Tunis,Appartement,75.0,1,1,vente,https://www.expatries-tunisie.com/bien/details/6539-a-louer-un-appartement-meuble-a-la-marsa,location,False,,,,,,17.333333333333332
69a0bfb1ad65c088f7a9c4c0,"Location Appartement - Berges Du Lac 1, La Marsa, Tunis Berges Du Lac 1, La Marsa, Tunis",2300.0,Tunis,Appartement,120.0,1,1,vente,https://www.immobilier.com.tn/annonce/23424/location-appartement-berges-du-lac-1-la-marsa-tunis,location,False,,,,,,19.166666666666668
69a0bfb2ad65c088f7a9c4c1,"Location Locaux Commerciaux aux Jardins de Carthage Carthage, Carthage, Tunis",2500.0,Tunis,Appartement,5.0,1,1,vente,https://www.immobilier.com.tn/annonce/27382/location-locaux-commerciaux-aux-jardins-de-carthage,location,False,,,,,,500.0
69a0bfb3ad65c088f7a9c4c2,"S+1 meubl la Marsa La Marsa, Tunis",1800.0,Tunis,Appartement,80.0,1,1,vente,https://www.immobilier.com.tn/annonce/26525/s1-meuble-a-la-marsa,location,False,,,,,,22.5
69a0bfb5ad65c088f7a9c4c3,"Appartement S+3 meubl au Lac2 Berges Du Lac 2, La Marsa, Tunis",3500.0,Tunis,Appartement,220.0,1,1,vente,https://www.immobilier.com.tn/annonce/23577/appartement-s3-meuble-au-lac2,location,False,,,,,,15.909090909090908
69a0bfb6ad65c088f7a9c4c4,location d'un appartement A+1 usage bureautique menzah 5 Ariana,1100.0,Tunis,Appartement,80.0,1,1,vente,https://www.immobilier.com.tn/annonce/27309/location-dun-appartement-a1-a-usage-bureautique-a-menzah-5,location,True,,,,,,13.75
69a0bfb7ad65c088f7a9c4c5,"Unique appartement vue mer La Marsa, Tunis",4500.0,Tunis,Appartement,180.0,1,1,vente,https://www.immobilier.com.tn/annonce/26293/unique-appartement-vue-mer,location,False,,,,,,25.0
69a0bfb8ad65c088f7a9c4c6,Location d'un Rez de jardin S3 Jardin d'el Menzah 2 Tunis,1300.0,Tunis,Appartement,200.0,1,1,vente,https://www.immobilier.com.tn/annonce/27247/location-dun-rez-de-jardin-s3-a-jardin-del-menzah-2,location,False,,,,,,6.5
69a0bfb9ad65c088f7a9c4c7,"SOLARIA 2 Hammamet, Hammamet, Nabeul",1600.0,Tunis,Appartement,120.0,1,1,vente,https://www.immobilier.com.tn/annonce/33659/solaria-2,location,False,,,,,,13.333333333333334
69a0bfbdad65c088f7a9c4ca,"S1 neuf louer chotrana 1 Chotrana 1, La Soukra, Ariana",1700.0,Tunis,Appartement,55.0,1,1,vente,https://www.immobilier.com.tn/annonce/33669/s1-neuf-a-louer-chotrana-1,location,False,,,,,,30.90909090909091
69a0c18fad65c088f7a9c50a,,200.0,Tunis,Appartement,20.0,20,1,vente,https://www.houni.tn/annonce/location/appartement/kairouan/kairouan-sud/el-mansoura-sud/حي-المنصورة-قبالة-مصنع-التبغ-بالقيروان/dcxntw,location,False,,,,,,10.0
69a0c190ad65c088f7a9c50b,"Appartement S+2 louer -Proche de l'htel Taj Marhaba, Sousse",1100.0,Tunis,Appartement,80.0,1,1,vente,https://www.houni.tn/annonce/location/appartement/tunis/bab-el-bhar/lac-de-tunis/appartement-s+2-a-louer-proche-de-l-hotel-taj-mar/mb7kxy,location,True,,,,,,13.75
69a0c192ad65c088f7a9c50c,Villa s4 avec terrasse Gammarth ZVL1526,3000.0,Tunis,Appartement,210.0,1,1,vente,https://www.houni.tn/annonce/location/maison/tunis/la-marsa/gammarth/villa-s4-avec-terrasse-a-gammarth-zvl1526/zkkw3z,location,False,,,,,,14.285714285714286
69a0c193ad65c088f7a9c50d,Duplex s3 Sidi BouSaid ZDL0691,3900.0,Tunis,Appartement,180.0,1,1,vente,https://www.houni.tn/annonce/location/maison/tunis/carthage/sidi-bou-said/duplex-s3-a-sidi-bousaid-zdl0691/rqtzle,location,False,,,,,,21.666666666666668
69a0c195ad65c088f7a9c50e,appartement studio meubl par jour tunis Tel:50239923,60.0,Tunis,Appartement,70.0,1,1,vente,https://www.houni.tn/annonce/location/appartement/kairouan/bouhajla/ennasr/appartement-studio-meuble-par-jour-a-tunis-tel-502/aa415x,location,False,,,,,,0.8571428571428571
69a0c196ad65c088f7a9c50f,"Bureau priv louer pour 1 personne Tunis, Av. De La Monnaie",957.0,Tunis,Appartement,8.0,1,1,vente,https://www.houni.tn/annonce/location/bureaux-et-commerces/tunis/la-goulette/taieb-mhiri/bureau-prive-a-louer-pour-1-personne-a-tunis-av./tfvah0,location,False,,,,,,119.625
69a0c19aad65c088f7a9c511,Appartement lgant S+2 louer - Sahloul 4,1250.0,Tunis,Appartement,90.0,1,1,vente,https://www.houni.tn/annonce/location/appartement/tunis/bab-el-bhar/lac-de-tunis/appartement-elegant-s+2-a-louer-a-sahloul-4/o8kkvd,location,True,,,,,,13.88888888888889
69a0c19bad65c088f7a9c512,Location un magnifique S+3 non meubl au RDC - Hammam Sousse,1700.0,Tunis,Appartement,140.0,1,1,vente,https://www.houni.tn/annonce/location/appartement/tunis/bab-el-bhar/lac-de-tunis/location-un-magnifique-s+3-non-meuble-au-rdc-a-h/ds1fjf,location,True,,,,,,12.142857142857142
69a0c19cad65c088f7a9c513,Maison louer El Guettar Gouvernorat de Gafsa,400.0,Tunis,Appartement,200.0,2,1,vente,https://www.houni.tn/annonce/location/maison/kairouan/el-alaa/el-guettar/maison-a-louer-a-el-guettar-–-gouvernorat-de-gafsa/274uec,location,False,,,,,,2.0
69a0c1a0ad65c088f7a9c515,,150.0,Tunis,Appartement,250.0,1,1,vente,https://www.houni.tn/annonce/location/appartement/kasserine/kasserine-sud/bouzguam/ديار-صيافي-للكراء-في-قابس/zw5yzu,location,False,,,,,,0.6
69a0c1a1ad65c088f7a9c516,97,320.0,Tunis,Appartement,100.0,1,1,vente,https://www.houni.tn/annonce/location/maison/kairouan/kairouan-sud/merguellil/97حي-عقبة-طريق-حفوز-ديار-سنيت/j7kxwi,location,True,,,,,,3.2
69a0c1a3ad65c088f7a9c517,,350.0,Tunis,Appartement,80.0,3,1,vente,https://www.houni.tn/annonce/location/appartement/kairouan/kairouan-sud/ettaben/شقه-مفروشه-للإيجار/vj6ovw,location,False,,,,,,4.375
69a0c1a5ad65c088f7a9c519,S+2 kairouan manar,400.0,Tunis,Appartement,75.0,1,1,vente,https://www.houni.tn/annonce/location/appartement/kairouan/kairouan-sud/ettaben/s+2-kairouan-manar/kaknnl,location,False,,,,,,5.333333333333333
69a0c1a7ad65c088f7a9c51a,Superbe appartement S+2 louer - Sahloul 4,1050.0,Tunis,Appartement,90.0,1,1,vente,https://www.houni.tn/annonce/location/appartement/tunis/bab-el-bhar/lac-de-tunis/superbe-appartement-s+2-a-louer-a-sahloul-4/oykuwy,location,False,,,,,,11.666666666666666
69a0c1abad65c088f7a9c51d,Rez-de-chausse de villa s3 meubl La Marsa,2000.0,Tunis,Appartement,120.0,1,1,vente,https://www.houni.tn/annonce/location/appartement/tunis/la-marsa/sidi-daoued/rez-de-chaussee-de-villa-s3-meuble-a-la-marsa/xv5zsk,location,False,,,,,,16.666666666666668
69a0c1aead65c088f7a9c51f,Maisson louer Sfax Kerkennah Wled Yenig,170.0,Tunis,Appartement,150.0,1,1,vente,https://www.houni.tn/annonce/location/maison/kairouan/echrarda/el-ksour/maisson-a-louer-sfax-kerkennah-wled-yenig/opvs70,location,False,,,,,,1.1333333333333333
69a0c1b0ad65c088f7a9c520,Location Maison,370.0,Tunis,Appartement,155.0,5,1,vente,https://www.houni.tn/annonce/location/maison/kairouan/kairouan-nord/el-aghalba/location-maison/y8klrh,location,False,,,,,,2.3870967741935485
69a0c1b2ad65c088f7a9c521,,400.0,Tunis,Appartement,180.0,5,1,vente,https://www.houni.tn/annonce/location/appartement/kasserine/kasserine-nord/el-khadhra/حي-الزهور-القصرين/sv9n9p,location,False,,,,,,2.2222222222222223
69a0c1b5ad65c088f7a9c523,A louer,400.0,Tunis,Appartement,170.0,4,1,vente,https://www.houni.tn/annonce/location/maison/kasserine/ezzouhour/ezzouhour-ouest-(4)/a-louer/ma4nq5,location,False,,,,,,2.3529411764705883
69a0c1b6ad65c088f7a9c524,Appartement S+2 bien meubl,450.0,Tunis,Appartement,60.0,1,1,vente,https://www.houni.tn/annonce/location/appartement/kairouan/kairouan-sud/keblia-sud/appartement-s+2-bien-meuble/90xaa0,location,False,,,,,,7.5
69a0c1b9ad65c088f7a9c526,Location S+3 au 2 eme tage Hammam Sousse,900.0,Tunis,Appartement,140.0,1,1,vente,https://www.houni.tn/annonce/location/appartement/tunis/bab-el-bhar/lac-de-tunis/location-s+3-au-2-eme-etage-a-hammam-sousse/sc6tmu,location,False,,,,,,6.428571428571429
69a0c1baad65c088f7a9c527,Loft s1 meubl La Marsa MRCL0333,1500.0,Tunis,Appartement,70.0,1,1,vente,https://www.houni.tn/annonce/location/appartement/tunis/la-marsa/la-marsa-erriadh/loft-s1-meuble-a-la-marsa-mrcl0333/l9yje,location,True,,,,,,21.428571428571427
69a0c54aad65c088f7a9c552,Vendre Appartement S+1 proche de la plage mahdia,190.0,Tunis,Appartement,37.0,1,1,vente,https://agencehana.tn/property/a-vendre-appartement-s1-proche-de-la-plage-a-mahdia/,location,False,,,,,,5.135135135135135
69a0c5a8ad65c088f7a9c554,PROPOS DE CE BIEN,1300.0,Nabeul,Appartement,150.0,1,1,vente,https://www.adam-immo.com/bien/details/129650-a-louer-duplex-s2-sans-meuble-afh1-nabeul,location,False,,,,,,8.666666666666666
69a0c5abad65c088f7a9c555,PROPOS DE CE BIEN,3500.0,Nabeul,Appartement,80.0,1,1,vente,https://www.adam-immo.com/bien/details/129389-espace-commercial-a-louer-oued-souhil,location,False,,,,,,43.75
69a0c5c3ad65c088f7a9c55c,APPARTEMENT YAFOUZ,200.0,Tunis,Appartement,110.0,2,1,vente,https://azurimmobiliere.com/vente/appartements/va-234/appartement-yafouz,location,False,,,,,,1.8181818181818181
69a0c5c7ad65c088f7a9c55e,VILLA GHAYSSA,980.0,Tunis,Appartement,353.0,1,1,vente,https://azurimmobiliere.com/vente/villas/vv-759/villa-ghayssa,location,False,,,,,,2.776203966005666
69a0c5ccad65c088f7a9c562,AMIR,180.0,Tunis,Appartement,1796.0,1,1,vente,https://azurimmobiliere.com/vente/terrains/vt549/amir,location,False,,,,,,0.10022271714922049
69a0c7f7ad65c088f7a9c572,Terrain vendre-Hammamet sud,550.0,Tunis,Appartement,650.0,4,1,vente,https://immoteam.tn/bien/details/35031-terrain-a-vendre-hammamet-sud,location,False,,,,,,0.8461538461538461
69a0c7f9ad65c088f7a9c573,Villa louer,3800.0,Tunis,Appartement,350.0,2,1,vente,https://immoteam.tn/bien/details/33762-villa-a-louer,location,False,,,,,,10.857142857142858
69a0c805ad65c088f7a9c578,Terrain Mrezga,670.0,Tunis,Appartement,224.0,4,1,vente,https://immoteam.tn/bien/details/48418-terrain-mrezga,location,False,,,,,,2.9910714285714284
69a0c807ad65c088f7a9c579,Terrain vue de mer,130.0,Tunis,Appartement,1503.0,4,1,vente,https://immoteam.tn/bien/details/48368-terrain-vue-de-mer,location,False,,,,,,0.08649367930805056
69a0c811ad65c088f7a9c57d,Terrain - NEAPOLIS,1300.0,Tunis,Appartement,750.0,4,1,vente,https://immoteam.tn/bien/details/40692-terrain---neapolis,location,False,,,,,,1.7333333333333334
69a0c851ad65c088f7a9c586,Vente Residence Riadh el Gazela,2700.0,Tunis,Appartement,67.0,1,1,vente,https://oasisimmobilier.com/vente/Tunisie/cite-ghazela-tunis/residence-riadh-el-gazela/id%2C9552.html,location,False,,,,,,40.298507462686565
69a0c89ead65c088f7a9c598,Dcouvrez des annonces immobilires,880000.0,Tunis,Appartement,204.0,5,1,vente,https://limmobilier.tn/annonce/a-louer-un-duplex-a-la-soukra-420.html,location,True,,,,,,4313.725490196079
69a0c8a2ad65c088f7a9c59b,Dcouvrez des annonces immobilires,880000.0,Tunis,Appartement,204.0,5,1,vente,https://limmobilier.tn/annonce/a-louer-un-appartement-spacieux-et-neuf-s-1-haut-standing-2583.html,location,True,,,,,,4313.725490196079
69a0c8f9ad65c088f7a9c59f,PROPOS DE CE BIEN,1350.0,Tunis,Appartement,73.0,1,1,vente,https://www.sevenrealestate.com.tn/bien/details/129523-appartement-s1-a-ain-zaghouan,location,False,,,,,,18.493150684931507
69a0c911ad65c088f7a9c5a6,Particulier l apt meubl l'anne,1600.0,Tunis,Appartement,113.0,2,1,vente,https://tunisiapromo.com/annonce/particulier-l-apt-meuble-a-l-annee-z156096.html,location,True,,,,,,14.15929203539823
69a0c9cdad65c088f7a9c5ae,Les biens,450.0,Tunis,Appartement,7000.0,1,1,vente,https://xpertimmobilier.tn/property_tag/terrain-agricole/,location,False,,,,,,0.06428571428571428
69a0c9e2ad65c088f7a9c5b1,A vendre Bureau de Standing avec Terrasse de 46 m Jardins de Carthage,980.0,Tunis,Appartement,46.0,1,1,vente,https://goodlife.com.tn/property/a-vendre-bureau-de-standing-avec-terrasse-de-46-m%c2%b2-jardins-de-carthage/,location,False,,,,,,21.304347826086957
69a0ce19ad65c088f7a9c5de,PROPOS DE CE BIEN,1200.0,Tunis,Appartement,100.0,2,1,vente,https://www.immobiliere-casabella.com/bien/details/87687-rez-de-chaussee-a-louer-a-l-annee-a-kantaoui,location,False,,,,,,12.0
69a0d033ad65c088f7a9c5e4,Maison Flora AL2921 Hammamet,2000.0,Tunis,Appartement,200.0,6,1,vente,https://ballouchi.com/annonces/immobilier/villas/maison-flora-al2921-hammamet.html,location,False,,,,,,10.0
69a0d034ad65c088f7a9c5e5,Appartements,3000.0,Tunis,Appartement,104.0,4,1,vente,https://ballouchi.com/annonces/immobilier/appartements/,location,False,,,,,,28.846153846153847
69a0d037ad65c088f7a9c5e6,"louer local commercial 18 m Avenue La Victoire, Mourouj 3",500.0,Tunis,Appartement,18.0,1,1,vente,https://ballouchi.com/annonces/immobilier/fonds-de-commerce-locaux-commerciaux/a-louer-local-commercial-18-m-avenue-la-victoire-mourouj-3.html,location,False,,,,,,27.77777777777778
69a0d03aad65c088f7a9c5e7,Cit Ennasr2 particulier L S2 meubl excellent pr tranger,1600.0,Tunis,Appartement,125.0,2,1,vente,https://ballouchi.com/annonces/immobilier/appartements/cite-ennasr2-particulier-l-s2-meuble-excellent-pr-etranger.html,location,True,,,,,,12.8
69a0d040ad65c088f7a9c5e9,Appartement s4 avec jardin La Marsa ZAL1758,3500.0,Tunis,Appartement,104.0,4,1,vente,https://ballouchi.com/annonces/immobilier/appartements/appartement-s4-avec-jardin-a-la-marsa-zal1758.html,location,False,,,,,,33.65384615384615
69a0d061ad65c088f7a9c5f0,Offres de Vente Maison l'tranger par particuliers et professionnels,880.0,Tunis,Appartement,160.0,2,1,vente,https://immobilier-co.com/vente-maison-etranger-2c2g1.html,location,True,,,,,,5.5
69a0d0a6ad65c088f7a9c60d,Offres de Vente Maison l'tranger par particuliers et professionnels,880.0,Tunis,Appartement,160.0,2,1,vente,https://immobilierco.com/vente-maison-etranger-2c2g1.html,location,True,,,,,,5.5
69a0d0eead65c088f7a9c61a,Appartement louer Tawrit,800.0,Tunis,Appartement,3297.0,2,1,vente,https://djerba-immobilier.com/property/appartement-a-louer-a-tawrit/,location,False,,,,,,0.24264482863208978
69a0d0f2ad65c088f7a9c61b,Btiment vendre Djerba,300.0,Tunis,Appartement,310.0,1,1,vente,https://djerba-immobilier.com/property/batiment-a-vendre-a-djerba/,location,False,,,,,,0.967741935483871
69a0d0f4ad65c088f7a9c61c,Terrain vendre Guchiene Djerba,170.0,Tunis,Appartement,2093.0,1,1,vente,https://djerba-immobilier.com/property/terrain-a-vendre-a-guchiene-djerba/,location,False,,,,,,0.08122312470138557
69a0d0f9ad65c088f7a9c61e,Terrain vendre Chbebia Midoun,120.0,Tunis,Appartement,8530.0,1,1,vente,https://djerba-immobilier.com/property/terrain-a-vendre-a-chbebia-midoun/,location,False,,,,,,0.01406799531066823
69a0d0fbad65c088f7a9c61f,Terrain vendre,160.0,Tunis,Appartement,997.0,1,1,vente,https://djerba-immobilier.com/property/terrain-a-vendre-7/,location,False,,,,,,0.160481444332999
69a0d102ad65c088f7a9c622,3 Lots vendre prs de lcole Victor Hugo,450.0,Tunis,Appartement,702.0,1,1,vente,https://djerba-immobilier.com/property/3-lots-a-vendre-pres-de-lecole-victor-hugo/,location,False,,,,,,0.6410256410256411
69a0d105ad65c088f7a9c623,Terrain vendre Aghir Djerba,150.0,Tunis,Appartement,2780.0,1,1,vente,https://djerba-immobilier.com/property/terrain-a-vendre-a-aghir-djerba/,location,False,,,,,,0.0539568345323741
69a0d107ad65c088f7a9c624,Terrain vendre en face Radisson Bleu,180.0,Tunis,Appartement,600.0,1,1,vente,https://djerba-immobilier.com/property/terrain-a-vendre-en-face-radisson-bleu/,location,False,,,,,,0.3
69a0d10dad65c088f7a9c627,Terrain vendre 2150m Aghir,320.0,Tunis,Appartement,2150.0,1,1,vente,https://djerba-immobilier.com/property/terrain-a-vendre-2150m%c2%b2-a-aghir/,location,False,,,,,,0.14883720930232558
69a0d10fad65c088f7a9c628,Rsidence Vendre,830.0,Tunis,Appartement,340.0,8,1,vente,https://djerba-immobilier.com/property/residence-a-vendre/,location,False,,,,,,2.4411764705882355
69a0d114ad65c088f7a9c62a,Terrain Vendre Djerba Midoun,231.0,Tunis,Appartement,1705.0,1,1,vente,https://djerba-immobilier.com/property/terrain-a-vendre-djerba-midoun/,location,False,,,,,,0.13548387096774195
69a0d116ad65c088f7a9c62b,LA054,543.5,Tunis,Appartement,5320.0,4,1,vente,https://djerba-immobilier.com/property/la054/,location,False,,,,,,0.10216165413533834
69a0d148ad65c088f7a9c633,V143,1700.0,Tunis,Appartement,505.0,5,1,vente,https://drimmobilier.com/fr/vente/villa-avec-piscine/v143,location,False,,,,,,3.366336633663366
69a0d14dad65c088f7a9c637,V748,90.0,Tunis,Appartement,3907.0,1,1,vente,http://drimmobilier.com/fr/vente/terrain/v748,location,False,,,,,,0.023035577169183516
69a0d152ad65c088f7a9c63a,V464,1700.0,Tunis,Appartement,220.0,4,1,vente,http://drimmobilier.com/fr/vente/villa-avec-piscine/v464,location,False,,,,,,7.7272727272727275
69a0d158ad65c088f7a9c63e,V449,90.0,Tunis,Appartement,987.0,1,1,vente,http://drimmobilier.com/fr/vente/terrain/v449,location,False,,,,,,0.0911854103343465
69a0d15dad65c088f7a9c642,V 104,1700.0,Tunis,Appartement,270.0,4,1,vente,https://drimmobilier.com/fr/vente/villa-avec-piscine/v-104,location,False,,,,,,6.296296296296297
69a0d163ad65c088f7a9c646,V 105,1700.0,Tunis,Appartement,200.0,6,1,vente,https://drimmobilier.com/fr/vente/villa-avec-piscine/v-105,location,False,,,,,,8.5
69a0d16bad65c088f7a9c64c,V 107,1700.0,Tunis,Appartement,125.0,2,1,vente,https://drimmobilier.com/fr/vente/villa-avec-piscine/v-107,location,False,,,,,,13.6
69a0d180ad65c088f7a9c652,BALLOUCHI.COM,310.0,Tunis,Appartement,131.0,2,1,vente,https://m.ballouchi.com/annonces/immobilier/autres/,location,False,,,,,,2.366412213740458
69a0d185ad65c088f7a9c654,BALLOUCHI.COM,2500.0,Tunis,Appartement,104.0,4,1,vente,https://m.ballouchi.com/annonces/immobilier/appartements/appartement-s1-meuble-a-sidi-bousaid-mal2145.html,location,False,,,,,,24.03846153846154
69a0d187ad65c088f7a9c655,BALLOUCHI.COM,1200.0,Tunis,Appartement,74.0,4,1,vente,https://m.ballouchi.com/annonces/immobilier/appartements/particulier-l-apt-s1meuble-ennasr2-3.html,location,False,,,,,,16.216216216216218
69a0d194ad65c088f7a9c65b,BALLOUCHI.COM,1200.0,Tunis,Appartement,76.0,4,1,vente,https://m.ballouchi.com/annonces/immobilier/appartements/excellent-s1-meuble-ennasr2-pour-etranger.html,location,False,,,,,,15.789473684210526
69a0d1e9ad65c088f7a9c65f,Appart S3 Mival Vendre Carthage Byrsa,400.0,Tunis,Appartement,110.0,3,1,vente,https://al-mindhar.com/property/appart-s3-mival-a-vendre-a-carthage-byrsa/,location,False,,,,,,3.6363636363636362
69a0d1eead65c088f7a9c661,Vendre Appartement S+3 Centre ville de Tunis,170.0,Tunis,Appartement,120.0,4,1,vente,https://al-mindhar.com/property/a-vendre-appartement-s3-a-centre-ville-de-tunis/,location,False,,,,,,1.4166666666666667
69a0d1f3ad65c088f7a9c663,Vendre | Superbe Appartement S+2 Front de Mer Chatt Meriem,440.0,Tunis,Appartement,119.0,2,1,vente,https://al-mindhar.com/property/a-vendre-superbe-appartement-s2-front-de-mer-a-chatt-meriem/,location,False,,,,,,3.697478991596639
69a0d1f6ad65c088f7a9c664,A Vendre Maison arabesque S+5 Korba,170.0,Tunis,Appartement,400.0,5,1,vente,https://al-mindhar.com/property/a-vendre-maison-arabesque-s5-a-korba-4/,location,False,,,,,,0.425
69a0d1f9ad65c088f7a9c665,VENDRE DES APPARTEMENT CHOTRANA 1,250.0,Tunis,Appartement,163.0,1,1,vente,https://al-mindhar.com/property/a-vendre-des-appartement-a-chotrana-1/,location,False,,,,,,1.5337423312883436
69a0d1fbad65c088f7a9c666,Appartement S+2,400.0,Tunis,Appartement,90.0,1,1,vente,https://al-mindhar.com/property/appartement-s2/,location,False,,,,,,4.444444444444445
69a0d1fdad65c088f7a9c667,Etage de Villa Bissan Vendre Zarzouna,200.0,Tunis,Appartement,173.0,3,1,vente,https://al-mindhar.com/property/etage-de-villa-bissan-a-vendre-a-zarzouna/,location,False,,,,,,1.1560693641618498
69a0d203ad65c088f7a9c669,A Vendre Des appartements S+2 tout neuf Hammamet,150.0,Tunis,Appartement,109.0,2,1,vente,https://al-mindhar.com/property/a-vendre-des-appartements-s2-tout-neuf-a-hammamet-6/,location,False,,,,,,1.3761467889908257
69a0d20ead65c088f7a9c66c,Gammarth Village: A Vendre Terrain Cltur Bon emplacement,900.0,Tunis,Appartement,650.0,1,1,vente,https://al-mindhar.com/property/gammarth-village-a-vendre-terrain-cloture-bon-emplacement/,location,False,,,,,,1.3846153846153846
69a0d212ad65c088f7a9c66e,A Vendre un Bureau situ au Lac 2,490.0,Tunis,Appartement,77.0,1,1,vente,https://al-mindhar.com/property/a-vendre-un-bureau-situe-au-lac-2/,location,False,,,,,,6.363636363636363
69a0d215ad65c088f7a9c66f,A Vendre Maison S+2 Hammamet Sud,600.0,Tunis,Appartement,1200.0,2,1,vente,https://al-mindhar.com/property/a-vendre-maison-s2-a-hammamet-sud-13/,location,False,,,,,,0.5
69a0d217ad65c088f7a9c670,A Vendre Belle maison S+2 avec jardin Hammamet Sud,320.0,Tunis,Appartement,840.0,2,1,vente,https://al-mindhar.com/property/a-vendre-belle-maison-s2-avec-jardin-a-hammamet-sud-3/,location,False,,,,,,0.38095238095238093
69a0d21aad65c088f7a9c671,A vendre Magnifique appartement RDC S+4 Sahloul,550.0,Tunis,Appartement,184.0,1,1,vente,https://al-mindhar.com/property/a-vendre-magnifique-appartement-rdc-s4-a-sahloul/,location,False,,,,,,2.989130434782609
69a0d21cad65c088f7a9c672,A Vendre Appartement S+1 Hammamet,150.0,Tunis,Appartement,50.0,1,1,vente,https://al-mindhar.com/property/a-vendre-appartement-s1-a-hammamet-2/,location,True,,,,,,3.0
69a0d21fad65c088f7a9c673,A vendre Appartement S+3 El Menzah 7,650.0,Tunis,Appartement,110.0,1,1,vente,https://al-mindhar.com/property/a-vendre-appartement-s3-a-el-menzah-7-bis/,location,True,,,,,,5.909090909090909
69a0d22aad65c088f7a9c676,Etage de Villa Tiliano Vendre Cit Erriadh Bizerte,200.0,Tunis,Appartement,82.0,2,1,vente,https://al-mindhar.com/property/etage-de-villa-tiliano-a-vendre-a-cite-erriadh-bizerte/,location,False,,,,,,2.4390243902439024
69a0d22ead65c088f7a9c677,Etage de Villa S3 Amina Vendre Ghar EL Mellah,200.0,Tunis,Appartement,120.0,3,1,vente,https://al-mindhar.com/property/etage-de-villa-s3-amina-a-vendre-a-ghar-el-mellah/,location,False,,,,,,1.6666666666666667
69a0d231ad65c088f7a9c678,A Vendre Maison S+2 avec jardin Hammamet Sud,180.0,Tunis,Appartement,200.0,2,1,vente,https://al-mindhar.com/property/a-vendre-maison-s2-avec-jardin-a-hammamet-sud-7/,location,True,,,,,,0.9
69a0d234ad65c088f7a9c679,A Vendre Appartement S+3 AIN ZAGOUEN NORD,650.0,Tunis,Appartement,133.0,3,1,vente,https://al-mindhar.com/property/a-vendre-appartement-s3-a-ain-zagouen-nord/,location,False,,,,,,4.887218045112782
69a0d23cad65c088f7a9c67c,A vendre Appartement S+3 au coeur du Bardo,275.0,Tunis,Appartement,135.0,3,1,vente,https://al-mindhar.com/property/a-vendre-appartement-s3-au-coeur-du-bardo/,location,False,,,,,,2.037037037037037
69a0d245ad65c088f7a9c67e,A Vendre Maison Hammamet Sud,140.0,Tunis,Appartement,536.0,2,1,vente,https://al-mindhar.com/property/a-vendre-maison-a-hammamet-sud-2/,location,False,,,,,,0.26119402985074625
69a0d249ad65c088f7a9c67f,Une villa de luxe LEBNA Plage,730.0,Tunis,Appartement,760.0,1,1,vente,https://al-mindhar.com/property/une-villa-de-luxe-a-lebna-plage/,location,False,,,,,,0.9605263157894737
69a0d256ad65c088f7a9c682,A vendre tage de bureaux place Jeanne dArc,245.0,Tunis,Appartement,608.0,1,1,vente,https://al-mindhar.com/property/a-vendre-etage-de-bureaux-a-place-jeanne-darc/,location,False,,,,,,0.4029605263157895
69a0d260ad65c088f7a9c685,A Vendre Maison S+2 toute neuve Hammamet Sud,100.0,Tunis,Appartement,155.0,2,1,vente,https://al-mindhar.com/property/a-vendre-maison-s2-toute-neuve-a-hammamet-sud/,location,True,,,,,,0.6451612903225806
69a0d265ad65c088f7a9c687,A Louer Appartement Adriano S+2 Hammamet Centre,550.0,Tunis,Appartement,120.0,2,1,vente,https://al-mindhar.com/property/a-louer-appartement-adriano-s2-a-hammamet-centre/,location,False,,,,,,4.583333333333333
69a0d26fad65c088f7a9c68a,A Vendre Un S+1 avec piscine Gammarth Touristique,650.0,Tunis,Appartement,120.0,1,1,vente,https://al-mindhar.com/property/a-vendre-un-s1-avec-piscine-a-gammarth-touristique/,location,True,,,,,,5.416666666666667
69a0d272ad65c088f7a9c68b,A Vendre Maison S+2 Hammamet Sud,100.0,Tunis,Appartement,155.0,2,1,vente,https://al-mindhar.com/property/a-vendre-maison-s2-a-hammamet-sud-8/,location,True,,,,,,0.6451612903225806
69a0d27bad65c088f7a9c68e,Appart S2 Karl Vendre Menzel Jemil,200.0,Tunis,Appartement,75.0,2,1,vente,https://al-mindhar.com/property/appart-s2-karl-a-vendre-a-menzel-jemil/,location,False,,,,,,2.6666666666666665
69a0d28aad65c088f7a9c693,A Vendre Immeuble Altis au Petit Bardo,580.0,Tunis,Appartement,198.0,3,1,vente,https://al-mindhar.com/property/a-vendre-immeuble-altis-au-petit-bardo/,location,False,,,,,,2.9292929292929295
69a0d28dad65c088f7a9c694,Appart Alidosi Vendre Bizerte Corniche,440.0,Tunis,Appartement,175.0,3,1,vente,https://al-mindhar.com/property/appart-alidosi-a-vendre-a-bizerte-corniche/,location,False,,,,,,2.5142857142857142
69a0d292ad65c088f7a9c696,A Vendre Maison S+2 avec jardin Hammamet Sud,180.0,Tunis,Appartement,200.0,2,1,vente,https://al-mindhar.com/property/a-vendre-maison-s2-avec-jardin-a-hammamet-sud-6/,location,True,,,,,,0.9
69a0d296ad65c088f7a9c697,Des appartements sur plan chotrana 1,381.0,Tunis,Appartement,123.0,3,1,vente,https://al-mindhar.com/property/des-appartements-sur-plan-a-chotrana-1/,location,False,,,,,,3.097560975609756
69a0d299ad65c088f7a9c698,Vendre : Appartement S+2 Sahloul 2,340.0,Tunis,Appartement,130.0,2,1,vente,https://al-mindhar.com/property/a-vendre-appartement-s2-a-sahloul-2/,location,False,,,,,,2.6153846153846154
69a0d29fad65c088f7a9c69a,Terrain a vendre a sousse akouda hay nassim,250.0,Tunis,Appartement,500.0,1,1,vente,https://al-mindhar.com/property/terrain-a-vendre-a-sousse-akouda-hay-nassim/,location,False,,,,,,0.5
69a0d2a7ad65c088f7a9c69c,Appart S3 Viral Vendre Carthage Med Ali,260.0,Tunis,Appartement,79.0,3,1,vente,https://al-mindhar.com/property/appart-s3-viral-a-vendre-a-carthage-med-ali/,location,False,,,,,,3.2911392405063293
69a0d2abad65c088f7a9c69d,A Vendre Appartement S+1 avec vue de mer Hammamet,320.0,Tunis,Appartement,76.0,1,1,vente,https://al-mindhar.com/property/a-vendre-appartement-s1-avec-vue-de-mer-a-hammamet-8/,location,False,,,,,,4.2105263157894735
69a0d2bcad65c088f7a9c6a3,Terrain Moly Vendre Carthage El Yassmina,495.0,Tunis,Appartement,330.0,1,1,vente,https://al-mindhar.com/property/terrain-moly-a-vendre-a-carthage-el-yassmina-2/,location,False,,,,,,1.5
69a0d2bead65c088f7a9c6a4,Appart S3 Zinia Vendre LAouina,320.0,Tunis,Appartement,137.0,3,1,vente,https://al-mindhar.com/property/appart-s3-zinia-a-vendre-a-laouina/,location,False,,,,,,2.335766423357664
69a0d2c2ad65c088f7a9c6a5,A vendre un appartement s+3 a hergla,230.0,Tunis,Appartement,164.0,3,1,vente,https://al-mindhar.com/property/a-vendre-un-appartement-s3-a-hergla/,location,False,,,,,,1.4024390243902438
69a0d2cbad65c088f7a9c6a8,"Des appartement de luxe Targui, Sousse",100.0,Tunis,Appartement,1150.0,2,1,vente,https://al-mindhar.com/property/des-appartement-de-luxe-a-targui-sousse/,location,False,,,,,,0.08695652173913043
69a0d2d4ad65c088f7a9c6aa,A vendre Appartement S+2 avec suite parentale Sahloul 4,350.0,Tunis,Appartement,120.0,1,1,vente,https://al-mindhar.com/property/a-vendre-appartement-s2-avec-suite-parentale-a-sahloul-4/,location,False,,,,,,2.9166666666666665
69a0d2d8ad65c088f7a9c6ab,A Vendre Maison S+2 Hammamet Sud,180.0,Tunis,Appartement,170.0,2,1,vente,https://al-mindhar.com/property/a-vendre-maison-s2-a-hammamet-sud-10/,location,False,,,,,,1.0588235294117647
69a0d2e0ad65c088f7a9c6ad,Appart S2 Malika Vendre Bizerte,95.0,Tunis,Appartement,115.0,2,1,vente,https://al-mindhar.com/property/appart-s2-malika-a-vendre-a-bizerte/,location,False,,,,,,0.8260869565217391
69a0d2e3ad65c088f7a9c6ae,A Vendre Maison arabe S+2 meuble Hammamet centre ville,540.0,Tunis,Appartement,120.0,2,1,vente,https://al-mindhar.com/property/a-vendre-maison-arabe-s2-meublee-a-hammamet-centre-ville-6/,location,False,,,,,,4.5
69a0d2e8ad65c088f7a9c6b0,VENDRE | Appartement S+1 Ain Zaghouan,285.0,Tunis,Appartement,66.0,1,1,vente,https://al-mindhar.com/property/a-vendre-appartement-s1-a-ain-zaghouan/,location,False,,,,,,4.318181818181818
69a0d2eaad65c088f7a9c6b1,A vendre S+4 Route Kantaoui,450.0,Tunis,Appartement,179.0,4,1,vente,https://al-mindhar.com/property/a-vendre-s4-a-route-kantaoui/,location,False,,,,,,2.5139664804469275
69a0d2ebad65c088f7a9c6b2,A Vendre Appartement S+1 Hammamet,150.0,Tunis,Appartement,50.0,1,1,vente,https://al-mindhar.com/property/a-vendre-appartement-s1-a-hammamet/,location,True,,,,,,3.0
69a0d2efad65c088f7a9c6b3,A Vendre Maison S+2 Hammamet Sud,100.0,Tunis,Appartement,155.0,2,1,vente,https://al-mindhar.com/property/a-vendre-maison-s2-a-hammamet-sud-9/,location,True,,,,,,0.6451612903225806
69a0d2f1ad65c088f7a9c6b4,Un appartement avec vue sur mer impeccable,300.0,Tunis,Appartement,128.0,3,1,vente,https://al-mindhar.com/property/un-appartement-avec-vue-sur-mer-impeccable/,location,False,,,,,,2.34375
69a0d2f4ad65c088f7a9c6b5,vendre une villa de charme Riadh El Andalous,820.0,Tunis,Appartement,634.0,3,1,vente,https://al-mindhar.com/property/a-vendre-une-villa-de-charme-a-riadh-el-andalous/,location,False,,,,,,1.2933753943217665
69a0d2fcad65c088f7a9c6b7,A Vendre Maison arabesque S+4 Bni Khiar,225.0,Tunis,Appartement,170.0,4,1,vente,https://al-mindhar.com/property/a-vendre-maison-arabesque-s4-a-beni-khiar-7/,location,False,,,,,,1.3235294117647058
69a0d308ad65c088f7a9c6bb,Duplex Vendre Chott Mariem Deux Pas de la Plage,460.0,Tunis,Appartement,123.0,4,1,vente,https://al-mindhar.com/property/duplex-a-vendre-a-chott-mariem-a-deux-pas-de-la-plage/,location,False,,,,,,3.7398373983739837
69a0d30bad65c088f7a9c6bc,Terrain Promoteur Samuel Vendre Bardo,800.0,Tunis,Appartement,211.0,1,1,vente,https://al-mindhar.com/property/terrain-promoteur-samuel-a-vendre-a-bardo/,location,False,,,,,,3.7914691943127963
69a0d30ead65c088f7a9c6bd,Appart S3 Rayenne Vendre Cit EL Waha Bizerte,120.0,Tunis,Appartement,240.0,3,1,vente,https://al-mindhar.com/property/appart-s3-rayenne-a-vendre-a-cite-el-waha-bizerte/,location,False,,,,,,0.5
69a0d311ad65c088f7a9c6be,villa vendre Hammamet zone thtre,75.0,Tunis,Appartement,360.0,1,1,vente,https://al-mindhar.com/property/villa-a-vendre-a-hammamet-zone-theatre/,location,False,,,,,,0.20833333333333334
69a0d315ad65c088f7a9c6bf,Le coin terrain Vendre Gammarth,430.0,Tunis,Appartement,500.0,1,1,vente,https://al-mindhar.com/property/le-coin-terrain-a-vendre-a-gammarth/,location,False,,,,,,0.86
69a0d316ad65c088f7a9c6c0,VENDRE Terrain 466 m La Marsa,650.0,Tunis,Appartement,466.0,1,1,vente,https://al-mindhar.com/property/a-vendre-terrain-de-446-m%c2%b2-a-la-marsa/,location,False,,,,,,1.3948497854077253
69a0d319ad65c088f7a9c6c1,A vendre S+2 Kantaoui proche koucha,350.0,Tunis,Appartement,110.0,2,1,vente,https://al-mindhar.com/property/a-vendre-s2-a-kantaoui-proche-koucha/,location,False,,,,,,3.1818181818181817
69a0d31bad65c088f7a9c6c2,AV Appartement S3 Ain Zaghouan,300.0,Tunis,Appartement,146.0,1,1,vente,https://al-mindhar.com/property/av-appartement-s3-a-ain-zaghouan/,location,False,,,,,,2.0547945205479454
69a0d322ad65c088f7a9c6c4,Appartement vendre a sousse -Rsidence le Csar 2,440.0,Tunis,Appartement,1120.0,1,1,vente,https://al-mindhar.com/property/a-vendre-appartement-a-sousse-residence-le-cesar-2/,location,False,,,,,,0.39285714285714285
69a0d325ad65c088f7a9c6c5,A Vendre Appartement Creuzet S+1 Hammamet Centre,330.0,Tunis,Appartement,89.0,1,1,vente,https://al-mindhar.com/property/a-vendre-appartement-creuzet-s1-a-hammamet-centre/,location,False,,,,,,3.707865168539326
69a0d327ad65c088f7a9c6c6,Coquet Appartement vendre sahloul 2,335.0,Tunis,Appartement,96.0,2,1,vente,https://al-mindhar.com/property/coquet-appartement-a-vendre-a-sahloul-2/,location,False,,,,,,3.4895833333333335
69a0d32bad65c088f7a9c6c7,Un appartement de haut standing a hergla,650.0,Tunis,Appartement,125.0,2,1,vente,https://al-mindhar.com/property/un-appartement-de-haut-standing-a-hergla/,location,False,,,,,,5.2
69a0d33aad65c088f7a9c6c8,PROPOS DE CE BIEN,1300.0,Tunis,Appartement,180.0,1,1,vente,https://www.viprealestate.tn/bien/details/128696-a-louer-un-duplex-s2-vide-a-la-marsa,location,False,,,,,,7.222222222222222
69a0d33dad65c088f7a9c6ca,PROPOS DE CE BIEN,2000.0,Tunis,Appartement,70.0,1,1,vente,https://www.viprealestate.tn/bien/details/120388-local-commercial-au-coeur-de-la-marsa,location,False,,,,,,28.571428571428573
69a0d33fad65c088f7a9c6cb,PROPOS DE CE BIEN,2600.0,Tunis,Appartement,200.0,1,1,vente,https://www.viprealestate.tn/bien/details/129112-a-louer-etage-de-villa-s4-a-la-marsa-plage,location,False,,,,,,13.0
69a0d341ad65c088f7a9c6cc,PROPOS DE CE BIEN,1650.0,Tunis,Appartement,110.0,1,1,vente,https://www.viprealestate.tn/bien/details/129328-a-louer-appartement-s2-meuble-a-sidi-daoued-la-marsa,location,False,,,,,,15.0
69a0d343ad65c088f7a9c6cd,PROPOS DE CE BIEN,19500.0,Tunis,Appartement,350.0,9,1,vente,https://www.viprealestate.tn/bien/details/114100-a-louer-un-grand-bureau-au-lac-1,location,False,,,,,,55.714285714285715
69a0d347ad65c088f7a9c6cf,PROPOS DE CE BIEN,3000.0,Tunis,Appartement,230.0,1,1,vente,https://www.viprealestate.tn/bien/details/114905-a-louer-une-villa-jumelee-a-gammarth,location,False,,,,,,13.043478260869565
69a0d349ad65c088f7a9c6d0,PROPOS DE CE BIEN,1600.0,Tunis,Appartement,119.0,1,1,vente,https://www.viprealestate.tn/bien/details/129638-a-louer-un-appartement-s2-a-sidi-daoud,location,False,,,,,,13.445378151260504
69a0d34dad65c088f7a9c6d2,PROPOS DE CE BIEN,2700.0,Tunis,Appartement,200.0,1,1,vente,https://www.viprealestate.tn/bien/details/128362-a-louer-un-s3-marsa-saada,location,False,,,,,,13.5
69a0d34fad65c088f7a9c6d3,PROPOS DE CE BIEN,2650.0,Tunis,Appartement,350.0,1,1,vente,https://www.viprealestate.tn/bien/details/92247-a-louer-une-villa-de-plain-pied-a-la-marsa,location,False,,,,,,7.571428571428571
69a0d351ad65c088f7a9c6d4,PROPOS DE CE BIEN,5000.0,Tunis,Appartement,250.0,1,1,vente,https://www.viprealestate.tn/bien/details/107773-a-louer-un-duplex-s4-avec-jardin,location,False,,,,,,20.0
69a0d353ad65c088f7a9c6d5,PROPOS DE CE BIEN,1800.0,Tunis,Appartement,150.0,1,1,vente,https://www.viprealestate.tn/bien/details/129087-a-louer-appartement-s3-jamais-habite-a-monji-slim-la-marsa,location,False,,,,,,12.0
69a0d356ad65c088f7a9c6d7,PROPOS DE CE BIEN,7200.0,Tunis,Appartement,1200.0,1,1,vente,https://www.viprealestate.tn/bien/details/123649-a-louer-un-rdc-de-villa-meuble-avec-jardin-et-piscine-a-gammarth,location,False,,,,,,6.0
69a0d358ad65c088f7a9c6d8,PROPOS DE CE BIEN,2200.0,Tunis,Appartement,180.0,3,1,vente,https://www.viprealestate.tn/bien/details/129158-a-louer-etage-de-villa-s3-a-la-marsa-plage,location,False,,,,,,12.222222222222221
69a0d35aad65c088f7a9c6d9,PROPOS DE CE BIEN,3500.0,Tunis,Appartement,250.0,1,1,vente,https://www.viprealestate.tn/bien/details/128246-a-louer-un-duplex-en-s3-meuble-marsa-cube,location,False,,,,,,14.0
69a0d35ead65c088f7a9c6db,PROPOS DE CE BIEN,1800.0,Tunis,Appartement,200.0,1,1,vente,https://www.viprealestate.tn/bien/details/129641-a-louer-un-etage-de-villa-s2-meuble-a-la-marsa,location,True,,,,,,9.0
69a0d362ad65c088f7a9c6dd,PROPOS DE CE BIEN,2300.0,Tunis,Appartement,200.0,1,1,vente,https://www.viprealestate.tn/bien/details/128034-a-louer-un-etage-de-villa-en-s2-meuble-a-sidi-daoued,location,False,,,,,,11.5
69a0d363ad65c088f7a9c6de,PROPOS DE CE BIEN,1200.0,Tunis,Appartement,140.0,1,1,vente,https://www.viprealestate.tn/bien/details/129327-a-louer-appartement-s1-avec-grande-terrasse,location,True,,,,,,8.571428571428571
69a0d36cad65c088f7a9c6e3,PROPOS DE CE BIEN,9000.0,Tunis,Appartement,120.0,1,1,vente,https://www.viprealestate.tn/bien/details/124607-a-louer-un-local-commercial-a-la-marsa,location,False,,,,,,75.0
69a0d36fad65c088f7a9c6e4,PROPOS DE CE BIEN,2700.0,Tunis,Appartement,184.0,1,1,vente,https://www.viprealestate.tn/bien/details/109359-a-louer-appartement-s3-a-la-marsa,location,False,,,,,,14.673913043478262
69a0d370ad65c088f7a9c6e5,PROPOS DE CE BIEN,2800.0,Tunis,Appartement,150.0,1,1,vente,https://www.viprealestate.tn/bien/details/129419-a-louer-un-appartement-s2-meuble-avec-jardin-a-sidi-daoued,location,True,,,,,,18.666666666666668
69a0d373ad65c088f7a9c6e6,PROPOS DE CE BIEN,5800.0,Tunis,Appartement,280.0,1,1,vente,https://www.viprealestate.tn/bien/details/123489-a-louer-un-duplex-s4-meuble-avec-piscine-a-carthage,location,False,,,,,,20.714285714285715
69a0d374ad65c088f7a9c6e7,PROPOS DE CE BIEN,1000.0,Tunis,Appartement,25.0,1,1,vente,https://www.viprealestate.tn/bien/details/125149-a-louer-local-commercial-polyvalent-sur-axe-principal-a-la-marsa,location,False,,,,,,40.0
69a0d376ad65c088f7a9c6e8,PROPOS DE CE BIEN,1200.0,Tunis,Appartement,120.0,1,1,vente,https://www.viprealestate.tn/bien/details/129088-a-louer-appartement-renove-dans-petit-immeuble-prive,location,True,,,,,,10.0
69a0d378ad65c088f7a9c6e9,PROPOS DE CE BIEN,3500.0,Tunis,Appartement,80.0,1,1,vente,https://www.viprealestate.tn/bien/details/125151-a-louer-local-commercial-80-m-sur-axe-principal-a-la-marsa-monji-slim,location,False,,,,,,43.75
69a0d37aad65c088f7a9c6ea,PROPOS DE CE BIEN,1000.0,Tunis,Appartement,40.0,1,1,vente,https://www.viprealestate.tn/bien/details/127749-a-louer-un-bureau-h1-gammarth,location,False,,,,,,25.0
69a0d3a3ad65c088f7a9c6fa,A louer un S1 neuf aux Jardins de Carthage,1700.0,Tunis,Appartement,80.0,1,1,vente,https://www.lecarre9.com/bien/details/121110-a-louer-un-s1-neuf-aux-jardins-de-carthage,location,False,,,,,,21.25
69a0d3afad65c088f7a9c701,A louer un appartement S2 aux Jardins de Carthage,1700.0,Tunis,Appartement,100.0,1,1,vente,https://www.lecarre9.com/bien/details/120749-a-louer-un-appartement-s2-aux-jardins-de-carthage,location,True,,,,,,17.0
69a0d3b4ad65c088f7a9c704,A louer s2 vide aux jardins de carthage,1850.0,Tunis,Appartement,140.0,1,1,vente,https://www.lecarre9.com/bien/details/121798-a-louer-s2-vide-aux-jardins-de-carthage,location,False,,,,,,13.214285714285714
69a0d3c4ad65c088f7a9c70d,A louer un s+1 meubl cit les palmerais l'aouina,1250.0,Tunis,Appartement,60.0,1,1,vente,https://www.lecarre9.com/bien/details/120898-a-louer-un-s1-meuble-a-cite-les-palmerais-l-aouina,location,False,,,,,,20.833333333333332
69a0d3d1ad65c088f7a9c715,Un coquet s+1 a cit les palmerais l'aouina,1100.0,Tunis,Appartement,70.0,1,1,vente,https://www.lecarre9.com/bien/details/120626-un-coquet-s1-a-cite-les-palmerais-l-aouina,location,True,,,,,,15.714285714285714
69a0d3dcad65c088f7a9c71b,Un appartement s+1 meubl Ain Zaghouan nord,1700.0,Tunis,Appartement,65.0,1,1,vente,https://www.lecarre9.com/bien/details/121047-un-appartement-s1-meuble-a-ain-zaghouan-nord,location,True,,,,,,26.153846153846153
69a0d52cad65c088f7a9c722,Louer : tage de Villa Indpendant Mourouj 4,550.0,Tunis,Appartement,110.0,6,1,vente,https://porteneuve-immo.tn/bien/details/107986-a-louer-etage-de-villa-independant-a-mourouj-4,location,False,,,,,,5.0
69a0d53bad65c088f7a9c726,A louer un appartement meuble S+2 Mourouj 5,700.0,Tunis,Appartement,62.0,6,1,vente,https://porteneuve-immo.tn/bien/details/108231-a-louer-un-appartement-meuble-s2-mourouj-5,location,False,,,,,,11.290322580645162
69a0d53fad65c088f7a9c727,Dpt Industriel 750 m,3500.0,Tunis,Appartement,750.0,6,1,vente,https://porteneuve-immo.tn/bien/details/129644-depot-industriel-750-m,location,False,,,,,,4.666666666666667
69a0d546ad65c088f7a9c729,"Louer Parc de 6 500 m avec Dpt Bir El Kassaa, Proche TBS",6500.0,Tunis,Appartement,500.0,6,1,vente,https://porteneuve-immo.tn/bien/details/109608-a-louer-parc-de-6-500-m-avec-depot-a-bir-el-kassaa-proche-tbs,location,False,,,,,,13.0
69a0d54aad65c088f7a9c72a,"Dpt 1150 m louer Fouchena, route principale",5500.0,Tunis,Appartement,1150.0,6,1,vente,https://porteneuve-immo.tn/bien/details/129649-depot-1150-m-a-louer-fouchena-route-principale,location,False,,,,,,4.782608695652174
69a0d551ad65c088f7a9c72c,A louer un Bureau 5 pices Fouchena Mghira,1500.0,Tunis,Appartement,180.0,6,1,vente,https://porteneuve-immo.tn/bien/details/107669-a-louer-un-bureau-5-pieces-fouchena-mghira,location,True,,,,,,8.333333333333334
69a0d55cad65c088f7a9c72f,A louer un dpt atelier garage 300m2,1500.0,Tunis,Appartement,300.0,6,1,vente,https://porteneuve-immo.tn/bien/details/109587-a-louer-un-depot-atelier-garage-300m2,location,False,,,,,,5.0
69a0d565ad65c088f7a9c731,A louer Etage de villa HST S+3 Mourouj 6,1500.0,Tunis,Appartement,180.0,6,1,vente,https://porteneuve-immo.tn/bien/details/107833-a-louer-etage-de-villa-hst-s3-mourouj-6,location,True,,,,,,8.333333333333334
69a0d5a5ad65c088f7a9c735,A LOUER : Bureau spacieux H+6 CHARGUIA 1,1900.0,Tunis,Appartement,182.0,6,1,vente,https://vecteurimmo.com.tn/bien/details/48027-a-louer-bureau-spacieux-h6-a-charguia-1,location,False,,,,,,10.43956043956044
69a0d5adad65c088f7a9c737,A LOUER: Etage de villa de 155m2 S+3 / 13 Aout El Ouardia,1050.0,Tunis,Appartement,155.0,3,1,vente,https://vecteurimmo.com.tn/bien/details/120967-a-louer-etage-de-villa-de-155m2-s3-13-aout-el-ouardia,location,False,,,,,,6.774193548387097
69a0d5b5ad65c088f7a9c739,A LOUER: bureau Hall+3 avenue de Bellevue tout prs de la GP1,750.0,Tunis,Appartement,140.0,3,1,vente,https://vecteurimmo.com.tn/bien/details/71489-a-louer-bureau-hall3-a-avenue-de-bellevue-tout-pres-de-la-gp1,location,False,,,,,,5.357142857142857
69a0d5b9ad65c088f7a9c73a,A LOYER : Bureau HALL+3 MONTPLAISIR,1650.0,Tunis,Appartement,120.0,3,1,vente,https://vecteurimmo.com.tn/bien/details/42387-a-loyer-bureau-hall3-a-montplaisir,location,False,,,,,,13.75
69a0d5bdad65c088f7a9c73b,A LOUER : villa Bellevue Tunis,4000.0,Tunis,Appartement,625.0,9,1,vente,https://vecteurimmo.com.tn/bien/details/72287-a-louer-villa-a-bellevue-tunis,location,False,,,,,,6.4
69a0d5c1ad65c088f7a9c73c,A LOUER: Etage de villa proche de ave 13Aout / El Ouardia,1300.0,Tunis,Appartement,170.0,4,1,vente,https://vecteurimmo.com.tn/bien/details/120809-a-louer-etage-de-villa-proche-de-ave-13aout-el-ouardia,location,False,,,,,,7.647058823529412
69a0d5d0ad65c088f7a9c740,A LOUER: bureau Hall+2 au Centre Urbain Nord,2200.0,Tunis,Appartement,92.0,2,1,vente,https://vecteurimmo.com.tn/bien/details/74462-a-louer-bureau-hall2-a-au-centre-urbain-nord,location,False,,,,,,23.91304347826087
69a0d5d8ad65c088f7a9c742,A LOUER: Bureau Hall+4 H.Standing au Centre Urbain Nord,2800.0,Tunis,Appartement,125.0,3,1,vente,https://vecteurimmo.com.tn/bien/details/95241-a-louer-bureau-hall4-hstanding-au-centre-urbain-nord,location,False,,,,,,22.4
69a0d5ddad65c088f7a9c743,A LOUER: Bureau H+4 Charguia1,1800.0,Tunis,Appartement,170.0,4,1,vente,https://vecteurimmo.com.tn/bien/details/48026-a-louer-bureau-h4-a-charguia1,location,False,,,,,,10.588235294117647
69a0d681ad65c088f7a9c745,A louer un local Commercial - Jardin d'el Manzah,1800.0,Tunis,Appartement,42.0,1,1,vente,https://lodgimmo.com/biens/detail/129050,location,False,,,,,,42.857142857142854
69a0d6c6ad65c088f7a9c749,Vente,125.0,Tunis,Appartement,125.0,1,1,vente,https://a79827-44.myshopify.com/collections/vente,location,False,,,,,,1.0
69a0d7b8ad65c088f7a9c74a,L597 Local JANA,100.0,Tunis,Appartement,90.0,1,1,vente,https://smart-owner.com/bien/l597-local-jana/,location,False,,,,,,1.1111111111111112
69a0d7baad65c088f7a9c74b,V129 Local MIRA,100.0,Tunis,Appartement,28.0,1,1,vente,https://smart-owner.com/bien/v129-local-mira/,location,False,,,,,,3.5714285714285716
69a0d7bbad65c088f7a9c74c,L581 Appartement VALERIA,100.0,Tunis,Appartement,70.0,581,1,vente,https://smart-owner.com/bien/l581-appartement-valeria/,location,False,,,,,,1.4285714285714286
69a0d7bdad65c088f7a9c74d,V168 Villa Hammamet,100.0,Tunis,Appartement,636.0,168,1,vente,https://smart-owner.com/bien/v168-villa-hammamet/,location,False,,,,,,0.15723270440251572
69a0d7bfad65c088f7a9c74e,V404 Villa RICCI,100.0,Tunis,Appartement,500.0,404,1,vente,https://smart-owner.com/bien/v404-villa-ricci/,location,False,,,,,,0.2
69a0d7c1ad65c088f7a9c74f,L448 Dar LA VIGNE,100.0,Tunis,Appartement,200.0,448,1,vente,https://smart-owner.com/bien/l448-dar-la-vigne/,location,False,,,,,,0.5
69a0d7c3ad65c088f7a9c750,V604 Villa NEJMA,100.0,Tunis,Appartement,315.0,604,1,vente,https://smart-owner.com/bien/v604-villa-nejma/,location,False,,,,,,0.31746031746031744
69a0d7c5ad65c088f7a9c751,L599 Bureau JOEL,100.0,Tunis,Appartement,75.0,599,1,vente,https://smart-owner.com/bien/l599-bureau-joel/,location,False,,,,,,1.3333333333333333
69a0d7c6ad65c088f7a9c752,L580 Villa JUNE,100.0,Tunis,Appartement,450.0,580,1,vente,https://smart-owner.com/bien/l580-villa-june/,location,False,,,,,,0.2222222222222222
69a0d7c8ad65c088f7a9c753,L583 Appartement CARLO,100.0,Tunis,Appartement,300.0,583,1,vente,https://smart-owner.com/bien/l583-appartement-carlo/,location,False,,,,,,0.3333333333333333
69a0d7caad65c088f7a9c754,V389 Maison DOUJA,100.0,Tunis,Appartement,126.0,389,1,vente,https://smart-owner.com/bien/v389-maison-douja/,location,False,,,,,,0.7936507936507936
69a0d7ccad65c088f7a9c755,L592 Maison FADIA,100.0,Tunis,Appartement,270.0,592,1,vente,https://smart-owner.com/bien/l592-maison-fadia/,location,False,,,,,,0.37037037037037035
69a0d7cdad65c088f7a9c756,L596 Villa CHERRY 1,100.0,Tunis,Appartement,200.0,596,1,vente,https://smart-owner.com/bien/l596-villa-cherry-1/,location,False,,,,,,0.5
69a0d7cfad65c088f7a9c757,V388 Maison KHADIJA,100.0,Tunis,Appartement,160.0,388,1,vente,https://smart-owner.com/bien/v388-maison-khadija/,location,False,,,,,,0.625
69a0d7d1ad65c088f7a9c758,L579 Maison dhte CELINA,100.0,Tunis,Appartement,350.0,579,1,vente,https://smart-owner.com/bien/l579-maison-dhote-celina/,location,False,,,,,,0.2857142857142857
69a0d7d4ad65c088f7a9c759,V214 DAR DHIEFA,100.0,Tunis,Appartement,340.0,214,1,vente,https://smart-owner.com/bien/v214-dar-dhiefa/,location,False,,,,,,0.29411764705882354
69a0d7d6ad65c088f7a9c75a,L108 Villa MERVEILLEUSE,100.0,Tunis,Appartement,550.0,108,1,vente,https://smart-owner.com/bien/l108-villa-merveilleuse/,location,False,,,,,,0.18181818181818182
69a0d7d7ad65c088f7a9c75b,L593 Appartement NADA,100.0,Tunis,Appartement,1084.0,593,1,vente,https://smart-owner.com/bien/l593-appartement-nada/,location,False,,,,,,0.09225092250922509
69a0d7d9ad65c088f7a9c75c,V357 Local Haithem,100.0,Tunis,Appartement,105.0,1,1,vente,https://smart-owner.com/bien/v357-local-haithem/,location,False,,,,,,0.9523809523809523
69a0d7dbad65c088f7a9c75d,V307 Local ABIR,100.0,Tunis,Appartement,32.0,1,1,vente,https://smart-owner.com/bien/v307-local-abir/,location,False,,,,,,3.125
69a0d7ddad65c088f7a9c75e,L570 Maison ALMA,100.0,Tunis,Appartement,700.0,570,1,vente,https://smart-owner.com/bien/l570-maison-alma/,location,False,,,,,,0.14285714285714285
69a0d7dead65c088f7a9c75f,L598 Maison MOON,100.0,Tunis,Appartement,500.0,598,1,vente,https://smart-owner.com/bien/l598-maison-moon/,location,False,,,,,,0.2
69a0d7e0ad65c088f7a9c760,L532 Villa KIKI,100.0,Tunis,Appartement,700.0,532,1,vente,https://smart-owner.com/bien/l532-villa-kiki/,location,False,,,,,,0.14285714285714285
69a0d7e2ad65c088f7a9c761,V587 Local SOFT,100.0,Tunis,Appartement,200.0,1,1,vente,https://smart-owner.com/bien/v587-local-soft/,location,False,,,,,,0.5
69a0d7e3ad65c088f7a9c762,V251 Dar CHAMS,100.0,Tunis,Appartement,600.0,251,1,vente,https://smart-owner.com/bien/v251-dar-chams/,location,False,,,,,,0.16666666666666666
69a0d7e5ad65c088f7a9c763,V112 Local MIRNA 1,100.0,Tunis,Appartement,285.0,1,1,vente,https://smart-owner.com/bien/v112-local-mirna-1/,location,False,,,,,,0.3508771929824561
69a0d7e7ad65c088f7a9c764,L553 Maison Kar 1,100.0,Tunis,Appartement,1650.0,553,1,vente,https://smart-owner.com/bien/l553-maison-kare-1/,location,False,,,,,,0.06060606060606061
69a0d7e9ad65c088f7a9c765,L582 Appartement LINDA,100.0,Tunis,Appartement,150.0,582,1,vente,https://smart-owner.com/bien/l582-appartement-linda/,location,False,,,,,,0.6666666666666666
69a0d7eaad65c088f7a9c766,L594 Appartement RAHMA,100.0,Tunis,Appartement,100.0,594,1,vente,https://smart-owner.com/bien/l594-appartement-rahma/,location,False,,,,,,1.0
69a0d7ecad65c088f7a9c767,L554 Maison Kar 2,100.0,Tunis,Appartement,90.0,554,1,vente,https://smart-owner.com/bien/l554-maison-kare-2/,location,False,,,,,,1.1111111111111112
69a0d7eead65c088f7a9c768,L567 Maison Kar 2,100.0,Tunis,Appartement,860.0,567,1,vente,https://smart-owner.com/bien/l567-maison-kare-2/,location,False,,,,,,0.11627906976744186
69a0d7efad65c088f7a9c769,V148 Local RYMA,100.0,Tunis,Appartement,140.0,1,1,vente,https://smart-owner.com/bien/v148-local-ryma/,location,False,,,,,,0.7142857142857143
69a0d7f1ad65c088f7a9c76a,V553 Maison COQUETTE,100.0,Tunis,Appartement,80.0,553,1,vente,https://smart-owner.com/bien/v553-maison-coquette/,location,False,,,,,,1.25
69a0d7f3ad65c088f7a9c76b,V248 Dar MANA,100.0,Tunis,Appartement,80.0,248,1,vente,https://smart-owner.com/bien/v248-dar-mana/,location,False,,,,,,1.25
69a0d7f4ad65c088f7a9c76c,L595 Local SOFT,100.0,Tunis,Appartement,60.0,1,1,vente,https://smart-owner.com/bien/l595-local-soft/,location,False,,,,,,1.6666666666666667
