surface_m2,log_surface,rooms,bathrooms,total_rooms,rooms_per_m2,city_tier,prop_tier,city_encoded,is_sale,is_apartment,is_villa,is_studio,type_appartement
-0.11940298507462686,-0.17075790148019387,0.0,0.0,0.0,-0.15671641791044774,3,2,4,1,1,0,0,True
0.05970149253731343,0.07166244090165488,1.0,0.0,1.0,0.059701492537313466,3,2,4,1,1,0,0,True
-0.31343283582089554,-0.5933338802778341,0.0,0.0,0.0,0.30597014925373134,3,2,4,1,1,0,0,True
-0.23880597014925373,-0.3988839986791576,0.0,0.0,0.0,0.059701492537313466,3,2,4,1,1,0,0,True
-0.29850746268656714,-0.5497681586674964,1.0,0.0,1.0,1.1791044776119406,3,2,4,1,1,0,0,True
1.2537313432835822,0.8205675727874405,2.0,0.0,2.0,-0.31343283582089554,3,2,4,1,1,0,0,True
-0.23880597014925373,-0.3988839986791576,0.0,0.0,0.0,0.059701492537313466,3,2,4,1,1,0,0,True
-0.05970149253731343,-0.08006217217774815,0.0,0.0,0.0,-0.2238805970149254,3,2,4,1,1,0,0,True
1.1134328358208956,0.764889598018229,0.0,0.0,0.0,-0.5522388059701493,3,2,4,1,1,0,0,True
-0.208955223880597,-0.33433132724875997,0.0,0.0,0.0,-0.007462686567164135,3,2,4,1,1,0,0,True
1.155223880597015,0.7819537766362518,1.0,0.0,1.0,-0.42537313432835827,3,2,4,1,1,0,0,True
0.8059701492537313,0.624243928612844,579.0,0.0,579.0,95.5,3,2,4,1,1,0,0,True
-0.05970149253731343,-0.08006217217774815,0.0,0.0,0.0,-0.2238805970149254,3,2,4,1,1,0,0,True
0.14925373134328357,0.1667808927792161,0.0,0.0,0.0,-0.3656716417910448,3,2,4,1,1,0,0,True
-0.12835820895522387,-0.1854627806154366,2.0,0.0,2.0,0.9477611940298508,3,2,4,1,1,0,0,True
0.29850746268656714,0.3007528914583828,0.0,0.0,0.0,-0.41791044776119407,3,2,4,1,1,0,0,True
-0.23880597014925373,-0.3988839986791576,1.0,0.0,1.0,0.8059701492537314,3,2,0,1,1,0,0,True
0.29850746268656714,0.3007528914583828,0.0,0.0,0.0,-0.41791044776119407,3,2,4,1,1,0,0,True
23.34328358208955,2.5906109378841817,0.0,0.0,0.0,-0.6791044776119404,3,2,4,1,1,0,0,True
2.4477611940298507,1.169389635074459,1.0,0.0,1.0,-0.5373134328358209,3,2,4,1,1,0,0,True
1.8746268656716418,1.0237809522104941,0.0,0.0,0.0,-0.5970149253731344,3,2,4,1,1,0,0,True
0.7611940298507462,0.6011160013208424,1.0,0.0,1.0,-0.3432835820895523,3,2,4,1,1,0,0,True
1.537313432835821,0.9209111937670993,3.0,0.0,3.0,-0.25373134328358216,3,2,4,1,1,0,0,True
-0.3522388059701492,-0.7216045312327081,5.0,0.0,5.0,6.537313432835822,3,2,4,1,1,0,0,True
0.9552238805970149,0.6961326121630278,0.0,0.0,0.0,-0.5373134328358209,3,2,4,1,1,0,0,True
0.11343283582089553,0.13030555040418526,0.0,0.0,0.0,-0.3432835820895523,3,2,4,1,1,0,0,True
2.4477611940298507,1.169389635074459,5.0,0.0,5.0,-0.23880597014925373,3,2,4,1,1,0,0,True
3.9492537313432834,1.4477641151354914,3.0,0.0,3.0,-0.48507462686567165,3,2,4,1,1,0,0,True
-0.26865671641791045,-0.47017251934501153,2.0,0.0,2.0,1.7985074626865676,3,2,4,1,1,0,0,True
0.44776119402985076,0.4127264116291595,0.0,0.0,0.0,-0.4626865671641791,3,2,4,1,1,0,0,True
-0.26865671641791045,-0.47017251934501153,0.0,0.0,0.0,0.14179104477611945,3,2,4,1,1,0,0,True
-0.011940298507462687,-0.01527997723860033,0.0,0.0,0.0,-0.26119402985074625,3,2,4,1,1,0,0,True
-0.14925373134328357,-0.22105634549214764,1.0,0.0,1.0,0.4626865671641792,3,2,4,1,1,0,0,True
-0.3373134328358209,-0.6693844668053995,0.0,0.0,0.0,0.42537313432835827,3,2,4,1,1,0,0,True
-0.31343283582089554,-0.5933338802778341,1.0,0.0,1.0,1.3059701492537317,3,2,4,1,1,0,0,True
-0.29850746268656714,-0.5497681586674964,0.0,0.0,0.0,0.246268656716418,3,2,4,1,1,0,0,True
3.7223880597014927,1.4123093518520276,0.0,0.0,0.0,-0.6343283582089553,3,2,4,1,1,0,0,True
-0.2537313432835821,-0.4335996028669041,0.0,0.0,0.0,0.0970149253731344,3,2,4,1,1,0,0,True
-0.1761194029850746,-0.26972316334370183,0.0,0.0,0.0,-0.0671641791044776,3,2,4,1,1,0,0,True
1.2537313432835822,0.8205675727874405,250.0,0.0,250.0,30.52985074626866,3,2,4,1,1,0,0,True
0.7611940298507462,0.6011160013208424,1.0,0.0,1.0,-0.3432835820895523,3,2,4,1,1,0,0,True
0.9701492537313433,0.7029226433964875,4.0,0.0,4.0,0.05223880597014933,3,2,4,1,1,0,0,True
-0.31343283582089554,-0.5933338802778341,1.0,0.0,1.0,1.3059701492537317,3,2,4,1,1,0,0,True
0.11940298507462686,0.13652150708809657,0.0,0.0,0.0,-0.3507462686567165,3,2,4,1,1,0,0,True
0.05970149253731343,0.07166244090165488,3.0,0.0,3.0,0.8059701492537314,3,2,4,1,1,0,0,True
2.4477611940298507,1.169389635074459,0.0,0.0,0.0,-0.6119402985074627,3,2,4,1,1,0,0,True
1.2537313432835822,0.8205675727874405,0.0,0.0,0.0,-0.5597014925373135,3,2,4,1,1,0,0,True
-0.3402985074626866,-0.6795142895058917,1.0,0.0,1.0,1.574626865671642,3,2,4,1,1,0,0,True
-0.408955223880597,-0.9670334270689187,1.0,0.0,1.0,2.783582089552239,3,2,4,1,1,0,0,True
1.7014925373134329,0.9729145179237406,0.0,0.0,0.0,-0.5895522388059703,3,2,4,1,1,0,0,True
-0.05373134328358209,-0.07162070043853597,0.0,0.0,0.0,-0.2238805970149254,3,2,4,1,1,0,0,True
-0.014925373134328358,-0.019153928259626297,0.0,0.0,0.0,-0.26119402985074625,3,2,4,1,1,0,0,True
-0.11343283582089553,-0.1611274531754222,3.0,0.0,3.0,1.4179104477611941,3,2,4,1,1,0,0,True
8.417910447761194,1.9201108354677239,1.0,0.0,1.0,-0.6343283582089553,3,2,4,1,1,0,0,True
0.1791044776119403,0.19575770878184406,2.0,0.0,2.0,0.246268656716418,3,2,4,1,1,0,0,True
-0.31343283582089554,-0.5933338802778341,0.0,0.0,0.0,0.30597014925373134,3,2,4,1,1,0,0,True
2.4477611940298507,1.169389635074459,0.0,0.0,0.0,-0.6119402985074627,3,2,4,1,1,0,0,True
7.6447761194029855,1.8583968905175683,0.0,0.0,0.0,-0.6567164179104479,3,2,4,1,1,0,0,True
-0.21194029850746268,-0.3405191570470404,0.0,0.0,0.0,0.0,3,2,4,1,1,0,0,True
-0.14925373134328357,-0.22105634549214764,1.0,0.0,1.0,0.4626865671641792,3,2,0,1,1,0,0,True
0.06865671641791045,0.0817922636021463,1.0,0.0,1.0,0.05223880597014933,3,2,4,1,1,0,0,True
-0.11940298507462686,-0.17075790148019387,0.0,0.0,0.0,-0.15671641791044774,3,2,4,1,1,0,0,True
-0.08955223880597014,-0.12390735205254981,0.0,0.0,0.0,-0.18656716417910446,3,2,4,1,1,0,0,True
2.8955223880597014,1.2648628351479214,1.0,0.0,1.0,-0.5597014925373135,3,2,4,1,1,0,0,True
2.4477611940298507,1.169389635074459,1.0,0.0,1.0,-0.5373134328358209,3,2,4,1,1,0,0,True
-0.3194029850746269,-0.6115683082516594,0.0,0.0,0.0,0.33582089552238814,3,2,4,1,1,0,0,True
0.208955223880597,0.22355627402997036,0.0,0.0,0.0,-0.3880597014925373,3,2,4,1,1,0,0,True
0.07164179104477612,0.08513579361989772,4.0,0.0,4.0,1.1417910447761197,3,2,4,1,1,0,0,True
0.208955223880597,0.22355627402997036,0.0,0.0,0.0,-0.3880597014925373,3,2,4,1,1,0,0,True
0.09850746268656717,0.11451384326161995,3.0,0.0,3.0,0.7164179104477614,3,2,4,1,1,0,0,True
1.462686567164179,0.8958992416711224,0.0,0.0,0.0,-0.5746268656716419,3,2,4,1,1,0,0,True
-0.26865671641791045,-0.47017251934501153,2.0,0.0,2.0,1.7985074626865676,3,2,4,1,1,0,0,True
0.382089552238806,0.3657000343571146,0.0,0.0,0.0,-0.4477611940298508,2,2,2,1,1,0,0,True
0.47761194029850745,0.43307763196796784,0.0,0.0,0.0,-0.4701492537313433,3,2,4,1,1,0,0,True
2.298507462686567,1.1343537680229772,0.0,0.0,0.0,-0.6044776119402986,3,2,4,1,1,0,0,True
-0.11940298507462686,-0.17075790148019387,0.0,0.0,0.0,-0.15671641791044774,3,2,4,1,1,0,0,True
0.19402985074626866,0.20979825400556557,0.0,0.0,0.0,-0.3805970149253731,3,2,4,1,1,0,0,True
0.08955223880597014,0.10486073432661948,0.0,0.0,0.0,-0.32835820895522394,3,2,4,1,1,0,0,True
0.835820895522388,0.6392390586656032,3.0,0.0,3.0,-0.037313432835820934,3,2,4,1,1,0,0,True
-0.23880597014925373,-0.3988839986791576,2.0,0.0,2.0,1.5522388059701493,3,2,4,1,1,0,0,True
-0.005970149253731343,-0.00759730623052189,0.0,0.0,0.0,-0.26865671641791045,3,2,4,1,1,0,0,True
-0.43283582089552236,-1.1042421206732966,0.0,0.0,0.0,1.447761194029851,3,2,4,1,1,0,0,True
-0.18208955223880596,-0.28102508224967243,1.0,0.0,1.0,0.5671641791044776,3,2,4,1,1,0,0,True
-0.15223880597014924,-0.22629583876372214,1.0,0.0,1.0,0.4701492537313433,3,2,4,1,1,0,0,True
0.6716417910447762,0.5523720528001415,0.0,0.0,0.0,-0.5,3,2,4,1,1,0,0,True
0.3940298507462687,0.374494374577358,0.0,0.0,0.0,-0.4477611940298508,3,2,4,1,1,0,0,True
-0.08358208955223881,-0.11491050479959992,1.0,0.0,1.0,0.2985074626865672,3,2,4,1,1,0,0,True
-0.16716417910447762,-0.2531130220181086,2.0,0.0,2.0,1.119402985074627,3,2,4,1,1,0,0,True
-0.13134328358208955,-0.19043553363323007,0.0,0.0,0.0,-0.1343283582089552,3,2,4,1,1,0,0,True
-0.3880597014925373,-0.8660872352071461,0.0,0.0,0.0,0.8059701492537314,3,2,4,1,1,0,0,True
0.20298507462686566,0.2180862406471647,2.0,0.0,2.0,0.2164179104477612,3,2,4,1,1,0,0,True
-0.1880597014925373,-0.29251695824149987,2.0,0.0,2.0,1.2238805970149256,3,2,4,1,1,0,0,True
0.5522388059701493,0.481453567063844,3.0,0.0,3.0,0.1343283582089552,3,2,4,1,1,0,0,True
0.29850746268656714,0.3007528914583828,0.0,0.0,0.0,-0.41791044776119407,3,2,4,1,1,0,0,True
-0.208955223880597,-0.33433132724875997,1.0,0.0,1.0,0.6716417910447763,3,2,4,1,1,0,0,True
-0.29253731343283584,-0.5330904897603812,1.0,0.0,1.0,1.1343283582089554,3,2,4,1,1,0,0,True
0.4955223880597015,0.44500381559123015,0.0,0.0,0.0,-0.4701492537313433,3,2,4,1,1,0,0,True
0.7611940298507462,0.6011160013208424,1.0,0.0,1.0,-0.3432835820895523,3,2,4,1,1,0,0,True
-0.29850746268656714,-0.5497681586674964,0.0,0.0,0.0,0.246268656716418,3,2,4,1,1,0,0,True
0.44776119402985076,0.4127264116291595,0.0,0.0,0.0,-0.4626865671641791,3,2,4,1,1,0,0,True
-0.32238805970149254,-0.6208711800033612,0.0,0.0,0.0,0.3507462686567164,3,2,4,1,1,0,0,True
8.417910447761194,1.9201108354677239,2.0,0.0,2.0,-0.6119402985074627,3,2,4,1,1,0,0,True
0.05970149253731343,0.07166244090165488,1.0,0.0,1.0,0.059701492537313466,3,2,4,1,1,0,0,True
-0.1791044776119403,-0.27535077145874043,0.0,0.0,0.0,-0.0671641791044776,3,2,4,1,1,0,0,True
-0.3582089552238806,-0.7436629127483482,0.0,0.0,0.0,0.5597014925373135,3,2,4,1,1,0,0,True
4.298507462686567,1.498987297579949,0.0,0.0,0.0,-0.6417910447761195,3,2,4,1,1,0,0,True
-0.208955223880597,-0.33433132724875997,1.0,0.0,1.0,0.6716417910447763,3,2,4,1,1,0,0,True
-0.18208955223880596,-0.28102508224967243,0.0,0.0,0.0,-0.059701492537313466,3,2,4,1,1,0,0,True
-0.05970149253731343,-0.08006217217774815,3.0,0.0,3.0,1.1791044776119406,3,2,4,1,1,0,0,True
0.05970149253731343,0.07166244090165488,3.0,0.0,3.0,0.8059701492537314,3,2,4,1,1,0,0,True
-0.01791044776119403,-0.023049953194751675,0.0,0.0,0.0,-0.26119402985074625,3,2,4,1,1,0,0,True
-0.16417910447761194,-0.2476647818280617,1.0,0.0,1.0,0.5074626865671643,3,2,4,1,1,0,0,True
2.4477611940298507,1.169389635074459,0.0,0.0,0.0,-0.6119402985074627,3,2,4,1,1,0,0,True
-0.29850746268656714,-0.5497681586674964,0.0,0.0,0.0,0.246268656716418,3,2,4,1,1,0,0,True
-0.26865671641791045,-0.47017251934501153,0.0,0.0,0.0,0.14179104477611945,3,2,4,1,1,0,0,True
0.9552238805970149,0.6961326121630278,5.0,0.0,5.0,0.20895522388059706,3,2,4,1,1,0,0,True
-0.3402985074626866,-0.6795142895058917,5.0,0.0,5.0,6.097014925373134,3,2,4,1,1,0,0,True
-0.29850746268656714,-0.5497681586674964,0.0,0.0,0.0,0.246268656716418,3,2,4,1,1,0,0,True
2.4298507462686567,1.1652788980866515,0.0,0.0,0.0,-0.6119402985074627,3,2,4,1,1,0,0,True
-0.36716417910447763,-0.7781450354497399,0.0,0.0,0.0,0.6194029850746271,3,2,4,1,1,0,0,True
0.7611940298507462,0.6011160013208424,1.0,0.0,1.0,-0.3432835820895523,3,2,4,1,1,0,0,True
2.0,1.0583877622137465,0.0,0.0,0.0,-0.5970149253731344,3,2,4,1,1,0,0,True
1.1432835820895522,0.7771215973290988,0.0,0.0,0.0,-0.5522388059701493,3,2,4,1,1,0,0,True
0.7611940298507462,0.6011160013208424,1.0,0.0,1.0,-0.3432835820895523,3,2,4,1,1,0,0,True
0.05970149253731343,0.07166244090165488,0.0,0.0,0.0,-0.31343283582089554,3,2,4,1,1,0,0,True
0.9552238805970149,0.6961326121630278,0.0,0.0,0.0,-0.5373134328358209,3,2,4,1,1,0,0,True
0.29850746268656714,0.3007528914583828,0.0,0.0,0.0,-0.41791044776119407,3,2,4,1,1,0,0,True
1.9402985074626866,1.0421265790211292,3.0,0.0,3.0,-0.32835820895522394,3,2,4,1,1,0,0,True
1.537313432835821,0.9209111937670993,3.0,0.0,3.0,-0.25373134328358216,3,2,4,1,1,0,0,True
-0.029850746268656716,-0.03885991827203374,1.0,0.0,1.0,0.19402985074626866,3,2,4,1,1,0,0,True
-0.3164179104477612,-0.6023903110370871,3.0,0.0,3.0,3.350746268656717,3,2,4,1,1,0,0,True
-0.05970149253731343,-0.08006217217774815,2.0,0.0,2.0,0.7164179104477614,3,2,4,1,1,0,0,True
-0.08955223880597014,-0.12390735205254981,0.0,0.0,0.0,-0.18656716417910446,3,2,4,1,1,0,0,True
0.8059701492537313,0.624243928612844,2.0,0.0,2.0,-0.18656716417910446,3,2,4,1,1,0,0,True
-0.23880597014925373,-0.3988839986791576,5.0,0.0,5.0,3.7910447761194033,3,2,4,1,1,0,0,True
0.21194029850746268,0.22627496757658466,3.0,0.0,3.0,0.5000000000000001,3,2,4,1,1,0,0,True
-0.3283582089552239,-0.6398654715776874,0.0,0.0,0.0,0.3805970149253732,3,2,4,1,1,0,0,True
2.7313432835820897,1.231383714580709,0.0,0.0,0.0,-0.6194029850746269,3,2,4,1,1,0,0,True
-0.3582089552238806,-0.7436629127483482,0.0,0.0,0.0,0.5597014925373135,3,2,4,1,1,0,0,True
-0.23880597014925373,-0.3988839986791576,0.0,0.0,0.0,0.059701492537313466,3,2,4,1,1,0,0,True
-0.2626865671641791,-0.4553077920439563,1.0,0.0,1.0,0.9328358208955225,3,2,4,1,1,0,0,True
-0.23880597014925373,-0.3988839986791576,1.0,0.0,1.0,0.8059701492537314,3,2,4,1,1,0,0,True
0.3582089552238806,0.34776456599897604,5.0,0.0,5.0,0.8059701492537314,3,2,4,1,1,0,0,True
0.05970149253731343,0.07166244090165488,2.0,0.0,2.0,0.4328358208955224,3,2,4,1,1,0,0,True
29.313432835820894,2.743168366661091,0.0,0.0,0.0,-0.6791044776119404,3,2,4,1,1,0,0,True
2.4477611940298507,1.169389635074459,1.0,0.0,1.0,-0.5373134328358209,3,2,4,1,1,0,0,True
-0.24776119402985075,-0.41950115439327273,0.0,0.0,0.0,0.082089552238806,3,2,4,1,1,0,0,True
-0.208955223880597,-0.33433132724875997,0.0,0.0,0.0,-0.007462686567164135,3,2,4,1,1,0,0,True
0.21194029850746268,0.22627496757658466,3.0,0.0,3.0,0.5000000000000001,3,2,4,1,1,0,0,True
8.513432835820895,1.927363146360596,0.0,0.0,0.0,-0.664179104477612,3,2,4,1,1,0,0,True
1.7313432835820894,0.9819589689276494,6.0,0.0,6.0,0.0,3,2,4,1,1,0,0,True
-0.08955223880597014,-0.12390735205254981,0.0,0.0,0.0,-0.18656716417910446,3,2,4,1,1,0,0,True
-0.3761194029850746,-0.8144589064516867,0.0,0.0,0.0,0.6940298507462687,3,2,4,1,1,0,0,True
-0.22686567164179106,-0.37232724221373015,3.0,0.0,3.0,2.1865671641791047,3,2,4,1,1,0,0,True
0.6567164179104478,0.5438991993234602,0.0,0.0,0.0,-0.5,3,2,4,1,1,0,0,True
-0.23880597014925373,-0.3988839986791576,2.0,0.0,2.0,1.5522388059701493,3,2,4,1,1,0,0,True
2.4477611940298507,1.169389635074459,0.0,0.0,0.0,-0.6119402985074627,3,2,4,1,1,0,0,True
0.25671641791044775,0.2658091295933695,2.0,0.0,2.0,0.15671641791044774,3,2,4,1,1,0,0,True
1.9701492537313432,1.0503055105889099,1.0,0.0,1.0,-0.5074626865671643,3,2,4,1,1,0,0,True
-0.11940298507462686,-0.17075790148019387,0.0,0.0,0.0,-0.15671641791044774,3,2,4,1,1,0,0,True
-0.1791044776119403,-0.27535077145874043,0.0,0.0,0.0,-0.0671641791044776,3,2,4,1,1,0,0,True
0.24477611940298508,0.25548817097176457,0.0,0.0,0.0,-0.4029850746268657,3,2,4,1,1,0,0,True
0.26865671641791045,0.2759766110125745,595.0,0.0,595.0,164.044776119403,3,2,4,1,1,0,0,True
-0.23880597014925373,-0.3988839986791576,0.0,0.0,0.0,0.059701492537313466,3,2,4,1,1,0,0,True
-0.21791044776119403,-0.3530653902657502,0.0,0.0,0.0,0.007462686567164135,3,2,4,1,1,0,0,True
-0.23880597014925373,-0.3988839986791576,1.0,0.0,1.0,0.8059701492537314,3,2,4,1,1,0,0,True
0.6567164179104478,0.5438991993234602,0.0,0.0,0.0,-0.5,3,2,4,1,1,0,0,True
0.208955223880597,0.22355627402997036,0.0,0.0,0.0,-0.3880597014925373,3,2,4,1,1,0,0,True
-0.3283582089552239,-0.6398654715776874,1.0,0.0,1.0,1.447761194029851,3,2,4,1,1,0,0,True
-0.07462686567164178,-0.10163337837805367,4.0,0.0,4.0,1.7238805970149258,3,2,4,1,1,0,0,True
-0.15223880597014924,-0.22629583876372214,0.0,0.0,0.0,-0.10447761194029853,3,2,4,1,1,0,0,True
-0.3194029850746269,-0.6115683082516594,0.0,0.0,0.0,0.33582089552238814,3,2,4,1,1,0,0,True
1.8,1.0023180938206657,0.0,0.0,0.0,-0.5895522388059703,3,2,4,1,1,0,0,True
2.453731343283582,1.1707544070368432,1.0,0.0,1.0,-0.5373134328358209,3,2,4,1,1,0,0,True
-0.2537313432835821,-0.4335996028669041,0.0,0.0,0.0,0.0970149253731344,3,2,4,1,1,0,0,True
-0.16417910447761194,-0.2476647818280617,2.0,0.0,2.0,1.1044776119402986,3,2,4,1,1,0,0,True
0.25671641791044775,0.2658091295933695,0.0,0.0,0.0,-0.4029850746268657,3,2,4,1,1,0,0,True
-0.3940298507462687,-0.8934409037979194,0.0,0.0,0.0,0.8656716417910448,3,2,0,1,1,0,0,True
-0.23880597014925373,-0.3988839986791576,1.0,0.0,1.0,0.8059701492537314,3,2,4,1,1,0,0,True
0.7611940298507462,0.6011160013208424,1.0,0.0,1.0,-0.3432835820895523,3,2,4,1,1,0,0,True
-0.26865671641791045,-0.47017251934501153,0.0,0.0,0.0,0.14179104477611945,3,2,4,1,1,0,0,True
0.6567164179104478,0.5438991993234602,3.0,0.0,3.0,0.059701492537313466,3,2,4,1,1,0,0,True
0.21194029850746268,0.22627496757658466,3.0,0.0,3.0,0.5000000000000001,3,2,4,1,1,0,0,True
0.7611940298507462,0.6011160013208424,1.0,0.0,1.0,-0.3432835820895523,3,2,4,1,1,0,0,True
-0.23880597014925373,-0.3988839986791576,0.0,0.0,0.0,0.059701492537313466,3,2,4,1,1,0,0,True
-0.19402985074626866,-0.3042052860450935,0.0,0.0,0.0,-0.037313432835820934,3,2,4,1,1,0,0,True
0.21791044776119403,0.2316801382238538,0.0,0.0,0.0,-0.3880597014925373,3,2,4,1,1,0,0,True
-0.08059701492537313,-0.11045608822368343,4.0,0.0,4.0,1.7537313432835822,3,2,4,1,1,0,0,True
-0.3283582089552239,-0.6398654715776874,0.0,0.0,0.0,0.3805970149253732,3,2,4,1,1,0,0,True
-0.1791044776119403,-0.27535077145874043,1.0,0.0,1.0,0.5597014925373135,3,2,4,1,1,0,0,True
20.35820895522388,2.4993209861159214,0.0,0.0,0.0,-0.6791044776119404,3,2,4,1,1,0,0,True
-0.1791044776119403,-0.27535077145874043,0.0,0.0,0.0,-0.0671641791044776,3,2,4,1,1,0,0,True
-0.208955223880597,-0.33433132724875997,0.0,0.0,0.0,-0.007462686567164135,3,2,4,1,1,0,0,True
5.576119402985075,1.6591959442321313,0.0,0.0,0.0,-0.6492537313432836,3,2,4,1,1,0,0,True
-0.11940298507462686,-0.17075790148019387,0.0,0.0,0.0,-0.15671641791044774,3,2,4,1,1,0,0,True
0.0,0.0,0.0,0.0,0.0,-0.26865671641791045,3,2,4,1,1,0,0,True
0.9552238805970149,0.6961326121630278,4.0,0.0,4.0,0.059701492537313466,3,2,4,1,1,0,0,True
-0.31044776119402984,-0.5843958376283298,0.0,0.0,0.0,0.2985074626865672,3,2,4,1,1,0,0,True
24.585074626865673,2.625268157290065,0.0,0.0,0.0,-0.6791044776119404,3,2,4,1,1,0,0,True
0.05970149253731343,0.07166244090165488,595.0,0.0,595.0,221.70149253731347,3,2,4,1,1,0,0,True
-0.1253731343283582,-0.18052593226465896,0.0,0.0,0.0,-0.1492537313432836,3,2,4,1,1,0,0,True
1.7641791044776118,0.9917716041199882,0.0,0.0,0.0,-0.5895522388059703,3,2,4,1,1,0,0,True
1.1044776119402986,0.7611769163561694,0.0,0.0,0.0,-0.5522388059701493,3,2,4,1,1,0,0,True
-0.3194029850746269,-0.6115683082516594,0.0,0.0,0.0,0.33582089552238814,3,2,4,1,1,0,0,True
-0.14925373134328357,-0.22105634549214764,0.0,0.0,0.0,-0.11194029850746266,3,2,4,1,1,0,0,True
-0.29850746268656714,-0.5497681586674964,0.0,0.0,0.0,0.246268656716418,2,2,2,1,1,0,0,True
-0.5223880597014925,-2.3293586004854894,0.0,0.0,0.0,14.238805970149256,3,2,4,1,1,0,0,True
2.925373134328358,1.2707776689717336,2.0,0.0,2.0,-0.49253731343283585,3,2,4,1,1,0,0,True
-0.4,-0.9219346318877404,0.0,0.0,0.0,0.9328358208955225,3,2,4,1,1,0,0,True
0.47761194029850745,0.43307763196796784,0.0,0.0,0.0,-0.4701492537313433,3,2,4,1,1,0,0,True
0.9552238805970149,0.6961326121630278,0.0,0.0,0.0,-0.5373134328358209,3,2,4,1,1,0,0,True
1.2537313432835822,0.8205675727874405,0.0,0.0,0.0,-0.5597014925373135,3,2,4,1,1,0,0,True
0.29850746268656714,0.3007528914583828,0.0,0.0,0.0,-0.41791044776119407,3,2,4,1,1,0,0,True
0.7611940298507462,0.6011160013208424,1.0,0.0,1.0,-0.3432835820895523,3,2,4,1,1,0,0,True
0.7611940298507462,0.6011160013208424,1.0,0.0,1.0,-0.3432835820895523,3,2,4,1,1,0,0,True
-0.3582089552238806,-0.7436629127483482,0.0,0.0,0.0,0.5597014925373135,2,2,2,1,1,0,0,True
-0.2716417910447761,-0.47772785065141865,1.0,0.0,1.0,0.9925373134328359,3,2,4,1,1,0,0,True
0.44776119402985076,0.4127264116291595,3.0,0.0,3.0,0.2164179104477612,3,2,4,1,1,0,0,True
-0.26865671641791045,-0.47017251934501153,0.0,0.0,0.0,0.14179104477611945,3,2,4,1,1,0,0,True
1.5522388059701493,0.9258056350396148,4.0,0.0,4.0,-0.15671641791044774,3,2,4,1,1,0,0,True
0.5074626865671642,0.452840583627746,0.0,0.0,0.0,-0.4701492537313433,3,2,4,1,1,0,0,True
0.24477611940298508,0.25548817097176457,0.0,0.0,0.0,-0.4029850746268657,3,2,4,1,1,0,0,True
-0.23880597014925373,-0.3988839986791576,1.0,0.0,1.0,0.8059701492537314,3,2,4,1,1,0,0,True
0.5373134328358209,0.4720483221234283,1.0,0.0,1.0,-0.26865671641791045,3,2,4,1,1,0,0,True
0.208955223880597,0.22355627402997036,0.0,0.0,0.0,-0.3880597014925373,3,2,4,1,1,0,0,True
1.4567164179104477,0.8938581938088244,0.0,0.0,0.0,-0.5746268656716419,3,2,4,1,1,0,0,True
0.9552238805970149,0.6961326121630278,2.0,0.0,2.0,-0.23880597014925373,3,2,4,1,1,0,0,True
-0.2537313432835821,-0.4335996028669041,0.0,0.0,0.0,0.0970149253731344,2,2,2,1,1,0,0,True
3.1940298507462686,1.321827528550434,0.0,0.0,0.0,-0.6268656716417911,3,2,4,1,1,0,0,True
7.298507462686567,1.8288412234282776,0.0,0.0,0.0,-0.6567164179104479,3,2,4,1,1,0,0,True
0.07164179104477612,0.08513579361989772,4.0,0.0,4.0,1.1417910447761197,3,2,4,1,1,0,0,True
0.7164179104477612,0.5771782990411991,0.0,0.0,0.0,-0.5074626865671643,3,2,4,1,1,0,0,True
-0.08955223880597014,-0.12390735205254981,0.0,0.0,0.0,-0.18656716417910446,3,2,4,1,1,0,0,True
0.05970149253731343,0.07166244090165488,0.0,0.0,0.0,-0.31343283582089554,3,2,4,1,1,0,0,True
-0.04477611940298507,-0.05915074035573484,2.0,0.0,2.0,0.6716417910447763,3,2,4,1,1,0,0,True
1.3223880597014925,0.846246120431239,3.0,0.0,3.0,-0.208955223880597,3,2,4,1,1,0,0,True
0.05970149253731343,0.07166244090165488,5.0,0.0,5.0,1.5522388059701493,3,2,4,1,1,0,0,True
-0.023880597014925373,-0.030909241174822626,0.0,0.0,0.0,-0.25373134328358216,3,2,4,1,1,0,0,True
0.9552238805970149,0.6961326121630278,0.0,0.0,0.0,-0.5373134328358209,3,2,4,1,1,0,0,True
0.3582089552238806,0.34776456599897604,0.0,0.0,0.0,-0.4402985074626866,3,2,4,1,1,0,0,True
17.970149253731343,2.4163530380656306,0.0,0.0,0.0,-0.6716417910447762,3,2,4,1,1,0,0,True
-0.23880597014925373,-0.3988839986791576,0.0,0.0,0.0,0.059701492537313466,3,2,4,1,1,0,0,True
-0.15223880597014924,-0.22629583876372214,2.0,0.0,2.0,1.0522388059701495,3,2,4,1,1,0,0,True
0.9552238805970149,0.6961326121630278,0.0,0.0,0.0,-0.5373134328358209,3,2,4,1,1,0,0,True
1.462686567164179,0.8958992416711224,0.0,0.0,0.0,-0.5746268656716419,3,2,4,1,1,0,0,True
-0.2626865671641791,-0.4553077920439563,3.0,0.0,3.0,2.5597014925373136,3,2,4,1,1,0,0,True
0.45671641791044776,0.4188956311601283,1.0,0.0,1.0,-0.23880597014925373,3,2,4,1,1,0,0,True
0.05970149253731343,0.07166244090165488,3.0,0.0,3.0,0.8059701492537314,3,2,4,1,1,0,0,True
0.37910447761194027,0.3634836611809623,0.0,0.0,0.0,-0.4402985074626866,3,2,4,1,1,0,0,True
-0.16119402985074627,-0.24225961118079253,388.0,0.0,388.0,229.70895522388062,3,2,4,1,1,0,0,True
-0.3283582089552239,-0.6398654715776874,1.0,0.0,1.0,1.447761194029851,3,2,4,1,1,0,0,True
-0.08955223880597014,-0.12390735205254981,1.0,0.0,1.0,0.30597014925373134,3,2,4,1,1,0,0,True
13.791044776119403,2.2413906185807964,3.0,0.0,3.0,-0.6268656716417911,3,2,4,1,1,0,0,True
-0.34328358208955223,-0.6897964460660189,0.0,0.0,0.0,0.4626865671641792,2,2,2,1,1,0,0,True
-0.23880597014925373,-0.3988839986791576,0.0,0.0,0.0,0.059701492537313466,3,2,4,1,1,0,0,True
2.955223880597015,1.2766417746081709,0.0,0.0,0.0,-0.6194029850746269,3,2,4,1,1,0,0,True
-0.26865671641791045,-0.47017251934501153,1.0,0.0,1.0,0.9701492537313434,3,2,4,1,1,0,0,True
0.8059701492537313,0.624243928612844,4.0,0.0,4.0,0.14179104477611945,3,2,4,1,1,0,0,True
0.11940298507462686,0.13652150708809657,0.0,0.0,0.0,-0.3507462686567165,3,2,4,1,1,0,0,True
2.4388059701492537,1.1673373558164113,0.0,0.0,0.0,-0.6119402985074627,3,2,4,1,1,0,0,True
0.21194029850746268,0.22627496757658466,3.0,0.0,3.0,0.5000000000000001,3,2,4,1,1,0,0,True
-0.5074626865671642,-1.9149129258782112,1.0,0.0,1.0,14.238805970149256,3,2,4,1,1,0,0,True
0.0,0.0,0.0,0.0,0.0,-0.26865671641791045,3,2,4,1,1,0,0,True
-0.23283582089552238,-0.38547669605043183,0.0,0.0,0.0,0.044776119402985065,3,2,4,1,1,0,0,True
-0.28059701492537314,-0.5009080544468397,0.0,0.0,0.0,0.17910447761194026,3,2,4,1,1,0,0,True
-0.5164179104477612,-2.132655832083743,0.0,0.0,0.0,9.977611940298507,3,2,4,1,1,0,0,True
-0.5223880597014925,-2.3293586004854894,0.0,0.0,0.0,14.238805970149256,3,2,4,1,1,0,0,True
0.1880597014925373,0.2042165860609445,2.0,0.0,2.0,0.2313432835820896,3,2,4,1,1,0,0,True
0.05373134328358209,0.06482487866012718,2.0,0.0,2.0,0.4477611940298508,3,2,4,1,1,0,0,True
-0.15522388059701492,-0.2315757918433588,2.0,0.0,2.0,1.0597014925373136,3,2,4,1,1,0,0,True
0.08955223880597014,0.10486073432661948,2.0,0.0,2.0,0.3805970149253732,3,2,4,1,1,0,0,True
0.9552238805970149,0.6961326121630278,1.0,0.0,1.0,-0.3880597014925373,3,2,4,1,1,0,0,True
-0.29850746268656714,-0.5497681586674964,0.0,0.0,0.0,0.246268656716418,3,2,4,1,1,0,0,True
1.5522388059701493,0.9258056350396148,0.0,0.0,0.0,-0.582089552238806,3,2,4,1,1,0,0,True
0.0,0.0,0.0,0.0,0.0,-0.26865671641791045,3,2,4,1,1,0,0,True
2.4477611940298507,1.169389635074459,2.0,0.0,2.0,-0.4626865671641791,3,2,4,1,1,0,0,True
0.29850746268656714,0.3007528914583828,6.0,0.0,6.0,1.1791044776119406,3,2,4,1,1,0,0,True
-0.09850746268656717,-0.13762855884701372,1.0,0.0,1.0,0.3283582089552239,3,2,4,1,1,0,0,True
-0.3582089552238806,-0.7436629127483482,1.0,0.0,1.0,1.7985074626865676,3,2,0,1,1,0,0,True
0.05970149253731343,0.07166244090165488,0.0,0.0,0.0,-0.31343283582089554,3,2,4,1,1,0,0,True
0.9253731343283582,0.6823468523176085,0.0,0.0,0.0,-0.5373134328358209,3,2,4,1,1,0,0,True
-0.43283582089552236,-1.1042421206732966,0.0,0.0,0.0,1.447761194029851,3,2,4,1,1,0,0,True
0.1791044776119403,0.19575770878184406,4.0,0.0,4.0,0.8656716417910448,3,2,4,1,1,0,0,True
0.26865671641791045,0.2759766110125745,591.0,0.0,591.0,162.94029850746273,3,2,4,1,1,0,0,True
0.21194029850746268,0.22627496757658466,3.0,0.0,3.0,0.5000000000000001,3,2,4,1,1,0,0,True
-0.23880597014925373,-0.3988839986791576,1.0,0.0,1.0,0.8059701492537314,3,2,0,1,1,0,0,True
-0.3582089552238806,-0.7436629127483482,2.0,0.0,2.0,3.0447761194029854,3,2,4,1,1,0,0,True
0.6567164179104478,0.5438991993234602,0.0,0.0,0.0,-0.5,3,2,4,1,1,0,0,True
-0.208955223880597,-0.33433132724875997,3.0,0.0,3.0,2.0298507462686572,3,2,4,1,1,0,0,True
3.2417910447761193,1.3305170882498807,0.0,0.0,0.0,-0.6268656716417911,3,2,4,1,1,0,0,True
-0.1791044776119403,-0.27535077145874043,0.0,0.0,0.0,-0.0671641791044776,3,2,4,1,1,0,0,True
0.3582089552238806,0.34776456599897604,0.0,0.0,0.0,-0.4402985074626866,3,2,4,1,1,0,0,True
0.05970149253731343,0.07166244090165488,2.0,0.0,2.0,0.4328358208955224,3,2,4,1,1,0,0,True
-0.3641791044776119,-0.7664567076461462,0.0,0.0,0.0,0.5970149253731344,3,2,4,1,1,0,0,True
0.7611940298507462,0.6011160013208424,1.0,0.0,1.0,-0.3432835820895523,3,2,4,1,1,0,0,True
2.746268656716418,1.2344959208011164,0.0,0.0,0.0,-0.6194029850746269,3,2,4,1,1,0,0,True
0.29850746268656714,0.3007528914583828,0.0,0.0,0.0,-0.41791044776119407,3,2,4,1,1,0,0,True
-0.023880597014925373,-0.030909241174822626,0.0,0.0,0.0,-0.25373134328358216,3,2,4,1,1,0,0,True
-0.3582089552238806,-0.7436629127483482,0.0,0.0,0.0,0.5597014925373135,3,2,4,1,1,0,0,True
-0.29850746268656714,-0.5497681586674964,0.0,0.0,0.0,0.246268656716418,3,2,4,1,1,0,0,True
-0.417910447761194,-1.0153182258066267,1.0,0.0,1.0,3.0447761194029854,3,2,4,1,1,0,0,True
3.2417910447761193,1.3305170882498807,3.0,0.0,3.0,-0.4477611940298508,3,2,4,1,1,0,0,True
-0.34328358208955223,-0.6897964460660189,2.0,0.0,2.0,2.7611940298507465,3,2,4,1,1,0,0,True
1.1940298507462686,0.7974265984894995,0.0,0.0,0.0,-0.5597014925373135,3,2,1,1,1,0,0,True
0.208955223880597,0.22355627402997036,0.0,0.0,0.0,-0.3880597014925373,2,2,2,1,1,0,0,True
-0.22686567164179106,-0.37232724221373015,0.0,0.0,0.0,0.029850746268656667,3,2,4,1,1,0,0,True
-0.5104477611940299,-1.980081311466511,0.0,0.0,0.0,7.6044776119402995,3,2,4,1,1,0,0,True
2.029850746268657,1.0663755928508005,566.0,0.0,566.0,48.51492537313433,3,2,4,1,1,0,0,True
0.5970149253731343,0.508917119226754,0.0,0.0,0.0,-0.49253731343283585,3,2,4,1,1,0,0,True
3.1343283582089554,1.3108079423177286,0.0,0.0,0.0,-0.6268656716417911,3,2,4,1,1,0,0,True
0.3940298507462687,0.374494374577358,0.0,0.0,0.0,-0.4477611940298508,3,2,4,1,1,0,0,True
0.5970149253731343,0.508917119226754,2.0,0.0,2.0,-0.09701492537313428,3,2,4,1,1,0,0,True
-0.23283582089552238,-0.38547669605043183,1.0,0.0,1.0,0.7761194029850746,3,2,4,1,1,0,0,True
-0.3283582089552239,-0.6398654715776874,0.0,0.0,0.0,0.3805970149253732,3,2,4,1,1,0,0,True
-0.0029850746268656717,-0.0037881012467722848,3.0,0.0,3.0,0.9776119402985076,3,2,4,1,1,0,0,True
0.8059701492537313,0.624243928612844,0.0,0.0,0.0,-0.5223880597014925,3,2,4,1,1,0,0,True
7.543283582089552,1.8498655806136208,0.0,0.0,0.0,-0.6567164179104479,3,2,1,1,1,0,0,True
2.746268656716418,1.2344959208011164,0.0,0.0,0.0,-0.6194029850746269,3,2,4,1,1,0,0,True
2.4477611940298507,1.169389635074459,0.0,0.0,0.0,-0.6119402985074627,3,2,4,1,1,0,0,True
-0.3194029850746269,-0.6115683082516594,1.0,0.0,1.0,1.3582089552238807,3,2,4,1,1,0,0,True
-0.05970149253731343,-0.08006217217774815,1.0,0.0,1.0,0.246268656716418,3,2,4,1,1,0,0,True
1.0507462686567164,0.7384672468961622,0.0,0.0,0.0,-0.5447761194029851,3,2,4,1,1,0,0,True
-0.1791044776119403,-0.27535077145874043,0.0,0.0,0.0,-0.0671641791044776,3,2,4,1,1,0,0,True
1.7014925373134329,0.9729145179237406,4.0,0.0,4.0,-0.18656716417910446,3,2,4,1,1,0,0,True
0.05970149253731343,0.07166244090165488,2.0,0.0,2.0,0.4328358208955224,3,2,4,1,1,0,0,True
-0.1791044776119403,-0.27535077145874043,0.0,0.0,0.0,-0.0671641791044776,3,2,4,1,1,0,0,True
0.0,0.0,4.0,0.0,4.0,1.3880597014925373,3,2,4,1,1,0,0,True
1.2537313432835822,0.8205675727874405,0.0,0.0,0.0,-0.5597014925373135,3,2,4,1,1,0,0,True
-0.04477611940298507,-0.05915074035573484,1.0,0.0,1.0,0.2164179104477612,3,2,4,1,1,0,0,True
-0.34328358208955223,-0.6897964460660189,0.0,0.0,0.0,0.4626865671641792,3,2,4,1,1,0,0,True
-0.34328358208955223,-0.6897964460660189,0.0,0.0,0.0,0.4626865671641792,3,2,4,1,1,0,0,True
-0.3940298507462687,-0.8934409037979194,0.0,0.0,0.0,0.8656716417910448,3,2,0,1,1,0,0,True
-0.3582089552238806,-0.7436629127483482,1.0,0.0,1.0,1.7985074626865676,3,2,0,1,1,0,0,True
0.7611940298507462,0.6011160013208424,1.0,0.0,1.0,-0.3432835820895523,3,2,4,1,1,0,0,True
-0.382089552238806,-0.8397858954522514,1.0,0.0,1.0,2.1865671641791047,3,2,4,1,1,0,0,True
-0.34328358208955223,-0.6897964460660189,0.0,0.0,0.0,0.4626865671641792,3,2,4,1,1,0,0,True
0.07761194029850746,0.09177420038746291,0.0,0.0,0.0,-0.32089552238805974,3,2,4,1,1,0,0,True
0.07164179104477612,0.08513579361989772,4.0,0.0,4.0,1.1417910447761197,3,2,4,1,1,0,0,True
-0.1791044776119403,-0.27535077145874043,0.0,0.0,0.0,-0.0671641791044776,3,2,4,1,1,0,0,True
2.3582089552238807,1.1485842614021293,0.0,0.0,0.0,-0.6119402985074627,3,2,4,1,1,0,0,True
0.3880597014925373,0.37011134337533574,0.0,0.0,0.0,-0.4477611940298508,3,2,4,1,1,0,0,True
0.005970149253731343,0.007513817659198287,5.0,0.0,5.0,1.7761194029850749,3,2,4,1,1,0,0,True
0.25671641791044775,0.2658091295933695,0.0,0.0,0.0,-0.4029850746268657,3,2,4,1,1,0,0,True
0.208955223880597,0.22355627402997036,0.0,0.0,0.0,-0.3880597014925373,3,2,4,1,1,0,0,True
1.537313432835821,0.9209111937670993,2.0,0.0,2.0,-0.3656716417910448,3,2,4,1,1,0,0,True
29.313432835820894,2.743168366661091,0.0,0.0,0.0,-0.6791044776119404,3,2,4,1,1,0,0,True
-0.30149253731343284,-0.5582620632525725,0.0,0.0,0.0,0.26119402985074625,3,2,4,1,1,0,0,True
0.4746268656716418,0.4310695526211248,0.0,0.0,0.0,-0.4701492537313433,3,2,0,1,1,0,0,True
-0.17313432835820897,-0.2641414953990808,0.0,0.0,0.0,-0.07462686567164173,3,2,4,1,1,0,0,True
1.537313432835821,0.9209111937670993,1.0,0.0,1.0,-0.4701492537313433,3,2,4,1,1,0,0,True
-0.29850746268656714,-0.5497681586674964,1.0,0.0,1.0,1.1791044776119406,3,2,4,1,1,0,0,True
-0.19402985074626866,-0.3042052860450935,1.0,0.0,1.0,0.6119402985074627,3,2,4,1,1,0,0,True
0.9552238805970149,0.6961326121630278,0.0,0.0,0.0,-0.5373134328358209,3,2,4,1,1,0,0,True
0.3582089552238806,0.34776456599897604,1.0,0.0,1.0,-0.18656716417910446,3,2,4,1,1,0,0,True
-0.1791044776119403,-0.27535077145874043,1.0,0.0,1.0,0.5597014925373135,2,2,2,1,1,0,0,True
-0.23880597014925373,-0.3988839986791576,0.0,0.0,0.0,0.059701492537313466,3,2,4,1,1,0,0,True
-0.1373134328358209,-0.2004908696485185,1.0,0.0,1.0,0.42537313432835827,3,2,4,1,1,0,0,True
-0.08955223880597014,-0.12390735205254981,0.0,0.0,0.0,-0.18656716417910446,3,2,4,1,1,0,0,True
0.05970149253731343,0.07166244090165488,0.0,0.0,0.0,-0.31343283582089554,3,2,4,1,1,0,0,True
2.4477611940298507,1.169389635074459,0.0,0.0,0.0,-0.6119402985074627,3,2,4,1,1,0,0,True
-0.056716417910447764,-0.07582840926285063,0.0,0.0,0.0,-0.2238805970149254,2,2,2,1,1,0,0,True
1.2805970149253731,0.8307308560828225,0.0,0.0,0.0,-0.5671641791044777,3,2,4,1,1,0,0,True
-0.208955223880597,-0.33433132724875997,0.0,0.0,0.0,-0.007462686567164135,2,2,2,1,1,0,0,True
29.313432835820894,2.743168366661091,0.0,0.0,0.0,-0.6791044776119404,3,2,4,1,1,0,0,True
-0.23283582089552238,-0.38547669605043183,1.0,0.0,1.0,0.7761194029850746,3,2,4,1,1,0,0,True
-0.3880597014925373,-0.8660872352071461,1.0,0.0,1.0,2.2985074626865676,3,2,4,1,1,0,0,True
2.5104477611940297,1.1835856576511665,2.0,0.0,2.0,-0.4701492537313433,3,2,4,1,1,0,0,True
-0.14626865671641792,-0.2158566966613725,1.0,0.0,1.0,0.4552238805970149,3,2,4,1,1,0,0,True
0.11044776119402985,0.12717625191619608,0.0,0.0,0.0,-0.3432835820895523,3,2,4,1,1,0,0,True
-0.2835820895522388,-0.5088127728462589,0.0,0.0,0.0,0.19402985074626866,3,2,4,1,1,0,0,True
0.05970149253731343,0.07166244090165488,0.0,0.0,0.0,-0.31343283582089554,3,2,4,1,1,0,0,True
-0.31343283582089554,-0.5933338802778341,0.0,0.0,0.0,0.30597014925373134,3,2,4,1,1,0,0,True
9.91044776119403,2.025478894431379,0.0,0.0,0.0,-0.664179104477612,3,2,4,1,1,0,0,True
-0.23880597014925373,-0.3988839986791576,1.0,0.0,1.0,0.8059701492537314,3,2,0,1,1,0,0,True
-0.08955223880597014,-0.12390735205254981,1.0,0.0,1.0,0.30597014925373134,3,2,4,1,1,0,0,True
0.36716417910447763,0.35454561853145866,1.0,0.0,1.0,-0.19402985074626866,3,2,4,1,1,0,0,True
-0.48656716417910445,-1.578181870077943,1.0,0.0,1.0,8.08955223880597,3,2,4,1,1,0,0,True
-0.23880597014925373,-0.3988839986791576,1.0,0.0,1.0,0.8059701492537314,3,2,4,1,1,0,0,True
-0.11343283582089553,-0.1611274531754222,3.0,0.0,3.0,1.4179104477611941,3,2,4,1,1,0,0,True
0.0,0.0,1.0,0.0,1.0,0.14179104477611945,3,2,4,1,1,0,0,True
0.44776119402985076,0.4127264116291595,0.0,0.0,0.0,-0.4626865671641791,3,2,4,1,1,0,0,True
0.14925373134328357,0.1667808927792161,0.0,0.0,0.0,-0.3656716417910448,3,2,4,1,1,0,0,True
-0.08955223880597014,-0.12390735205254981,0.0,0.0,0.0,-0.18656716417910446,3,2,4,1,1,0,0,True
0.5373134328358209,0.4720483221234283,0.0,0.0,0.0,-0.47761194029850745,3,2,4,1,1,0,0,True
0.05970149253731343,0.07166244090165488,3.0,0.0,3.0,0.8059701492537314,3,2,4,1,1,0,0,True
0.11940298507462686,0.13652150708809657,3.0,0.0,3.0,0.6716417910447763,3,2,4,1,1,0,0,True
-0.05970149253731343,-0.08006217217774815,0.0,0.0,0.0,-0.2238805970149254,3,2,4,1,1,0,0,True
-0.3194029850746269,-0.6115683082516594,0.0,0.0,0.0,0.33582089552238814,3,2,4,1,1,0,0,True
0.05970149253731343,0.07166244090165488,0.0,0.0,0.0,-0.31343283582089554,3,2,4,1,1,0,0,True
0.6567164179104478,0.5438991993234602,3.0,0.0,3.0,0.059701492537313466,3,2,4,1,1,0,0,True
-0.16417910447761194,-0.2476647818280617,0.0,0.0,0.0,-0.08955223880597013,3,2,4,1,1,0,0,True
0.208955223880597,0.22355627402997036,2.0,0.0,2.0,0.20895522388059706,3,2,4,1,1,0,0,True
-0.5044776119402985,-1.855418851080843,0.0,0.0,0.0,6.097014925373134,3,2,4,1,1,0,0,True
-0.5223880597014925,-2.3293586004854894,1.0,0.0,1.0,29.16417910447762,3,2,4,1,1,0,0,True
-0.23880597014925373,-0.3988839986791576,0.0,0.0,0.0,0.059701492537313466,3,2,4,1,1,0,0,True
1.0298507462686568,0.7294279203764109,3.0,0.0,3.0,-0.11940298507462686,3,2,4,1,1,0,0,True
-0.5223880597014925,-2.3293586004854894,0.0,0.0,0.0,14.238805970149256,3,2,4,1,1,0,0,True
0.15522388059701492,0.172675330371259,1.0,0.0,1.0,-0.044776119402985065,3,2,4,1,1,0,0,True
0.2746268656716418,0.2810042110625349,0.0,0.0,0.0,-0.41044776119402987,3,2,4,1,1,0,0,True
-0.3880597014925373,-0.8660872352071461,0.0,0.0,0.0,0.8059701492537314,3,2,4,1,1,0,0,True
-0.3522388059701492,-0.7216045312327081,0.0,0.0,0.0,0.5149253731343284,2,2,2,1,1,0,0,True
0.05970149253731343,0.07166244090165488,0.0,0.0,0.0,-0.31343283582089554,3,2,4,1,1,0,0,True
1.044776119402985,0.7358967531689462,0.0,0.0,0.0,-0.5447761194029851,3,2,4,1,1,0,0,True
-0.16417910447761194,-0.2476647818280617,0.0,0.0,0.0,-0.08955223880597013,3,2,4,1,1,0,0,True
-0.24477611940298508,-0.4125594650631187,0.0,0.0,0.0,0.07462686567164187,3,2,0,1,1,0,0,True
-0.29850746268656714,-0.5497681586674964,0.0,0.0,0.0,0.246268656716418,3,2,4,1,1,0,0,True
-0.34328358208955223,-0.6897964460660189,0.0,0.0,0.0,0.4626865671641792,3,2,4,1,1,0,0,True
-0.2417910447761194,-0.4056875426353403,1.0,0.0,1.0,0.8208955223880597,3,2,4,1,1,0,0,True
0.23880597014925373,0.2502686759607068,0.0,0.0,0.0,-0.4029850746268657,3,2,4,1,1,0,0,True
5.576119402985075,1.6591959442321313,0.0,0.0,0.0,-0.6492537313432836,3,2,4,1,1,0,0,True
-0.29850746268656714,-0.5497681586674964,0.0,0.0,0.0,0.246268656716418,3,2,4,1,1,0,0,True
-0.14626865671641792,-0.2158566966613725,1.0,0.0,1.0,0.4552238805970149,3,2,4,1,1,0,0,True
-0.208955223880597,-0.33433132724875997,0.0,0.0,0.0,-0.007462686567164135,2,2,2,1,1,0,0,True
-0.26865671641791045,-0.47017251934501153,0.0,0.0,0.0,0.14179104477611945,3,2,4,1,1,0,0,True
5.576119402985075,1.6591959442321313,0.0,0.0,0.0,-0.6492537313432836,3,2,4,1,1,0,0,True
-0.16119402985074627,-0.24225961118079253,0.0,0.0,0.0,-0.09701492537313428,3,2,4,1,1,0,0,True
-0.3582089552238806,-0.7436629127483482,0.0,0.0,0.0,0.5597014925373135,3,2,4,1,1,0,0,True
0.08656716417910448,0.10161250719091619,0.0,0.0,0.0,-0.32835820895522394,2,2,2,1,1,0,0,True
-0.3194029850746269,-0.6115683082516594,1.0,0.0,1.0,1.3582089552238807,3,2,4,1,1,0,0,True
0.6567164179104478,0.5438991993234602,1.0,0.0,1.0,-0.31343283582089554,3,2,4,1,1,0,0,True
0.11641791044776119,0.13342059235760598,0.0,0.0,0.0,-0.3432835820895523,3,2,4,1,1,0,0,True
-0.13432835820895522,-0.19544471740075323,0.0,0.0,0.0,-0.1343283582089552,3,2,4,1,1,0,0,True
-0.208955223880597,-0.33433132724875997,0.0,0.0,0.0,-0.007462686567164135,3,2,4,1,1,0,0,True
-0.4417910447761194,-1.1637361954706649,0.0,0.0,0.0,1.6417910447761195,3,2,4,1,1,0,0,True
-0.07462686567164178,-0.10163337837805367,1.0,0.0,1.0,0.27611940298507465,3,2,4,1,1,0,0,True
2.1492537313432836,1.0974252192307379,0.0,0.0,0.0,-0.6044776119402986,3,2,4,1,1,0,0,True
0.21194029850746268,0.22627496757658466,3.0,0.0,3.0,0.5000000000000001,3,2,4,1,1,0,0,True
-0.07164179104477612,-0.09726435056605102,2.0,0.0,2.0,0.7462686567164178,3,2,4,1,1,0,0,True
1.7014925373134329,0.9729145179237406,3.0,0.0,3.0,-0.291044776119403,3,2,4,1,1,0,0,True
5.850746268656716,1.6892270470559219,0.0,0.0,0.0,-0.6492537313432836,3,2,4,1,1,0,0,True
0.05970149253731343,0.07166244090165488,3.0,0.0,3.0,0.8059701492537314,3,2,4,1,1,0,0,True
-0.16417910447761194,-0.2476647818280617,2.0,0.0,2.0,1.1044776119402986,3,2,4,1,1,0,0,True
-0.08955223880597014,-0.12390735205254981,581.0,0.0,581.0,288.8656716417911,3,2,4,1,1,0,0,True
0.3940298507462687,0.374494374577358,0.0,0.0,0.0,-0.4477611940298508,3,2,4,1,1,0,0,True
0.05970149253731343,0.07166244090165488,2.0,0.0,2.0,0.4328358208955224,3,2,4,1,1,0,0,True
-0.23582089552238805,-0.39214748580250003,2.0,0.0,2.0,1.529850746268657,3,2,4,1,1,0,0,True
0.6865671641791045,0.5607411967743158,0.0,0.0,0.0,-0.5074626865671643,3,2,4,1,1,0,0,True
-0.11641791044776119,-0.16592572217304097,2.0,0.0,2.0,0.9029850746268657,3,2,4,1,1,0,0,True
-0.22686567164179106,-0.37232724221373015,3.0,0.0,3.0,2.1865671641791047,3,2,4,1,1,0,0,True
0.05970149253731343,0.07166244090165488,110.0,0.0,110.0,40.7313432835821,3,2,4,1,1,0,0,True
1.7701492537313432,0.993540687968834,0.0,0.0,0.0,-0.5895522388059703,3,2,4,1,1,0,0,True
-0.3164179104477612,-0.6023903110370871,3.0,0.0,3.0,3.350746268656717,3,2,4,1,1,0,0,True
-0.31343283582089554,-0.5933338802778341,0.0,0.0,0.0,0.30597014925373134,3,2,4,1,1,0,0,True
0.5373134328358209,0.4720483221234283,5.0,0.0,5.0,0.5597014925373135,3,2,4,1,1,0,0,True
-0.3402985074626866,-0.6795142895058917,0.0,0.0,0.0,0.4477611940298508,2,2,2,1,1,0,0,True
2.038805970149254,1.0687538579481883,0.0,0.0,0.0,-0.5970149253731344,3,2,4,1,1,0,0,True
0.1791044776119403,0.19575770878184406,1.0,0.0,1.0,-0.0671641791044776,3,2,4,1,1,0,0,True
-0.34328358208955223,-0.6897964460660189,3.0,0.0,3.0,3.902985074626866,3,2,4,1,1,0,0,True
0.208955223880597,0.22355627402997036,0.0,0.0,0.0,-0.3880597014925373,3,2,4,1,1,0,0,True
0.9104477611940298,0.6753483211446959,4.0,0.0,4.0,0.082089552238806,3,2,4,1,1,0,0,True
0.11940298507462686,0.13652150708809657,2.0,0.0,2.0,0.3283582089552239,3,2,4,1,1,0,0,True
-0.029850746268656716,-0.03885991827203374,0.0,0.0,0.0,-0.24626865671641793,3,2,4,1,1,0,0,True
1.9402985074626866,1.0421265790211292,4.0,0.0,4.0,-0.23880597014925373,2,2,2,1,1,0,0,True
-0.26865671641791045,-0.47017251934501153,2.0,0.0,2.0,1.7985074626865676,3,2,4,1,1,0,0,True
11.125373134328358,2.100675789092639,0.0,0.0,0.0,-0.664179104477612,3,2,4,1,1,0,0,True
-0.2507462686567164,-0.4265140417790076,1.0,0.0,1.0,0.8656716417910448,3,2,4,1,1,0,0,True
0.05970149253731343,0.07166244090165488,0.0,0.0,0.0,-0.31343283582089554,3,2,4,1,1,0,0,True
0.7611940298507462,0.6011160013208424,1.0,0.0,1.0,-0.3432835820895523,3,2,4,1,1,0,0,True
0.8,0.6212050323832224,0.0,0.0,0.0,-0.5223880597014925,3,2,4,1,1,0,0,True
-0.23880597014925373,-0.3988839986791576,1.0,0.0,1.0,0.8059701492537314,3,2,4,1,1,0,0,True
-0.3880597014925373,-0.8660872352071461,0.0,0.0,0.0,0.8059701492537314,3,2,4,1,1,0,0,True
1.537313432835821,0.9209111937670993,3.0,0.0,3.0,-0.25373134328358216,3,2,4,1,1,0,0,True
0.7611940298507462,0.6011160013208424,1.0,0.0,1.0,-0.3432835820895523,3,2,4,1,1,0,0,True
-0.16417910447761194,-0.2476647818280617,0.0,0.0,0.0,-0.08955223880597013,3,2,4,1,1,0,0,True
0.9552238805970149,0.6961326121630278,0.0,0.0,0.0,-0.5373134328358209,3,2,4,1,1,0,0,True
-0.35522388059701493,-0.7325447730468565,0.0,0.0,0.0,0.5373134328358211,3,2,4,1,1,0,0,True
-0.05373134328358209,-0.07162070043853597,0.0,0.0,0.0,-0.2238805970149254,3,2,4,1,1,0,0,True
0.3940298507462687,0.374494374577358,0.0,0.0,0.0,-0.4477611940298508,3,2,4,1,1,0,0,True
0.21194029850746268,0.22627496757658466,3.0,0.0,3.0,0.5000000000000001,3,2,4,1,1,0,0,True
0.3880597014925373,0.37011134337533574,1.0,0.0,1.0,-0.20149253731343286,3,2,4,1,1,0,0,True
2.1104477611940298,1.087487920965179,0.0,0.0,0.0,-0.6044776119402986,3,2,4,1,1,0,0,True
-0.11940298507462686,-0.17075790148019387,0.0,0.0,0.0,-0.15671641791044774,3,2,4,1,1,0,0,True
0.7432835820895523,0.5916412465802654,0.0,0.0,0.0,-0.5149253731343284,3,2,4,1,1,0,0,True
14.388059701492537,2.2692969820543962,1.0,0.0,1.0,-0.6567164179104479,3,2,4,1,1,0,0,True
0.2,0.21533472576243623,0.0,0.0,0.0,-0.3880597014925373,3,2,4,1,1,0,0,True
-0.3880597014925373,-0.8660872352071461,0.0,0.0,0.0,0.8059701492537314,3,2,4,1,1,0,0,True
-0.31343283582089554,-0.5933338802778341,598.0,0.0,598.0,595.3358208955225,3,2,4,1,1,0,0,True
-0.11940298507462686,-0.17075790148019387,0.0,0.0,0.0,-0.15671641791044774,3,2,4,1,1,0,0,True
-0.1791044776119403,-0.27535077145874043,2.0,0.0,2.0,1.1791044776119406,3,2,4,1,1,0,0,True
0.9552238805970149,0.6961326121630278,4.0,0.0,4.0,0.059701492537313466,3,2,4,1,1,0,0,True
-0.2835820895522388,-0.5088127728462589,0.0,0.0,0.0,0.19402985074626866,3,2,4,1,1,0,0,True
0.3701492537313433,0.35679110667817615,5.0,0.0,5.0,0.7835820895522388,3,2,4,1,1,0,0,True
0.29850746268656714,0.3007528914583828,0.0,0.0,0.0,-0.41791044776119407,3,2,4,1,1,0,0,True
-0.029850746268656716,-0.03885991827203374,3.0,0.0,3.0,1.0671641791044777,3,2,4,1,1,0,0,True
-0.23880597014925373,-0.3988839986791576,593.0,0.0,593.0,442.59701492537323,3,2,4,1,1,0,0,True
3.044776119402985,1.2939382414050569,1.0,0.0,1.0,-0.5597014925373135,3,2,4,1,1,0,0,True
0.10149253731343283,0.11770149717561908,0.0,0.0,0.0,-0.3358208955223881,3,2,4,1,1,0,0,True
-0.14029850746268657,-0.20557454010124526,2.0,0.0,2.0,1.0,3,2,4,1,1,0,0,True
-0.1791044776119403,-0.27535077145874043,2.0,0.0,2.0,1.1791044776119406,3,2,4,1,1,0,0,True
1.3432835820895523,0.8538736954406182,0.0,0.0,0.0,-0.5671641791044777,3,2,4,1,1,0,0,True
2.8059701492537314,1.2468049935644088,0.0,0.0,0.0,-0.6194029850746269,3,2,4,1,1,0,0,True
-0.2835820895522388,-0.5088127728462589,0.0,0.0,0.0,0.19402985074626866,3,2,4,1,1,0,0,True
0.15223880597014924,0.16973446335955283,0.0,0.0,0.0,-0.3656716417910448,3,2,4,1,1,0,0,True
-0.31343283582089554,-0.5933338802778341,0.0,0.0,0.0,0.30597014925373134,3,2,4,1,1,0,0,True
0.19402985074626866,0.20979825400556557,112.0,0.0,112.0,33.73134328358209,3,2,4,1,1,0,0,True
0.0,0.0,0.0,0.0,0.0,-0.26865671641791045,3,2,4,1,1,0,0,True
2.453731343283582,1.1707544070368432,1.0,0.0,1.0,-0.5373134328358209,3,2,4,1,1,0,0,True
-0.08955223880597014,-0.12390735205254981,2.0,0.0,2.0,0.8059701492537314,3,2,4,1,1,0,0,True
-0.3283582089552239,-0.6398654715776874,0.0,0.0,0.0,0.3805970149253732,3,2,4,1,1,0,0,True
0.08656716417910448,0.10161250719091619,3.0,0.0,3.0,0.7388059701492538,3,2,4,1,1,0,0,True
0.7164179104477612,0.5771782990411991,0.0,0.0,0.0,-0.5074626865671643,3,2,4,1,1,0,0,True
0.417910447761194,0.39175082426452007,1.0,0.0,1.0,-0.2238805970149254,3,2,4,1,1,0,0,True
-0.28059701492537314,-0.5009080544468397,0.0,0.0,0.0,0.17910447761194026,3,2,4,1,1,0,0,True
1.1044776119402986,0.7611769163561694,1.0,0.0,1.0,-0.41791044776119407,3,2,4,1,1,0,0,True
0.31343283582089554,0.31281229622922413,0.0,0.0,0.0,-0.42537313432835827,3,2,4,1,1,0,0,True
-0.29850746268656714,-0.5497681586674964,0.0,0.0,0.0,0.246268656716418,3,2,4,1,1,0,0,True
9.91044776119403,2.025478894431379,0.0,0.0,0.0,-0.664179104477612,3,2,4,1,1,0,0,True
3.343283582089552,1.348623689821263,0.0,0.0,0.0,-0.6268656716417911,3,2,4,1,1,0,0,True
2.4477611940298507,1.169389635074459,3.0,0.0,3.0,-0.3880597014925373,2,2,2,1,1,0,0,True
-0.5074626865671642,-1.9149129258782112,1.0,0.0,1.0,14.238805970149256,3,2,4,1,1,0,0,True
-0.23880597014925373,-0.3988839986791576,0.0,0.0,0.0,0.059701492537313466,3,2,4,1,1,0,0,True
1.0626865671641792,0.7435794241770246,1.0,0.0,1.0,-0.41044776119402987,3,2,4,1,1,0,0,True
0.4208955223880597,0.3938775772268982,1.0,0.0,1.0,-0.2238805970149254,3,2,4,1,1,0,0,True
0.1701492537313433,0.18719287203983537,0.0,0.0,0.0,-0.373134328358209,3,2,4,1,1,0,0,True
-0.5074626865671642,-1.9149129258782112,7.0,0.0,7.0,59.01492537313434,3,2,4,1,1,0,0,True
1.6417910447761195,0.9544585924320841,0.0,0.0,0.0,-0.582089552238806,3,2,4,1,1,0,0,True
-0.31343283582089554,-0.5933338802778341,0.0,0.0,0.0,0.30597014925373134,3,2,4,1,1,0,0,True
-0.3194029850746269,-0.6115683082516594,0.0,0.0,0.0,0.33582089552238814,3,2,4,1,1,0,0,True
0.05970149253731343,0.07166244090165488,0.0,0.0,0.0,-0.31343283582089554,3,2,4,1,1,0,0,True
0.7611940298507462,0.6011160013208424,1.0,0.0,1.0,-0.3432835820895523,3,2,4,1,1,0,0,True
-0.16417910447761194,-0.2476647818280617,1.0,0.0,1.0,0.5074626865671643,3,2,4,1,1,0,0,True
-0.29850746268656714,-0.5497681586674964,0.0,0.0,0.0,0.246268656716418,3,2,4,1,1,0,0,True
11.683582089552239,2.1326349608966053,0.0,0.0,0.0,-0.6716417910447762,3,2,4,1,1,0,0,True
-0.14925373134328357,-0.22105634549214764,1.0,0.0,1.0,0.4626865671641792,3,2,4,1,1,0,0,True
-0.2835820895522388,-0.5088127728462589,0.0,0.0,0.0,0.19402985074626866,3,2,4,1,1,0,0,True
-0.31343283582089554,-0.5933338802778341,1.0,0.0,1.0,1.3059701492537317,3,2,4,1,1,0,0,True
0.8059701492537313,0.624243928612844,0.0,0.0,0.0,-0.5223880597014925,3,2,4,1,1,0,0,True
-0.05970149253731343,-0.08006217217774815,1.0,0.0,1.0,0.246268656716418,3,2,4,1,1,0,0,True
-0.5134328358208955,-2.052121619482589,0.0,0.0,0.0,8.64179104477612,3,2,4,1,1,0,0,True
-0.11940298507462686,-0.17075790148019387,0.0,0.0,0.0,-0.15671641791044774,3,2,4,1,1,0,0,True
0.7611940298507462,0.6011160013208424,1.0,0.0,1.0,-0.3432835820895523,3,2,4,1,1,0,0,True
1.164179104477612,0.7855556314595898,0.0,0.0,0.0,-0.5522388059701493,3,2,4,1,1,0,0,True
-0.029850746268656716,-0.03885991827203374,3.0,0.0,3.0,1.0671641791044777,3,2,4,1,1,0,0,True
0.21194029850746268,0.22627496757658466,3.0,0.0,3.0,0.5000000000000001,3,2,4,1,1,0,0,True
-0.16417910447761194,-0.2476647818280617,1.0,0.0,1.0,0.5074626865671643,3,2,4,1,1,0,0,True
0.7611940298507462,0.6011160013208424,1.0,0.0,1.0,-0.3432835820895523,3,2,4,1,1,0,0,True
-0.11940298507462686,-0.17075790148019387,0.0,0.0,0.0,-0.15671641791044774,3,2,4,1,1,0,0,True
0.3880597014925373,0.37011134337533574,0.0,0.0,0.0,-0.4477611940298508,3,2,4,1,1,0,0,True
0.7611940298507462,0.6011160013208424,1.0,0.0,1.0,-0.3432835820895523,3,2,4,1,1,0,0,True
0.208955223880597,0.22355627402997036,1.0,0.0,1.0,-0.08955223880597013,3,2,4,1,1,0,0,True
-0.23880597014925373,-0.3988839986791576,1.0,0.0,1.0,0.8059701492537314,3,2,4,1,1,0,0,True
-0.08955223880597014,-0.12390735205254981,2.0,0.0,2.0,0.8059701492537314,3,2,4,1,1,0,0,True
0.5164179104477612,0.45865977216604603,0.0,0.0,0.0,-0.47761194029850745,3,2,4,1,1,0,0,True
-0.22686567164179106,-0.37232724221373015,1.0,0.0,1.0,0.7462686567164178,3,2,4,1,1,0,0,True
0.5074626865671642,0.452840583627746,8.0,0.0,8.0,1.2313432835820897,3,2,4,1,1,0,0,True
-0.1791044776119403,-0.27535077145874043,0.0,0.0,0.0,-0.0671641791044776,3,2,4,1,1,0,0,True
-0.14328358208955225,-0.21069629083724542,2.0,0.0,2.0,1.0074626865671643,3,2,4,1,1,0,0,True
11.683582089552239,2.1326349608966053,0.0,0.0,0.0,-0.6716417910447762,3,2,4,1,1,0,0,True
0.0,0.0,1.0,0.0,1.0,0.14179104477611945,3,2,4,1,1,0,0,True
0.43582089552238806,0.4044132329190962,2.0,0.0,2.0,0.0,3,2,4,1,1,0,0,True
-0.3522388059701492,-0.7216045312327081,5.0,0.0,5.0,6.537313432835822,3,2,4,1,1,0,0,True
0.21194029850746268,0.22627496757658466,3.0,0.0,3.0,0.5000000000000001,3,2,4,1,1,0,0,True
0.3283582089552239,0.3246626886285389,1.0,0.0,1.0,-0.17164179104477614,3,2,4,1,1,0,0,True
1.9701492537313432,1.0503055105889099,1.0,0.0,1.0,-0.5074626865671643,3,2,4,1,1,0,0,True
0.9552238805970149,0.6961326121630278,2.0,0.0,2.0,-0.23880597014925373,3,2,4,1,1,0,0,True
0.7611940298507462,0.6011160013208424,2.0,0.0,2.0,-0.17164179104477614,3,2,4,1,1,0,0,True
-0.08955223880597014,-0.12390735205254981,1.0,0.0,1.0,0.30597014925373134,3,2,4,1,1,0,0,True
1.4328358208955223,0.8856325243650829,0.0,0.0,0.0,-0.5746268656716419,3,2,4,1,1,0,0,True
-0.208955223880597,-0.33433132724875997,5.0,0.0,5.0,3.3805970149253737,3,2,4,1,1,0,0,True
10.346268656716418,2.0534143904404343,1.0,0.0,1.0,-0.6492537313432836,3,2,4,1,1,0,0,True
0.6567164179104478,0.5438991993234602,4.0,0.0,4.0,0.246268656716418,3,2,4,1,1,0,0,True
0.11940298507462686,0.13652150708809657,0.0,0.0,0.0,-0.3507462686567165,3,2,4,1,1,0,0,True
0.208955223880597,0.22355627402997036,3.0,0.0,3.0,0.5074626865671643,3,2,4,1,1,0,0,True
-0.029850746268656716,-0.03885991827203374,0.0,0.0,0.0,-0.24626865671641793,3,2,4,1,1,0,0,True
0.6567164179104478,0.5438991993234602,2.0,0.0,2.0,-0.12686567164179108,3,2,4,1,1,0,0,True
0.4298507462686567,0.40021843125815587,0.0,0.0,0.0,-0.4552238805970149,3,2,4,1,1,0,0,True
0.9552238805970149,0.6961326121630278,0.0,0.0,0.0,-0.5373134328358209,3,2,4,1,1,0,0,True
-0.10746268656716418,-0.15163076542786183,2.0,0.0,2.0,0.8656716417910448,3,2,4,1,1,0,0,True
0.05970149253731343,0.07166244090165488,0.0,0.0,0.0,-0.31343283582089554,3,2,4,1,1,0,0,True
-0.11044776119402985,-0.15636262186400396,1.0,0.0,1.0,0.3582089552238807,3,2,4,1,1,0,0,True
-0.26865671641791045,-0.47017251934501153,0.0,0.0,0.0,0.14179104477611945,3,2,4,1,1,0,0,True
-0.29850746268656714,-0.5497681586674964,1.0,0.0,1.0,1.1791044776119406,3,2,4,1,1,0,0,True
-0.26865671641791045,-0.47017251934501153,0.0,0.0,0.0,0.14179104477611945,3,2,4,1,1,0,0,True
1.2955223880597015,0.8363125240274436,0.0,0.0,0.0,-0.5671641791044777,3,2,4,1,1,0,0,True
1.617910447761194,0.9469344391893906,1.0,0.0,1.0,-0.47761194029850745,3,2,4,1,1,0,0,True
0.7611940298507462,0.6011160013208424,1.0,0.0,1.0,-0.3432835820895523,3,2,4,1,1,0,0,True
-0.34328358208955223,-0.6897964460660189,0.0,0.0,0.0,0.4626865671641792,3,2,4,1,1,0,0,True
-0.23880597014925373,-0.3988839986791576,0.0,0.0,0.0,0.059701492537313466,3,2,4,1,1,0,0,True
1.8507462686567164,1.016985860000916,1.0,0.0,1.0,-0.5,3,2,4,1,1,0,0,True
0.11940298507462686,0.13652150708809657,580.0,0.0,580.0,196.3955223880597,3,2,4,1,1,0,0,True
0.7611940298507462,0.6011160013208424,1.0,0.0,1.0,-0.3432835820895523,3,2,4,1,1,0,0,True
15.343283582089553,2.3117054892603472,3.0,0.0,3.0,-0.6268656716417911,3,2,4,1,1,0,0,True
-0.44776119402985076,-1.2064845224515028,0.0,0.0,0.0,1.7985074626865676,3,2,0,1,1,0,0,True
1.164179104477612,0.7855556314595898,1.0,0.0,1.0,-0.42537313432835827,3,2,4,1,1,0,0,True
0.208955223880597,0.22355627402997036,0.0,0.0,0.0,-0.3880597014925373,3,2,4,1,1,0,0,True
-0.2835820895522388,-0.5088127728462589,1.0,0.0,1.0,1.0671641791044777,3,2,4,1,1,0,0,True
-0.050746268656716415,-0.06743872699733396,0.0,0.0,0.0,-0.23134328358208953,3,2,4,1,1,0,0,True
0.7313432835820896,0.5852510082345055,199.0,0.0,199.0,34.43283582089553,3,2,4,1,1,0,0,True
0.11940298507462686,0.13652150708809657,3.0,0.0,3.0,0.6716417910447763,3,2,4,1,1,0,0,True
0.6955223880597015,0.5657139497921092,0.0,0.0,0.0,-0.5074626865671643,3,2,4,1,1,0,0,True
5.88955223880597,1.6933661781313323,0.0,0.0,0.0,-0.6492537313432836,3,2,4,1,1,0,0,True
-0.23880597014925373,-0.3988839986791576,0.0,0.0,0.0,0.059701492537313466,3,2,4,1,1,0,0,True
-0.208955223880597,-0.33433132724875997,1.0,0.0,1.0,0.6716417910447763,3,2,0,1,1,0,0,True
-0.31343283582089554,-0.5933338802778341,0.0,0.0,0.0,0.30597014925373134,3,2,4,1,1,0,0,True
0.7611940298507462,0.6011160013208424,1.0,0.0,1.0,-0.3432835820895523,3,2,4,1,1,0,0,True
0.8537313432835821,0.6480807835014634,0.0,0.0,0.0,-0.5298507462686568,3,2,4,1,1,0,0,True
0.9552238805970149,0.6961326121630278,0.0,0.0,0.0,-0.5373134328358209,3,2,4,1,1,0,0,True
0.3940298507462687,0.374494374577358,0.0,0.0,0.0,-0.4477611940298508,3,2,4,1,1,0,0,True
3.9402985074626864,1.446398889005763,2.0,0.0,2.0,-0.5373134328358209,3,2,4,1,1,0,0,True
0.3611940298507463,0.3500323973520965,0.0,0.0,0.0,-0.4402985074626866,3,2,4,1,1,0,0,True
-0.20298507462686566,-0.32212117195578693,1.0,0.0,1.0,0.6492537313432836,3,2,4,1,1,0,0,True
-0.2716417910447761,-0.47772785065141865,0.0,0.0,0.0,0.1492537313432836,3,2,4,1,1,0,0,True
-0.2537313432835821,-0.4335996028669041,2.0,0.0,2.0,1.6716417910447765,3,2,4,1,1,0,0,True
-0.31343283582089554,-0.5933338802778341,0.0,0.0,0.0,0.30597014925373134,3,2,4,1,1,0,0,True
0.0,0.0,0.0,0.0,0.0,-0.26865671641791045,3,2,4,1,1,0,0,True
29.313432835820894,2.743168366661091,0.0,0.0,0.0,-0.6791044776119404,3,2,4,1,1,0,0,True
-0.01791044776119403,-0.023049953194751675,1.0,0.0,1.0,0.17164179104477614,3,2,4,1,1,0,0,True
-0.06567164179104477,-0.08860916504470517,0.0,0.0,0.0,-0.2164179104477612,3,2,4,1,1,0,0,True
0.5074626865671642,0.452840583627746,3.0,0.0,3.0,0.164179104477612,3,2,4,1,1,0,0,True
-0.23880597014925373,-0.3988839986791576,1.0,0.0,1.0,0.8059701492537314,3,2,4,1,1,0,0,True
0.08656716417910448,0.10161250719091619,0.0,0.0,0.0,-0.32835820895522394,3,2,4,1,1,0,0,True
-0.13432835820895522,-0.19544471740075323,2.0,0.0,2.0,0.9701492537313434,3,2,4,1,1,0,0,True
0.08358208955223881,0.09834877533234392,3.0,0.0,3.0,0.7462686567164178,3,2,4,1,1,0,0,True
-0.3492537313432836,-0.7108365838698042,1.0,0.0,1.0,1.6791044776119404,3,2,4,1,1,0,0,True
3.9402985074626864,1.446398889005763,0.0,0.0,0.0,-0.6343283582089553,3,2,4,1,1,0,0,True
2.4477611940298507,1.169389635074459,0.0,0.0,0.0,-0.6119402985074627,3,2,4,1,1,0,0,True
-0.23880597014925373,-0.3988839986791576,1.0,0.0,1.0,0.8059701492537314,3,2,4,1,1,0,0,True
0.5074626865671642,0.452840583627746,0.0,0.0,0.0,-0.4701492537313433,3,2,4,1,1,0,0,True
0.16417910447761194,0.1814227911631465,0.0,0.0,0.0,-0.3656716417910448,3,2,4,1,1,0,0,True
0.7611940298507462,0.6011160013208424,1.0,0.0,1.0,-0.3432835820895523,3,2,4,1,1,0,0,True
0.417910447761194,0.39175082426452007,2.0,0.0,2.0,0.0149253731343284,3,2,4,1,1,0,0,True
-0.1791044776119403,-0.27535077145874043,0.0,0.0,0.0,-0.0671641791044776,3,2,4,1,1,0,0,True
-0.08955223880597014,-0.12390735205254981,0.0,0.0,0.0,-0.18656716417910446,3,2,4,1,1,0,0,True
0.7611940298507462,0.6011160013208424,1.0,0.0,1.0,-0.3432835820895523,3,2,4,1,1,0,0,True
0.6567164179104478,0.5438991993234602,2.0,0.0,2.0,-0.12686567164179108,3,2,4,1,1,0,0,True
0.05970149253731343,0.07166244090165488,0.0,0.0,0.0,-0.31343283582089554,3,2,4,1,1,0,0,True
-0.34328358208955223,-0.6897964460660189,0.0,0.0,0.0,0.4626865671641792,3,2,4,1,1,0,0,True
-0.1791044776119403,-0.27535077145874043,2.0,0.0,2.0,1.1791044776119406,3,2,4,1,1,0,0,True
-0.07164179104477612,-0.09726435056605102,0.0,0.0,0.0,-0.208955223880597,3,2,4,1,1,0,0,True
-0.208955223880597,-0.33433132724875997,0.0,0.0,0.0,-0.007462686567164135,3,2,4,1,1,0,0,True
-0.29850746268656714,-0.5497681586674964,0.0,0.0,0.0,0.246268656716418,3,2,4,1,1,0,0,True
0.3582089552238806,0.34776456599897604,2.0,0.0,2.0,0.059701492537313466,3,2,4,1,1,0,0,True
-0.1791044776119403,-0.27535077145874043,0.0,0.0,0.0,-0.0671641791044776,3,2,4,1,1,0,0,True
-0.29850746268656714,-0.5497681586674964,0.0,0.0,0.0,0.246268656716418,3,2,4,1,1,0,0,True
0.7611940298507462,0.6011160013208424,1.0,0.0,1.0,-0.3432835820895523,3,2,4,1,1,0,0,True
0.826865671641791,0.6347749479695843,10.0,0.0,10.0,1.111940298507463,3,2,4,1,1,0,0,True
-0.26865671641791045,-0.47017251934501153,2.0,0.0,2.0,1.7985074626865676,3,2,4,1,1,0,0,True
-0.29850746268656714,-0.5497681586674964,0.0,0.0,0.0,0.246268656716418,3,2,4,1,1,0,0,True
-0.1791044776119403,-0.27535077145874043,0.0,0.0,0.0,-0.0671641791044776,3,2,4,1,1,0,0,True
3.1432835820895524,1.312472244622961,0.0,0.0,0.0,-0.6268656716417911,3,2,4,1,1,0,0,True
-0.14925373134328357,-0.22105634549214764,0.0,0.0,0.0,-0.11194029850746266,3,2,4,1,1,0,0,True
-0.18507462686567164,-0.28674687736481097,0.0,0.0,0.0,-0.0522388059701492,3,2,4,1,1,0,0,True
0.9552238805970149,0.6961326121630278,0.0,0.0,0.0,-0.5373134328358209,3,2,4,1,1,0,0,True
-0.23880597014925373,-0.3988839986791576,2.0,0.0,2.0,1.5522388059701493,3,2,4,1,1,0,0,True
-0.11940298507462686,-0.17075790148019387,3.0,0.0,3.0,1.447761194029851,3,2,4,1,1,0,0,True
0.07164179104477612,0.08513579361989772,4.0,0.0,4.0,1.1417910447761197,3,2,4,1,1,0,0,True
-0.5104477611940299,-1.980081311466511,0.0,0.0,0.0,7.6044776119402995,3,2,4,1,1,0,0,True
0.7611940298507462,0.6011160013208424,1.0,0.0,1.0,-0.3432835820895523,3,2,4,1,1,0,0,True
-0.04477611940298507,-0.05915074035573484,3.0,0.0,3.0,1.119402985074627,3,2,4,1,1,0,0,True
0.08955223880597014,0.10486073432661948,2.0,0.0,2.0,0.3805970149253732,3,2,4,1,1,0,0,True
-0.08955223880597014,-0.12390735205254981,1.0,0.0,1.0,0.30597014925373134,3,2,4,1,1,0,0,True
-0.23880597014925373,-0.3988839986791576,1.0,0.0,1.0,0.8059701492537314,3,2,0,1,1,0,0,True
4.388059701492537,1.5115258615219969,552.0,0.0,552.0,24.328358208955226,3,2,4,1,1,0,0,True
-0.04776119402985075,-0.06328217604414084,0.0,0.0,0.0,-0.23134328358208953,3,2,4,1,1,0,0,True
19.370149253731345,2.466204803846837,0.0,0.0,0.0,-0.6791044776119404,3,2,4,1,1,0,0,True
-0.14029850746268657,-0.20557454010124526,0.0,0.0,0.0,-0.12686567164179108,3,2,4,1,1,0,0,True
2.707462686567164,1.2263745308131853,1.0,0.0,1.0,-0.5522388059701493,3,2,4,1,1,0,0,True
-0.23880597014925373,-0.3988839986791576,0.0,0.0,0.0,0.059701492537313466,3,2,4,1,1,0,0,True
0.14925373134328357,0.1667808927792161,3.0,0.0,3.0,0.6119402985074627,3,2,4,1,1,0,0,True
0.05970149253731343,0.07166244090165488,5.0,0.0,5.0,1.5522388059701493,3,2,4,1,1,0,0,True
10.498507462686566,2.0629097852005174,0.0,0.0,0.0,-0.664179104477612,3,2,4,1,1,0,0,True
0.0,0.0,2.0,0.0,2.0,0.5597014925373135,3,2,4,1,1,0,0,True
-0.3283582089552239,-0.6398654715776874,0.0,0.0,0.0,0.3805970149253732,3,2,4,1,1,0,0,True
0.7611940298507462,0.6011160013208424,1.0,0.0,1.0,-0.3432835820895523,3,2,4,1,1,0,0,True
0.7611940298507462,0.6011160013208424,1.0,0.0,1.0,-0.3432835820895523,3,2,4,1,1,0,0,True
0.09850746268656717,0.11451384326161995,3.0,0.0,3.0,0.7164179104477614,3,2,4,1,1,0,0,True
0.7611940298507462,0.6011160013208424,1.0,0.0,1.0,-0.3432835820895523,3,2,4,1,1,0,0,True
-0.1791044776119403,-0.27535077145874043,0.0,0.0,0.0,-0.0671641791044776,2,2,2,1,1,0,0,True
0.08656716417910448,0.10161250719091619,3.0,0.0,3.0,0.7388059701492538,3,2,4,1,1,0,0,True
-0.34626865671641793,-0.7002355881683685,0.0,0.0,0.0,0.47761194029850745,3,2,4,1,1,0,0,True
-0.3194029850746269,-0.6115683082516594,0.0,0.0,0.0,0.33582089552238814,3,2,4,1,1,0,0,True
-0.14925373134328357,-0.22105634549214764,2.0,0.0,2.0,1.037313432835821,3,2,4,1,1,0,0,True
0.208955223880597,0.22355627402997036,0.0,0.0,0.0,-0.3880597014925373,3,2,4,1,1,0,0,True
2.298507462686567,1.1343537680229772,0.0,0.0,0.0,-0.6044776119402986,3,2,4,1,1,0,0,True
-0.22686567164179106,-0.37232724221373015,1.0,0.0,1.0,0.7462686567164178,3,2,4,1,1,0,0,True
0.8059701492537313,0.624243928612844,0.0,0.0,0.0,-0.5223880597014925,3,2,4,1,1,0,0,True
0.05970149253731343,0.07166244090165488,1.0,0.0,1.0,0.059701492537313466,3,2,0,1,1,0,0,True
0.05970149253731343,0.07166244090165488,0.0,0.0,0.0,-0.31343283582089554,3,2,4,1,1,0,0,True
-0.2716417910447761,-0.47772785065141865,0.0,0.0,0.0,0.1492537313432836,3,2,4,1,1,0,0,True
29.313432835820894,2.743168366661091,0.0,0.0,0.0,-0.6791044776119404,3,2,4,1,1,0,0,True
0.07164179104477612,0.08513579361989772,4.0,0.0,4.0,1.1417910447761197,3,2,4,1,1,0,0,True
0.9552238805970149,0.6961326121630278,0.0,0.0,0.0,-0.5373134328358209,3,2,4,1,1,0,0,True
1.5582089552238807,0.9277536435542492,0.0,0.0,0.0,-0.582089552238806,3,2,4,1,1,0,0,True
-0.26865671641791045,-0.47017251934501153,0.0,0.0,0.0,0.14179104477611945,3,2,4,1,1,0,0,True
-0.22686567164179106,-0.37232724221373015,3.0,0.0,3.0,2.1865671641791047,3,2,4,1,1,0,0,True
0.5074626865671642,0.452840583627746,3.0,0.0,3.0,0.164179104477612,3,2,4,1,1,0,0,True
-0.12238805970149254,-0.17562447381198396,0.0,0.0,0.0,-0.1492537313432836,3,2,4,1,1,0,0,True
1.155223880597015,0.7819537766362518,0.0,0.0,0.0,-0.5522388059701493,3,2,4,1,1,0,0,True
0.835820895522388,0.6392390586656032,1.0,0.0,1.0,-0.3656716417910448,3,2,4,1,1,0,0,True
1.653731343283582,0.9581898460361511,5.0,0.0,5.0,-0.07462686567164173,3,2,4,1,1,0,0,True
0.7611940298507462,0.6011160013208424,1.0,0.0,1.0,-0.3432835820895523,3,2,4,1,1,0,0,True
1.8507462686567164,1.016985860000916,0.0,0.0,0.0,-0.5970149253731344,3,2,4,1,1,0,0,True
-0.41194029850746267,-0.9827525222509049,0.0,0.0,0.0,1.0895522388059704,3,2,4,1,1,0,0,True
-0.16417910447761194,-0.2476647818280617,0.0,0.0,0.0,-0.08955223880597013,3,2,4,1,1,0,0,True
-0.3522388059701492,-0.7216045312327081,0.0,0.0,0.0,0.5149253731343284,3,2,4,1,1,0,0,True
-0.208955223880597,-0.33433132724875997,0.0,0.0,0.0,-0.007462686567164135,3,2,4,1,1,0,0,True
2.4477611940298507,1.169389635074459,0.0,0.0,0.0,-0.6119402985074627,3,2,4,1,1,0,0,True
2.746268656716418,1.2344959208011164,0.0,0.0,0.0,-0.6194029850746269,3,2,4,1,1,0,0,True
4.552238805970149,1.5339325605388694,0.0,0.0,0.0,-0.6417910447761195,3,2,4,1,1,0,0,True
-0.029850746268656716,-0.03885991827203374,3.0,0.0,3.0,1.0671641791044777,3,2,4,1,1,0,0,True
0.6567164179104478,0.5438991993234602,1.0,0.0,1.0,-0.31343283582089554,3,2,4,1,1,0,0,True
-0.34626865671641793,-0.7002355881683685,0.0,0.0,0.0,0.47761194029850745,3,2,4,1,1,0,0,True
4.0,1.455449325922989,0.0,0.0,0.0,-0.6343283582089553,3,2,4,1,1,0,0,True
-0.08955223880597014,-0.12390735205254981,1.0,0.0,1.0,0.30597014925373134,3,2,4,1,1,0,0,True
0.9552238805970149,0.6961326121630278,0.0,0.0,0.0,-0.5373134328358209,3,2,4,1,1,0,0,True
1.2537313432835822,0.8205675727874405,0.0,0.0,0.0,-0.5597014925373135,3,2,4,1,1,0,0,True
-0.43283582089552236,-1.1042421206732966,0.0,0.0,0.0,1.447761194029851,3,2,4,1,1,0,0,True
1.5522388059701493,0.9258056350396148,4.0,0.0,4.0,-0.15671641791044774,3,2,4,1,1,0,0,True
-0.23880597014925373,-0.3988839986791576,0.0,0.0,0.0,0.059701492537313466,3,2,4,1,1,0,0,True
-0.08955223880597014,-0.12390735205254981,567.0,0.0,567.0,281.90298507462694,3,2,4,1,1,0,0,True
-0.1701492537313433,-0.2586050236422101,2.0,0.0,2.0,1.1343283582089554,3,2,4,1,1,0,0,True
-0.46865671641791046,-1.3814791016761965,0.0,0.0,0.0,2.5597014925373136,2,2,2,1,1,0,0,True
0.3761194029850746,0.3612600802744807,2.0,0.0,2.0,0.044776119402985065,3,2,4,1,1,0,0,True
0.7044776119402985,0.5706507981428875,0.0,0.0,0.0,-0.5074626865671643,2,2,2,1,1,0,0,True
-0.29850746268656714,-0.5497681586674964,0.0,0.0,0.0,0.246268656716418,3,2,4,1,1,0,0,True
1.0686567164179104,0.7461212506215515,0.0,0.0,0.0,-0.5447761194029851,3,2,4,1,1,0,0,True
0.6567164179104478,0.5438991993234602,4.0,0.0,4.0,0.246268656716418,3,2,4,1,1,0,0,True
-0.23880597014925373,-0.3988839986791576,1.0,0.0,1.0,0.8059701492537314,3,2,4,1,1,0,0,True
0.05970149253731343,0.07166244090165488,5.0,0.0,5.0,1.5522388059701493,3,2,4,1,1,0,0,True
3.9402985074626864,1.446398889005763,2.0,0.0,2.0,-0.5373134328358209,3,2,4,1,1,0,0,True
0.5044776119402985,0.45088979620989406,0.0,0.0,0.0,-0.4701492537313433,3,2,4,1,1,0,0,True
-0.208955223880597,-0.33433132724875997,1.0,0.0,1.0,0.6716417910447763,3,2,4,1,1,0,0,True
-0.029850746268656716,-0.03885991827203374,2.0,0.0,2.0,0.6268656716417912,3,2,4,1,1,0,0,True
0.34626865671641793,0.33861726534442776,0.0,0.0,0.0,-0.4328358208955224,3,2,4,1,1,0,0,True
-0.05970149253731343,-0.08006217217774815,0.0,0.0,0.0,-0.2238805970149254,3,2,4,1,1,0,0,True
-0.05970149253731343,-0.08006217217774815,2.0,0.0,2.0,0.7164179104477614,3,2,4,1,1,0,0,True
-0.208955223880597,-0.33433132724875997,1.0,0.0,1.0,0.6716417910447763,3,2,4,1,1,0,0,True
2.4477611940298507,1.169389635074459,1.0,0.0,1.0,-0.5373134328358209,3,2,4,1,1,0,0,True
0.8716417910447761,0.6568096321685654,3.0,0.0,3.0,-0.0522388059701492,2,2,2,1,1,0,0,True
-0.34328358208955223,-0.6897964460660189,0.0,0.0,0.0,0.4626865671641792,3,2,4,1,1,0,0,True
-0.5074626865671642,-1.9149129258782112,0.0,0.0,0.0,6.776119402985076,3,2,4,1,1,0,0,True
-0.208955223880597,-0.33433132724875997,1.0,0.0,1.0,0.6716417910447763,3,2,4,1,1,0,0,True
0.05970149253731343,0.07166244090165488,0.0,0.0,0.0,-0.31343283582089554,3,2,4,1,1,0,0,True
-0.16417910447761194,-0.2476647818280617,1.0,0.0,1.0,0.5074626865671643,3,2,4,1,1,0,0,True
24.925373134328357,2.6344667335937766,0.0,0.0,0.0,-0.6791044776119404,3,2,4,1,1,0,0,True
1.2537313432835822,0.8205675727874405,0.0,0.0,0.0,-0.5597014925373135,3,2,4,1,1,0,0,True
0.5970149253731343,0.508917119226754,5.0,0.0,5.0,0.492537313432836,3,2,4,1,1,0,0,True
-0.31343283582089554,-0.5933338802778341,0.0,0.0,0.0,0.30597014925373134,3,2,4,1,1,0,0,True
0.9701492537313433,0.7029226433964875,0.0,0.0,0.0,-0.5373134328358209,3,2,4,1,1,0,0,True
0.7611940298507462,0.6011160013208424,2.0,0.0,2.0,-0.17164179104477614,3,2,4,1,1,0,0,True
1.1940298507462686,0.7974265984894995,0.0,0.0,0.0,-0.5597014925373135,3,2,1,1,1,0,0,True
0.08656716417910448,0.10161250719091619,3.0,0.0,3.0,0.7388059701492538,3,2,4,1,1,0,0,True
-0.23880597014925373,-0.3988839986791576,0.0,0.0,0.0,0.059701492537313466,3,2,4,1,1,0,0,True
-0.3074626865671642,-0.5755731277827,0.0,0.0,0.0,0.2835820895522388,3,2,4,1,1,0,0,True
-0.4626865671641791,-1.3267498581902462,1.0,0.0,1.0,5.283582089552239,3,2,4,1,1,0,0,True
-0.408955223880597,-0.9670334270689187,0.0,0.0,0.0,1.0522388059701495,3,2,4,1,1,0,0,True
21.850746268656717,2.546488387284832,0.0,0.0,0.0,-0.6791044776119404,3,2,4,1,1,0,0,True
-0.34328358208955223,-0.6897964460660189,0.0,0.0,0.0,0.4626865671641792,3,2,4,1,1,0,0,True
1.6119402985074627,0.9450403921994495,0.0,0.0,0.0,-0.582089552238806,3,2,4,1,1,0,0,True
0.208955223880597,0.22355627402997036,1.0,0.0,1.0,-0.08955223880597013,3,2,4,1,1,0,0,True
-0.1791044776119403,-0.27535077145874043,0.0,0.0,0.0,-0.0671641791044776,3,2,4,1,1,0,0,True
-0.32238805970149254,-0.6208711800033612,0.0,0.0,0.0,0.3507462686567164,3,2,4,1,1,0,0,True
-0.1791044776119403,-0.27535077145874043,3.0,0.0,3.0,1.7985074626865676,3,2,4,1,1,0,0,True
2.0,1.0583877622137465,0.0,0.0,0.0,-0.5970149253731344,3,2,4,1,1,0,0,True
0.8059701492537313,0.624243928612844,0.0,0.0,0.0,-0.5223880597014925,3,2,4,1,1,0,0,True
-0.2656716417910448,-0.46269976161833676,0.0,0.0,0.0,0.1343283582089552,3,2,4,1,1,0,0,True
-0.3283582089552239,-0.6398654715776874,3.0,0.0,3.0,3.574626865671642,3,2,4,1,1,0,0,True
-0.3582089552238806,-0.7436629127483482,0.0,0.0,0.0,0.5597014925373135,2,2,2,1,1,0,0,True
0.05970149253731343,0.07166244090165488,5.0,0.0,5.0,1.5522388059701493,3,2,4,1,1,0,0,True
-0.26865671641791045,-0.47017251934501153,0.0,0.0,0.0,0.14179104477611945,3,2,4,1,1,0,0,True
-0.3283582089552239,-0.6398654715776874,0.0,0.0,0.0,0.3805970149253732,3,2,4,1,1,0,0,True
-0.14925373134328357,-0.22105634549214764,0.0,0.0,0.0,-0.11194029850746266,3,2,4,1,1,0,0,True
0.7611940298507462,0.6011160013208424,2.0,0.0,2.0,-0.17164179104477614,3,2,4,1,1,0,0,True
-0.14925373134328357,-0.22105634549214764,0.0,0.0,0.0,-0.11194029850746266,3,2,4,1,1,0,0,True
0.17313432835820897,0.19005975475620213,1.0,0.0,1.0,-0.059701492537313466,3,2,4,1,1,0,0,True
-0.05970149253731343,-0.08006217217774815,2.0,0.0,2.0,0.7164179104477614,3,2,4,1,1,0,0,True
0.0,0.0,2.0,0.0,2.0,0.5597014925373135,3,2,4,1,1,0,0,True
0.9044776119402985,0.6725287273505522,0.0,0.0,0.0,-0.5298507462686568,3,2,4,1,1,0,0,True
0.3582089552238806,0.34776456599897604,0.0,0.0,0.0,-0.4402985074626866,3,2,4,1,1,0,0,True
-0.06567164179104477,-0.08860916504470517,0.0,0.0,0.0,-0.2164179104477612,3,2,4,1,1,0,0,True
-0.05970149253731343,-0.08006217217774815,0.0,0.0,0.0,-0.2238805970149254,3,2,4,1,1,0,0,True
2.1492537313432836,1.0974252192307379,0.0,0.0,0.0,-0.6044776119402986,3,2,4,1,1,0,0,True
1.373134328358209,0.8646247113704821,0.0,0.0,0.0,-0.5671641791044777,3,2,4,1,1,0,0,True
-0.26865671641791045,-0.47017251934501153,0.0,0.0,0.0,0.14179104477611945,3,2,4,1,1,0,0,True
0.23880597014925373,0.2502686759607068,605.0,0.0,605.0,173.25373134328362,3,2,4,1,1,0,0,True
0.04776119402985075,0.05791824896470154,3.0,0.0,3.0,0.8358208955223883,3,2,4,1,1,0,0,True
0.7164179104477612,0.5771782990411991,0.0,0.0,0.0,-0.5074626865671643,3,2,4,1,1,0,0,True
-0.11641791044776119,-0.16592572217304097,1.0,0.0,1.0,0.3731343283582091,3,2,4,1,1,0,0,True
0.5074626865671642,0.452840583627746,4.0,0.0,4.0,0.3805970149253732,3,2,4,1,1,0,0,True
-0.08955223880597014,-0.12390735205254981,0.0,0.0,0.0,-0.18656716417910446,3,2,4,1,1,0,0,True
2.298507462686567,1.1343537680229772,0.0,0.0,0.0,-0.6044776119402986,3,2,4,1,1,0,0,True
1.4029850746268657,0.8752092962059244,0.0,0.0,0.0,-0.5746268656716419,3,2,4,1,1,0,0,True
0.0,0.0,0.0,0.0,0.0,-0.26865671641791045,3,2,4,1,1,0,0,True
-0.208955223880597,-0.33433132724875997,0.0,0.0,0.0,-0.007462686567164135,3,2,4,1,1,0,0,True
6.7164179104477615,1.7760836615075672,0.0,0.0,0.0,-0.6567164179104479,3,2,4,1,1,0,0,True
-0.23880597014925373,-0.3988839986791576,1.0,0.0,1.0,0.8059701492537314,3,2,4,1,1,0,0,True
0.7611940298507462,0.6011160013208424,1.0,0.0,1.0,-0.3432835820895523,3,2,4,1,1,0,0,True
-0.08955223880597014,-0.12390735205254981,0.0,0.0,0.0,-0.18656716417910446,3,2,4,1,1,0,0,True
-0.2835820895522388,-0.5088127728462589,0.0,0.0,0.0,0.19402985074626866,3,2,4,1,1,0,0,True
-0.11940298507462686,-0.17075790148019387,0.0,0.0,0.0,-0.15671641791044774,3,2,4,1,1,0,0,True
-0.15522388059701492,-0.2315757918433588,0.0,0.0,0.0,-0.10447761194029853,3,2,4,1,1,0,0,True
1.0865671641791044,0.7536905219380741,0.0,0.0,0.0,-0.5522388059701493,3,2,4,1,1,0,0,True
1.2537313432835822,0.8205675727874405,0.0,0.0,0.0,-0.5597014925373135,3,2,4,1,1,0,0,True
-0.208955223880597,-0.33433132724875997,2.0,0.0,2.0,1.3507462686567167,3,2,4,1,1,0,0,True
-0.06567164179104477,-0.08860916504470517,0.0,0.0,0.0,-0.2164179104477612,3,2,0,1,1,0,0,True
0.826865671641791,0.6347749479695843,0.0,0.0,0.0,-0.5223880597014925,3,2,4,1,1,0,0,True
-0.1791044776119403,-0.27535077145874043,2.0,0.0,2.0,1.1791044776119406,3,2,4,1,1,0,0,True
0.08656716417910448,0.10161250719091619,3.0,0.0,3.0,0.7388059701492538,3,2,4,1,1,0,0,True
0.29850746268656714,0.3007528914583828,0.0,0.0,0.0,-0.41791044776119407,3,2,4,1,1,0,0,True
0.0,0.0,4.0,0.0,4.0,1.3880597014925373,3,2,4,1,1,0,0,True
0.07164179104477612,0.08513579361989772,4.0,0.0,4.0,1.1417910447761197,3,2,4,1,1,0,0,True
0.12835820895522387,0.14574075497543074,0.0,0.0,0.0,-0.3507462686567165,3,2,4,1,1,0,0,True
-0.07761194029850746,-0.10603050302497845,0.0,0.0,0.0,-0.20149253731343286,3,2,4,1,1,0,0,True
0.47761194029850745,0.43307763196796784,0.0,0.0,0.0,-0.4701492537313433,3,2,4,1,1,0,0,True
-0.1791044776119403,-0.27535077145874043,1.0,0.0,1.0,0.5597014925373135,3,2,4,1,1,0,0,True
-0.23880597014925373,-0.3988839986791576,0.0,0.0,0.0,0.059701492537313466,3,2,4,1,1,0,0,True
-0.3283582089552239,-0.6398654715776874,0.0,0.0,0.0,0.3805970149253732,2,2,2,1,1,0,0,True
-0.14925373134328357,-0.22105634549214764,0.0,0.0,0.0,-0.11194029850746266,3,2,4,1,1,0,0,True
7.82089552238806,1.8729531974441553,1.0,0.0,1.0,-0.6343283582089553,3,2,4,1,1,0,0,True
6.029850746268656,1.7081250862684916,0.0,0.0,0.0,-0.6492537313432836,3,2,4,1,1,0,0,True
-0.5074626865671642,-1.9149129258782112,0.0,0.0,0.0,6.776119402985076,3,2,4,1,1,0,0,True
0.9552238805970149,0.6961326121630278,0.0,0.0,0.0,-0.5373134328358209,3,2,4,1,1,0,0,True
-0.16417910447761194,-0.2476647818280617,0.0,0.0,0.0,-0.08955223880597013,3,2,4,1,1,0,0,True
-0.373134328358209,-0.8021387438338614,0.0,0.0,0.0,0.6716417910447763,3,2,4,1,1,0,0,True
-0.04776119402985075,-0.06328217604414084,2.0,0.0,2.0,0.6791044776119404,3,2,4,1,1,0,0,True
0.3880597014925373,0.37011134337533574,0.0,0.0,0.0,-0.4477611940298508,3,2,4,1,1,0,0,True
-0.19402985074626866,-0.3042052860450935,1.0,0.0,1.0,0.6119402985074627,3,2,4,1,1,0,0,True
3.9402985074626864,1.446398889005763,1.0,0.0,1.0,-0.5895522388059703,3,2,4,1,1,0,0,True
0.8059701492537313,0.624243928612844,2.0,0.0,2.0,-0.18656716417910446,3,2,4,1,1,0,0,True
7.7611940298507465,1.868053495172207,0.0,0.0,0.0,-0.6567164179104479,3,2,4,1,1,0,0,True
-0.29850746268656714,-0.5497681586674964,3.0,0.0,3.0,3.0447761194029854,3,2,4,1,1,0,0,True
-0.1791044776119403,-0.27535077145874043,1.0,0.0,1.0,0.5597014925373135,3,2,4,1,1,0,0,True
0.7611940298507462,0.6011160013208424,1.0,0.0,1.0,-0.3432835820895523,3,2,4,1,1,0,0,True
-0.417910447761194,-1.0153182258066267,0.0,0.0,0.0,1.1791044776119406,3,2,4,1,1,0,0,True
1.8507462686567164,1.016985860000916,0.0,0.0,0.0,-0.5970149253731344,3,2,4,1,1,0,0,True
0.07164179104477612,0.08513579361989772,4.0,0.0,4.0,1.1417910447761197,3,2,4,1,1,0,0,True
29.313432835820894,2.743168366661091,0.0,0.0,0.0,-0.6791044776119404,3,2,4,1,1,0,0,True
-0.1791044776119403,-0.27535077145874043,0.0,0.0,0.0,-0.0671641791044776,3,2,4,1,1,0,0,True
-0.3283582089552239,-0.6398654715776874,1.0,0.0,1.0,1.447761194029851,3,2,4,1,1,0,0,True
2.328358208955224,1.141506035394676,0.0,0.0,0.0,-0.6119402985074627,3,2,4,1,1,0,0,True
0.3641791044776119,0.3522927317283883,0.0,0.0,0.0,-0.4402985074626866,3,2,4,1,1,0,0,True
-0.3582089552238806,-0.7436629127483482,0.0,0.0,0.0,0.5597014925373135,2,2,2,1,1,0,0,True
-0.34328358208955223,-0.6897964460660189,0.0,0.0,0.0,0.4626865671641792,3,2,4,1,1,0,0,True
29.313432835820894,2.743168366661091,0.0,0.0,0.0,-0.6791044776119404,3,2,4,1,1,0,0,True
0.9552238805970149,0.6961326121630278,0.0,0.0,0.0,-0.5373134328358209,3,2,4,1,1,0,0,True
-0.29850746268656714,-0.5497681586674964,0.0,0.0,0.0,0.246268656716418,3,2,4,1,1,0,0,True
-0.3402985074626866,-0.6795142895058917,1.0,0.0,1.0,1.574626865671642,3,2,4,1,1,0,0,True
0.0,0.0,4.0,0.0,4.0,1.3880597014925373,3,2,4,1,1,0,0,True
-0.208955223880597,-0.33433132724875997,1.0,0.0,1.0,0.6716417910447763,3,2,4,1,1,0,0,True
-0.3582089552238806,-0.7436629127483482,0.0,0.0,0.0,0.5597014925373135,3,2,4,1,1,0,0,True
-0.3283582089552239,-0.6398654715776874,0.0,0.0,0.0,0.3805970149253732,3,2,4,1,1,0,0,True
-0.16716417910447762,-0.2531130220181086,1.0,0.0,1.0,0.5149253731343284,3,2,4,1,1,0,0,True
1.0119402985074626,0.7215836600455705,0.0,0.0,0.0,-0.5447761194029851,3,2,4,1,1,0,0,True
1.1194029850746268,0.7673535665446337,1.0,0.0,1.0,-0.41791044776119407,2,2,2,1,1,0,0,True
-0.14328358208955225,-0.21069629083724542,2.0,0.0,2.0,1.0074626865671643,3,2,4,1,1,0,0,True
14.388059701492537,2.2692969820543962,0.0,0.0,0.0,-0.6716417910447762,3,2,4,1,1,0,0,True
-0.43283582089552236,-1.1042421206732966,1.0,0.0,1.0,3.574626865671642,3,2,4,1,1,0,0,True
0.05970149253731343,0.07166244090165488,0.0,0.0,0.0,-0.31343283582089554,3,2,4,1,1,0,0,True
-0.34328358208955223,-0.6897964460660189,0.0,0.0,0.0,0.4626865671641792,3,2,4,1,1,0,0,True
0.08656716417910448,0.10161250719091619,3.0,0.0,3.0,0.7388059701492538,3,2,4,1,1,0,0,True
29.313432835820894,2.743168366661091,0.0,0.0,0.0,-0.6791044776119404,3,2,4,1,1,0,0,True
-0.08955223880597014,-0.12390735205254981,0.0,0.0,0.0,-0.18656716417910446,3,2,4,1,1,0,0,True
3.4925373134328357,1.374409193560577,0.0,0.0,0.0,-0.6343283582089553,3,2,4,1,1,0,0,True
-0.23582089552238805,-0.39214748580250003,1.0,0.0,1.0,0.7910447761194032,3,2,4,1,1,0,0,True
0.5074626865671642,0.452840583627746,0.0,0.0,0.0,-0.4701492537313433,3,2,4,1,1,0,0,True
15.343283582089553,2.3117054892603472,3.0,0.0,3.0,-0.6268656716417911,3,2,4,1,1,0,0,True
-0.26865671641791045,-0.47017251934501153,0.0,0.0,0.0,0.14179104477611945,3,2,4,1,1,0,0,True
-0.03582089552238806,-0.046904134892103384,0.0,0.0,0.0,-0.23880597014925373,3,2,4,1,1,0,0,True
0.208955223880597,0.22355627402997036,0.0,0.0,0.0,-0.3880597014925373,3,2,4,1,1,0,0,True
1.2119402985074628,0.8044514944551262,3.0,0.0,3.0,-0.17910447761194034,3,2,4,1,1,0,0,True
0.5671641791044776,0.49073119279762967,0.0,0.0,0.0,-0.48507462686567165,3,2,4,1,1,0,0,True
0.2,0.21533472576243623,2.0,0.0,2.0,0.2164179104477612,3,2,4,1,1,0,0,True
0.01791044776119403,0.022298188804778348,0.0,0.0,0.0,-0.2835820895522388,3,2,4,1,1,0,0,True
1.2537313432835822,0.8205675727874405,0.0,0.0,0.0,-0.5597014925373135,3,2,4,1,1,0,0,True
0.0,0.0,5.0,0.0,5.0,1.7985074626865676,3,2,4,1,1,0,0,True
-0.08955223880597014,-0.12390735205254981,7.0,0.0,7.0,3.2910447761194033,3,2,4,1,1,0,0,True
0.7044776119402985,0.5706507981428875,0.0,0.0,0.0,-0.5074626865671643,3,2,4,1,1,0,0,True
0.14925373134328357,0.1667808927792161,3.0,0.0,3.0,0.6119402985074627,3,2,4,1,1,0,0,True
0.05970149253731343,0.07166244090165488,0.0,0.0,0.0,-0.31343283582089554,3,2,4,1,1,0,0,True
0.0,0.0,1.0,0.0,1.0,0.14179104477611945,3,2,4,1,1,0,0,True
1.7014925373134329,0.9729145179237406,0.0,0.0,0.0,-0.5895522388059703,3,2,4,1,1,0,0,True
0.22686567164179106,0.23970861237494948,1.0,0.0,1.0,-0.10447761194029853,3,2,4,1,1,0,0,True
0.5074626865671642,0.452840583627746,578.0,0.0,578.0,122.76865671641792,3,2,4,1,1,0,0,True
29.313432835820894,2.743168366661091,0.0,0.0,0.0,-0.6791044776119404,3,2,4,1,1,0,0,True
1.4029850746268657,0.8752092962059244,3.0,0.0,3.0,-0.2238805970149254,3,2,4,1,1,0,0,True
1.4029850746268657,0.8752092962059244,9.0,0.0,9.0,0.4626865671641792,3,2,4,1,1,0,0,True
0.05970149253731343,0.07166244090165488,0.0,0.0,0.0,-0.31343283582089554,3,2,4,1,1,0,0,True
-0.23880597014925373,-0.3988839986791576,1.0,0.0,1.0,0.8059701492537314,3,2,4,1,1,0,0,True
-0.05970149253731343,-0.08006217217774815,0.0,0.0,0.0,-0.2238805970149254,3,2,4,1,1,0,0,True
2.4477611940298507,1.169389635074459,1.0,0.0,1.0,-0.5373134328358209,3,2,4,1,1,0,0,True
0.9552238805970149,0.6961326121630278,0.0,0.0,0.0,-0.5373134328358209,3,2,4,1,1,0,0,True
-0.14925373134328357,-0.22105634549214764,0.0,0.0,0.0,-0.11194029850746266,2,2,2,1,1,0,0,True
-0.014925373134328358,-0.019153928259626297,3.0,0.0,3.0,1.0223880597014927,3,2,4,1,1,0,0,True
-0.26865671641791045,-0.47017251934501153,0.0,0.0,0.0,0.14179104477611945,2,2,2,1,1,0,0,True
-0.16716417910447762,-0.2531130220181086,0.0,0.0,0.0,-0.082089552238806,3,2,4,1,1,0,0,True
1.4567164179104477,0.8938581938088244,0.0,0.0,0.0,-0.5746268656716419,3,2,4,1,1,0,0,True
0.07164179104477612,0.08513579361989772,4.0,0.0,4.0,1.1417910447761197,3,2,4,1,1,0,0,True
-0.3880597014925373,-0.8660872352071461,0.0,0.0,0.0,0.8059701492537314,3,2,4,1,1,0,0,True
0.208955223880597,0.22355627402997036,0.0,0.0,0.0,-0.3880597014925373,3,2,4,1,1,0,0,True
15.343283582089553,2.3117054892603472,1.0,0.0,1.0,-0.6567164179104479,3,2,4,1,1,0,0,True
-0.40298507462686567,-0.9366395110229832,0.0,0.0,0.0,0.9701492537313434,3,2,4,1,1,0,0,True
0.21194029850746268,0.22627496757658466,3.0,0.0,3.0,0.5000000000000001,3,2,4,1,1,0,0,True
-0.11940298507462686,-0.17075790148019387,2.0,0.0,2.0,0.9104477611940298,3,2,4,1,1,0,0,True
-0.21791044776119403,-0.3530653902657502,3.0,0.0,3.0,2.104477611940299,3,2,4,1,1,0,0,True
0.6567164179104478,0.5438991993234602,0.0,0.0,0.0,-0.5,3,2,4,1,1,0,0,True
-0.3283582089552239,-0.6398654715776874,1.0,0.0,1.0,1.447761194029851,3,2,4,1,1,0,0,True
0.21194029850746268,0.22627496757658466,3.0,0.0,3.0,0.5000000000000001,3,2,4,1,1,0,0,True
5.88955223880597,1.6933661781313323,0.0,0.0,0.0,-0.6492537313432836,3,2,4,1,1,0,0,True
-0.16417910447761194,-0.2476647818280617,1.0,0.0,1.0,0.5074626865671643,3,2,4,1,1,0,0,True
-0.208955223880597,-0.33433132724875997,0.0,0.0,0.0,-0.007462686567164135,3,2,4,1,1,0,0,True
0.14925373134328357,0.1667808927792161,573.0,0.0,573.0,185.55970149253733,3,2,4,1,1,0,0,True
0.47761194029850745,0.43307763196796784,0.0,0.0,0.0,-0.4701492537313433,3,2,4,1,1,0,0,True
0.47761194029850745,0.43307763196796784,1.0,0.0,1.0,-0.24626865671641793,3,2,4,1,1,0,0,True
-0.30149253731343284,-0.5582620632525725,0.0,0.0,0.0,0.26119402985074625,3,2,4,1,1,0,0,True
2.5970149253731343,1.202717407700524,3.0,0.0,3.0,-0.4029850746268657,3,2,4,1,1,0,0,True
0.7940298507462686,0.6181525696076128,0.0,0.0,0.0,-0.5223880597014925,3,2,4,1,1,0,0,True
-0.08955223880597014,-0.12390735205254981,0.0,0.0,0.0,-0.18656716417910446,3,2,4,1,1,0,0,True
-0.23880597014925373,-0.3988839986791576,0.0,0.0,0.0,0.059701492537313466,3,2,4,1,1,0,0,True
-0.29850746268656714,-0.5497681586674964,0.0,0.0,0.0,0.246268656716418,3,2,4,1,1,0,0,True
-0.26865671641791045,-0.47017251934501153,0.0,0.0,0.0,0.14179104477611945,3,2,4,1,1,0,0,True
1.2537313432835822,0.8205675727874405,1.0,0.0,1.0,-0.4402985074626866,3,2,4,1,1,0,0,True
0.15223880597014924,0.16973446335955283,1.0,0.0,1.0,-0.037313432835820934,3,2,4,1,1,0,0,True
0.7611940298507462,0.6011160013208424,0.0,0.0,0.0,-0.5149253731343284,3,2,4,1,1,0,0,True
-0.4835820895522388,-1.5412133790871267,0.0,0.0,0.0,3.4626865671641793,3,2,4,1,1,0,0,True
-0.34626865671641793,-0.7002355881683685,0.0,0.0,0.0,0.47761194029850745,3,2,4,1,1,0,0,True
0.29850746268656714,0.3007528914583828,0.0,0.0,0.0,-0.41791044776119407,3,2,4,1,1,0,0,True
-0.22686567164179106,-0.37232724221373015,0.0,0.0,0.0,0.029850746268656667,3,2,4,1,1,0,0,True
-0.23880597014925373,-0.3988839986791576,0.0,0.0,0.0,0.059701492537313466,3,2,4,1,1,0,0,True
0.04477611940298507,0.054438595011372985,4.0,0.0,4.0,1.2238805970149256,3,2,4,1,1,0,0,True
23.34328358208955,2.5906109378841817,0.0,0.0,0.0,-0.6791044776119404,3,2,4,1,1,0,0,True
-0.14925373134328357,-0.22105634549214764,0.0,0.0,0.0,-0.11194029850746266,3,2,4,1,1,0,0,True
-0.26865671641791045,-0.47017251934501153,0.0,0.0,0.0,0.14179104477611945,3,2,4,1,1,0,0,True
0.0,0.0,2.0,0.0,2.0,0.5597014925373135,3,2,4,1,1,0,0,True
2.044776119402985,1.0703347847245042,0.0,0.0,0.0,-0.5970149253731344,3,2,4,1,1,0,0,True
0.05970149253731343,0.07166244090165488,2.0,0.0,2.0,0.4328358208955224,3,2,4,1,1,0,0,True
-0.14925373134328357,-0.22105634549214764,0.0,0.0,0.0,-0.11194029850746266,3,2,4,1,1,0,0,True
0.1791044776119403,0.19575770878184406,0.0,0.0,0.0,-0.373134328358209,3,2,4,1,1,0,0,True
-0.1791044776119403,-0.27535077145874043,1.0,0.0,1.0,0.5597014925373135,3,2,4,1,1,0,0,True
-0.16716417910447762,-0.2531130220181086,0.0,0.0,0.0,-0.082089552238806,3,2,4,1,1,0,0,True
0.6567164179104478,0.5438991993234602,6.0,0.0,6.0,0.6194029850746271,3,2,4,1,1,0,0,True
-0.05970149253731343,-0.08006217217774815,2.0,0.0,2.0,0.7164179104477614,3,2,4,1,1,0,0,True
0.7611940298507462,0.6011160013208424,1.0,0.0,1.0,-0.3432835820895523,3,2,4,1,1,0,0,True
-0.05970149253731343,-0.08006217217774815,0.0,0.0,0.0,-0.2238805970149254,3,2,4,1,1,0,0,True
0.8716417910447761,0.6568096321685654,3.0,0.0,3.0,-0.0522388059701492,3,2,4,1,1,0,0,True
-0.4597014925373134,-1.3009448890750428,0.0,0.0,0.0,2.1865671641791047,3,2,4,1,1,0,0,True
0.3582089552238806,0.34776456599897604,0.0,0.0,0.0,-0.4402985074626866,3,2,4,1,1,0,0,True
-0.3373134328358209,-0.6693844668053995,0.0,0.0,0.0,0.42537313432835827,3,2,4,1,1,0,0,True
1.4029850746268657,0.8752092962059244,587.0,0.0,587.0,66.82089552238807,3,2,4,1,1,0,0,True
0.12835820895522387,0.14574075497543074,0.0,0.0,0.0,-0.3507462686567165,3,2,4,1,1,0,0,True
0.21194029850746268,0.22627496757658466,3.0,0.0,3.0,0.5000000000000001,3,2,4,1,1,0,0,True
-0.18507462686567164,-0.28674687736481097,0.0,0.0,0.0,-0.0522388059701492,3,2,4,1,1,0,0,True
0.05970149253731343,0.07166244090165488,0.0,0.0,0.0,-0.31343283582089554,3,2,4,1,1,0,0,True
-0.07462686567164178,-0.10163337837805367,1.0,0.0,1.0,0.27611940298507465,3,2,4,1,1,0,0,True
-0.23880597014925373,-0.3988839986791576,0.0,0.0,0.0,0.059701492537313466,3,2,4,1,1,0,0,True
1.2716417910447761,0.8273598524125856,0.0,0.0,0.0,-0.5597014925373135,3,2,4,1,1,0,0,True
0.21194029850746268,0.22627496757658466,3.0,0.0,3.0,0.5000000000000001,3,2,4,1,1,0,0,True
3.02089552238806,1.2893684631508724,0.0,0.0,0.0,-0.6268656716417911,3,2,4,1,1,0,0,True
-0.208955223880597,-0.33433132724875997,0.0,0.0,0.0,-0.007462686567164135,3,2,4,1,1,0,0,True
-0.5104477611940299,-1.980081311466511,0.0,0.0,0.0,7.6044776119402995,3,2,4,1,1,0,0,True
-0.22388059701492538,-0.3658461460476053,1.0,0.0,1.0,0.7313432835820896,3,2,4,1,1,0,0,True
0.208955223880597,0.22355627402997036,0.0,0.0,0.0,-0.3880597014925373,3,2,4,1,1,0,0,True
-0.23880597014925373,-0.3988839986791576,99.0,0.0,99.0,73.9402985074627,3,2,4,1,1,0,0,True
3.044776119402985,1.2939382414050569,0.0,0.0,0.0,-0.6268656716417911,3,2,4,1,1,0,0,True
0.9552238805970149,0.6961326121630278,0.0,0.0,0.0,-0.5373134328358209,3,2,4,1,1,0,0,True
-0.3522388059701492,-0.7216045312327081,0.0,0.0,0.0,0.5149253731343284,3,2,4,1,1,0,0,True
-0.40298507462686567,-0.9366395110229832,0.0,0.0,0.0,0.9701492537313434,3,2,4,1,1,0,0,True
0.7611940298507462,0.6011160013208424,2.0,0.0,2.0,-0.17164179104477614,3,2,4,1,1,0,0,True
1.4029850746268657,0.8752092962059244,0.0,0.0,0.0,-0.5746268656716419,3,2,4,1,1,0,0,True
-0.23880597014925373,-0.3988839986791576,0.0,0.0,0.0,0.059701492537313466,3,2,4,1,1,0,0,True
0.23880597014925373,0.2502686759607068,0.0,0.0,0.0,-0.4029850746268657,3,2,4,1,1,0,0,True
0.5970149253731343,0.508917119226754,0.0,0.0,0.0,-0.49253731343283585,3,2,4,1,1,0,0,True
-0.1791044776119403,-0.27535077145874043,0.0,0.0,0.0,-0.0671641791044776,3,2,4,1,1,0,0,True
-0.08955223880597014,-0.12390735205254981,0.0,0.0,0.0,-0.18656716417910446,2,2,2,1,1,0,0,True
-0.05970149253731343,-0.08006217217774815,1.0,0.0,1.0,0.246268656716418,3,2,4,1,1,0,0,True
-0.3880597014925373,-0.8660872352071461,0.0,0.0,0.0,0.8059701492537314,3,2,4,1,1,0,0,True
-0.29850746268656714,-0.5497681586674964,2.0,0.0,2.0,2.111940298507463,3,2,4,1,1,0,0,True
0.9761194029850746,0.7056198876285001,1.0,0.0,1.0,-0.3955223880597015,3,2,4,1,1,0,0,True
-0.29850746268656714,-0.5497681586674964,1.0,0.0,1.0,1.1791044776119406,3,2,4,1,1,0,0,True
-0.2865671641791045,-0.5168099461881679,0.0,0.0,0.0,0.20149253731343292,3,2,4,1,1,0,0,True
-0.1791044776119403,-0.27535077145874043,1.0,0.0,1.0,0.5597014925373135,3,2,4,1,1,0,0,True
0.7611940298507462,0.6011160013208424,1.0,0.0,1.0,-0.3432835820895523,3,2,4,1,1,0,0,True
0.26865671641791045,0.2759766110125745,3.0,0.0,3.0,0.4179104477611941,3,2,4,1,1,0,0,True
0.6567164179104478,0.5438991993234602,0.0,0.0,0.0,-0.5,3,2,4,1,1,0,0,True
0.9552238805970149,0.6961326121630278,0.0,0.0,0.0,-0.5373134328358209,3,2,4,1,1,0,0,True
-0.1791044776119403,-0.27535077145874043,2.0,0.0,2.0,1.1791044776119406,3,2,4,1,1,0,0,True
0.1373134328358209,0.1548373484722882,0.0,0.0,0.0,-0.3582089552238806,3,2,4,1,1,0,0,True
0.9552238805970149,0.6961326121630278,0.0,0.0,0.0,-0.5373134328358209,3,2,4,1,1,0,0,True
29.313432835820894,2.743168366661091,0.0,0.0,0.0,-0.6791044776119404,3,2,4,1,1,0,0,True
0.05970149253731343,0.07166244090165488,3.0,0.0,3.0,0.8059701492537314,3,2,4,1,1,0,0,True
-0.26865671641791045,-0.47017251934501153,0.0,0.0,0.0,0.14179104477611945,3,2,4,1,1,0,0,True
0.8059701492537313,0.624243928612844,1.0,0.0,1.0,-0.3582089552238806,3,2,4,1,1,0,0,True
-0.2865671641791045,-0.5168099461881679,0.0,0.0,0.0,0.20149253731343292,3,2,4,1,1,0,0,True
-0.3044776119402985,-0.5668628122047918,0.0,0.0,0.0,0.26865671641791056,3,2,0,1,1,0,0,True
-0.08955223880597014,-0.12390735205254981,0.0,0.0,0.0,-0.18656716417910446,3,2,4,1,1,0,0,True
0.42388059701492536,0.3959977355958627,0.0,0.0,0.0,-0.4552238805970149,3,2,4,1,1,0,0,True
-0.05970149253731343,-0.08006217217774815,0.0,0.0,0.0,-0.2238805970149254,2,2,2,1,1,0,0,True
0.0,0.0,0.0,0.0,0.0,-0.26865671641791045,3,2,4,1,1,0,0,True
-0.22686567164179106,-0.37232724221373015,3.0,0.0,3.0,2.1865671641791047,3,2,4,1,1,0,0,True
0.6567164179104478,0.5438991993234602,0.0,0.0,0.0,-0.5,3,2,4,1,1,0,0,True
-0.1791044776119403,-0.27535077145874043,2.0,0.0,2.0,1.1791044776119406,3,2,4,1,1,0,0,True
0.5522388059701493,0.481453567063844,0.0,0.0,0.0,-0.48507462686567165,3,2,0,1,1,0,0,True
1.5462686567164179,0.9238520607788054,2.0,0.0,2.0,-0.3656716417910448,3,2,4,1,1,0,0,True
0.014925373134328358,0.018631957360690014,0.0,0.0,0.0,-0.2835820895522388,3,2,4,1,1,0,0,True
-0.3194029850746269,-0.6115683082516594,0.0,0.0,0.0,0.33582089552238814,3,2,4,1,1,0,0,True
-0.014925373134328358,-0.019153928259626297,2.0,0.0,2.0,0.5895522388059703,3,2,4,1,1,0,0,True
-0.23880597014925373,-0.3988839986791576,3.0,0.0,3.0,2.2985074626865676,3,2,4,1,1,0,0,True
-0.42686567164179107,-1.0672736296824803,0.0,0.0,0.0,1.328358208955224,3,2,4,1,1,0,0,True
1.782089552238806,0.997065183020933,3.0,0.0,3.0,-0.30597014925373134,3,2,4,1,1,0,0,True
-0.05970149253731343,-0.08006217217774815,1.0,0.0,1.0,0.246268656716418,3,2,4,1,1,0,0,True
-0.3880597014925373,-0.8660872352071461,0.0,0.0,0.0,0.8059701492537314,3,2,4,1,1,0,0,True
-0.1791044776119403,-0.27535077145874043,0.0,0.0,0.0,-0.0671641791044776,3,2,4,1,1,0,0,True
-0.22686567164179106,-0.37232724221373015,1.0,0.0,1.0,0.7462686567164178,3,2,4,1,1,0,0,True
0.3582089552238806,0.34776456599897604,3.0,0.0,3.0,0.30597014925373134,3,2,4,1,1,0,0,True
-0.3373134328358209,-0.6693844668053995,0.0,0.0,0.0,0.42537313432835827,3,2,4,1,1,0,0,True
-0.2835820895522388,-0.5088127728462589,0.0,0.0,0.0,0.19402985074626866,3,2,4,1,1,0,0,True
3.2417910447761193,1.3305170882498807,0.0,0.0,0.0,-0.6268656716417911,3,2,4,1,1,0,0,True
-0.2746268656716418,-0.48536760081417696,1.0,0.0,1.0,1.0074626865671643,3,2,4,1,1,0,0,True
1.2537313432835822,0.8205675727874405,0.0,0.0,0.0,-0.5597014925373135,3,2,4,1,1,0,0,True
-0.05970149253731343,-0.08006217217774815,0.0,0.0,0.0,-0.2238805970149254,3,2,4,1,1,0,0,True
0.05373134328358209,0.06482487866012718,0.0,0.0,0.0,-0.30597014925373134,3,2,4,1,1,0,0,True
0.05970149253731343,0.07166244090165488,0.0,0.0,0.0,-0.31343283582089554,3,2,4,1,1,0,0,True
-0.23880597014925373,-0.3988839986791576,0.0,0.0,0.0,0.059701492537313466,3,2,4,1,1,0,0,True
0.11940298507462686,0.13652150708809657,3.0,0.0,3.0,0.6716417910447763,3,2,4,1,1,0,0,True
0.029850746268656716,0.03676963959312364,0.0,0.0,0.0,-0.291044776119403,2,2,2,1,1,0,0,True
-0.11940298507462686,-0.17075790148019387,1.0,0.0,1.0,0.3805970149253732,3,2,4,1,1,0,0,True
-0.2,-0.3160968992749339,1.0,0.0,1.0,0.6343283582089553,3,2,4,1,1,0,0,True
-0.26865671641791045,-0.47017251934501153,0.0,0.0,0.0,0.14179104477611945,3,2,4,1,1,0,0,True
3.5044776119402985,1.3764306304390987,0.0,0.0,0.0,-0.6343283582089553,3,2,4,1,1,0,0,True
0.14925373134328357,0.1667808927792161,2.0,0.0,2.0,0.2835820895522388,3,2,4,1,1,0,0,True
-0.16417910447761194,-0.2476647818280617,1.0,0.0,1.0,0.5074626865671643,3,2,4,1,1,0,0,True
-0.05970149253731343,-0.08006217217774815,0.0,0.0,0.0,-0.2238805970149254,3,2,4,1,1,0,0,True
-0.1791044776119403,-0.27535077145874043,2.0,0.0,2.0,1.1791044776119406,3,2,4,1,1,0,0,True
-0.22686567164179106,-0.37232724221373015,1.0,0.0,1.0,0.7462686567164178,3,2,4,1,1,0,0,True
2.0776119402985076,1.0789651411704813,0.0,0.0,0.0,-0.6044776119402986,3,2,4,1,1,0,0,True
1.507462686567164,0.911015933856608,0.0,0.0,0.0,-0.5746268656716419,3,2,4,1,1,0,0,True
0.0,0.0,0.0,0.0,0.0,-0.26865671641791045,2,2,2,1,1,0,0,True
1.537313432835821,0.9209111937670993,3.0,0.0,3.0,-0.25373134328358216,3,2,4,1,1,0,0,True
-0.21194029850746268,-0.3405191570470404,1.0,0.0,1.0,0.6791044776119404,3,2,4,1,1,0,0,True
-0.1791044776119403,-0.27535077145874043,1.0,0.0,1.0,0.5597014925373135,3,2,0,1,1,0,0,True
-0.18208955223880596,-0.28102508224967243,0.0,0.0,0.0,-0.059701492537313466,3,2,4,1,1,0,0,True
-0.13432835820895522,-0.19544471740075323,0.0,0.0,0.0,-0.1343283582089552,3,2,4,1,1,0,0,True
23.34328358208955,2.5906109378841817,0.0,0.0,0.0,-0.6791044776119404,3,2,4,1,1,0,0,True
-0.29850746268656714,-0.5497681586674964,247.0,0.0,247.0,230.65671641791047,3,2,4,1,1,0,0,True
0.1791044776119403,0.19575770878184406,0.0,0.0,0.0,-0.373134328358209,3,2,4,1,1,0,0,True
0.34328358208955223,0.3363111905576326,4.0,0.0,4.0,0.5746268656716418,3,2,4,1,1,0,0,True
0.7611940298507462,0.6011160013208424,1.0,0.0,1.0,-0.3432835820895523,3,2,4,1,1,0,0,True
0.7611940298507462,0.6011160013208424,1.0,0.0,1.0,-0.3432835820895523,3,2,4,1,1,0,0,True
0.25671641791044775,0.2658091295933695,2.0,0.0,2.0,0.15671641791044774,3,2,4,1,1,0,0,True
0.3582089552238806,0.34776456599897604,0.0,0.0,0.0,-0.4402985074626866,3,2,4,1,1,0,0,True
0.0,0.0,0.0,0.0,0.0,-0.26865671641791045,2,2,2,1,1,0,0,True
1.7014925373134329,0.9729145179237406,5.0,0.0,5.0,-0.08955223880597013,3,2,4,1,1,0,0,True
-0.22686567164179106,-0.37232724221373015,1.0,0.0,1.0,0.7462686567164178,3,2,4,1,1,0,0,True
-0.23880597014925373,-0.3988839986791576,1.0,0.0,1.0,0.8059701492537314,3,2,4,1,1,0,0,True
0.05970149253731343,0.07166244090165488,3.0,0.0,3.0,0.8059701492537314,3,2,4,1,1,0,0,True
-0.26865671641791045,-0.47017251934501153,0.0,0.0,0.0,0.14179104477611945,3,2,4,1,1,0,0,True
1.328358208955224,0.8484341239820044,8.0,0.0,8.0,0.3880597014925373,3,2,4,1,1,0,0,True
-0.2507462686567164,-0.4265140417790076,0.0,0.0,0.0,0.08955223880597013,3,2,4,1,1,0,0,True
-0.26865671641791045,-0.47017251934501153,0.0,0.0,0.0,0.14179104477611945,3,2,4,1,1,0,0,True
-0.417910447761194,-1.0153182258066267,0.0,0.0,0.0,1.1791044776119406,3,2,4,1,1,0,0,True
-0.13432835820895522,-0.19544471740075323,1.0,0.0,1.0,0.4179104477611941,3,2,4,1,1,0,0,True
-0.3880597014925373,-0.8660872352071461,0.0,0.0,0.0,0.8059701492537314,3,2,4,1,1,0,0,True
0.0,0.0,0.0,0.0,0.0,-0.26865671641791045,2,2,5,1,1,0,0,True
1.1134328358208956,0.764889598018229,0.0,0.0,0.0,-0.5522388059701493,3,2,4,1,1,0,0,True
0.22686567164179106,0.23970861237494948,0.0,0.0,0.0,-0.3955223880597015,2,2,2,1,1,0,0,True
-0.46567164179104475,-1.3535670414446332,0.0,0.0,0.0,2.4253731343283587,3,2,4,1,1,0,0,True
0.41492537313432837,0.3896174355567201,0.0,0.0,0.0,-0.4552238805970149,3,2,4,1,1,0,0,True
-0.16417910447761194,-0.2476647818280617,2.0,0.0,2.0,1.1044776119402986,3,2,4,1,1,0,0,True
0.208955223880597,0.22355627402997036,0.0,0.0,0.0,-0.3880597014925373,3,2,4,1,1,0,0,True
-0.3582089552238806,-0.7436629127483482,1.0,0.0,1.0,1.7985074626865676,3,2,4,1,1,0,0,True
17.37313432835821,2.3939366549335674,0.0,0.0,0.0,-0.6716417910447762,3,2,4,1,1,0,0,True
-0.13432835820895522,-0.19544471740075323,5.0,0.0,5.0,2.6268656716417915,3,2,4,1,1,0,0,True
-0.37910447761194027,-0.8270051396703965,1.0,0.0,1.0,2.126865671641791,3,2,4,1,1,0,0,True
-0.31343283582089554,-0.5933338802778341,0.0,0.0,0.0,0.30597014925373134,3,2,4,1,1,0,0,True
-0.208955223880597,-0.33433132724875997,0.0,0.0,0.0,-0.007462686567164135,3,2,4,1,1,0,0,True
-0.3522388059701492,-0.7216045312327081,0.0,0.0,0.0,0.5149253731343284,3,2,4,1,1,0,0,True
0.6567164179104478,0.5438991993234602,0.0,0.0,0.0,-0.5,3,2,4,1,1,0,0,True
-0.208955223880597,-0.33433132724875997,0.0,0.0,0.0,-0.007462686567164135,3,2,4,1,1,0,0,True
-0.11940298507462686,-0.17075790148019387,0.0,0.0,0.0,-0.15671641791044774,3,2,4,1,1,0,0,True
-0.29850746268656714,-0.5497681586674964,0.0,0.0,0.0,0.246268656716418,3,2,4,1,1,0,0,True
-0.32238805970149254,-0.6208711800033612,1.0,0.0,1.0,1.3880597014925373,3,2,4,1,1,0,0,True
0.23880597014925373,0.2502686759607068,0.0,0.0,0.0,-0.4029850746268657,3,2,4,1,1,0,0,True
-0.1791044776119403,-0.27535077145874043,1.0,0.0,1.0,0.5597014925373135,3,2,4,1,1,0,0,True
15.343283582089553,2.3117054892603472,2.0,0.0,2.0,-0.6417910447761195,3,2,4,1,1,0,0,True
4.925373134328358,1.5822811186089978,0.0,0.0,0.0,-0.6492537313432836,3,2,4,1,1,0,0,True
1.537313432835821,0.9209111937670993,3.0,0.0,3.0,-0.25373134328358216,3,2,4,1,1,0,0,True
-0.2537313432835821,-0.4335996028669041,0.0,0.0,0.0,0.0970149253731344,3,2,4,1,1,0,0,True
-0.20298507462686566,-0.32212117195578693,0.0,0.0,0.0,-0.022388059701492533,3,2,4,1,1,0,0,True
0.9791044776119403,0.7069645301978357,0.0,0.0,0.0,-0.5373134328358209,3,2,4,1,1,0,0,True
-0.07164179104477612,-0.09726435056605102,0.0,0.0,0.0,-0.208955223880597,3,2,4,1,1,0,0,True
1.4507462686567165,0.891811035015666,0.0,0.0,0.0,-0.5746268656716419,3,2,4,1,1,0,0,True
0.05970149253731343,0.07166244090165488,3.0,0.0,3.0,0.8059701492537314,3,2,4,1,1,0,0,True
0.10149253731343283,0.11770149717561908,0.0,0.0,0.0,-0.3358208955223881,3,2,4,1,1,0,0,True
-0.1791044776119403,-0.27535077145874043,3.0,0.0,3.0,1.7985074626865676,3,2,4,1,1,0,0,True
-0.21194029850746268,-0.3405191570470404,1.0,0.0,1.0,0.6791044776119404,3,2,4,1,1,0,0,True
-0.05970149253731343,-0.08006217217774815,2.0,0.0,2.0,0.7164179104477614,3,2,4,1,1,0,0,True
0.9552238805970149,0.6961326121630278,403.0,0.0,403.0,59.61194029850747,3,2,4,1,1,0,0,True
-0.3582089552238806,-0.7436629127483482,0.0,0.0,0.0,0.5597014925373135,3,2,4,1,1,0,0,True
-0.208955223880597,-0.33433132724875997,3.0,0.0,3.0,2.0298507462686572,3,2,4,1,1,0,0,True
-0.1791044776119403,-0.27535077145874043,0.0,0.0,0.0,-0.0671641791044776,3,2,4,1,1,0,0,True
0.5850746268656717,0.5017006878484033,0.0,0.0,0.0,-0.48507462686567165,3,2,4,1,1,0,0,True
0.0,0.0,5.0,0.0,5.0,1.7985074626865676,3,2,4,1,1,0,0,True
-0.1791044776119403,-0.27535077145874043,3.0,0.0,3.0,1.7985074626865676,3,2,4,1,1,0,0,True
-0.1791044776119403,-0.27535077145874043,3.0,0.0,3.0,1.7985074626865676,3,2,4,1,1,0,0,True
5.88955223880597,1.6933661781313323,0.0,0.0,0.0,-0.6492537313432836,3,2,4,1,1,0,0,True
-0.44776119402985076,-1.2064845224515028,0.0,0.0,0.0,1.7985074626865676,2,2,2,1,1,0,0,True
-0.28059701492537314,-0.5009080544468397,0.0,0.0,0.0,0.17910447761194026,3,2,4,1,1,0,0,True
2.1731343283582087,1.1034694621359349,0.0,0.0,0.0,-0.6044776119402986,3,2,4,1,1,0,0,True
1.537313432835821,0.9209111937670993,3.0,0.0,3.0,-0.25373134328358216,3,2,4,1,1,0,0,True
-0.3044776119402985,-0.5668628122047918,0.0,0.0,0.0,0.26865671641791056,3,2,0,1,1,0,0,True
-0.05970149253731343,-0.08006217217774815,0.0,0.0,0.0,-0.2238805970149254,3,2,4,1,1,0,0,True
-0.08955223880597014,-0.12390735205254981,0.0,0.0,0.0,-0.18656716417910446,3,2,4,1,1,0,0,True
-0.5074626865671642,-1.9149129258782112,0.0,0.0,0.0,6.776119402985076,3,2,4,1,1,0,0,True
-0.3582089552238806,-0.7436629127483482,0.0,0.0,0.0,0.5597014925373135,3,2,4,1,1,0,0,True
2.1492537313432836,1.0974252192307379,0.0,0.0,0.0,-0.6044776119402986,3,2,4,1,1,0,0,True
-0.05970149253731343,-0.08006217217774815,2.0,0.0,2.0,0.7164179104477614,3,2,4,1,1,0,0,True
-0.3880597014925373,-0.8660872352071461,0.0,0.0,0.0,0.8059701492537314,3,2,4,1,1,0,0,True
0.16417910447761194,0.1814227911631465,0.0,0.0,0.0,-0.3656716417910448,3,2,4,1,1,0,0,True
-0.23880597014925373,-0.3988839986791576,3.0,0.0,3.0,2.2985074626865676,3,2,4,1,1,0,0,True
6.558208955223881,1.761011819041315,0.0,0.0,0.0,-0.6567164179104479,3,2,4,1,1,0,0,True
0.09253731343283582,0.10809360335704105,0.0,0.0,0.0,-0.3358208955223881,3,2,4,1,1,0,0,True
29.313432835820894,2.743168366661091,0.0,0.0,0.0,-0.6791044776119404,3,2,4,1,1,0,0,True
-0.014925373134328358,-0.019153928259626297,2.0,0.0,2.0,0.5895522388059703,3,2,4,1,1,0,0,True
1.1522388059701492,0.7807489295823843,0.0,0.0,0.0,-0.5522388059701493,3,2,4,1,1,0,0,True
1.3044776119402985,0.8396397837617604,1.0,0.0,1.0,-0.4477611940298508,3,2,4,1,1,0,0,True
-0.05970149253731343,-0.08006217217774815,2.0,0.0,2.0,0.7164179104477614,3,2,4,1,1,0,0,True
-0.2537313432835821,-0.4335996028669041,0.0,0.0,0.0,0.0970149253731344,3,2,4,1,1,0,0,True
-0.3194029850746269,-0.6115683082516594,0.0,0.0,0.0,0.33582089552238814,3,2,4,1,1,0,0,True
0.1253731343283582,0.14268146340127788,0.0,0.0,0.0,-0.3507462686567165,3,2,4,1,1,0,0,True
0.26865671641791045,0.2759766110125745,3.0,0.0,3.0,0.4179104477611941,3,2,4,1,1,0,0,True
0.7611940298507462,0.6011160013208424,1.0,0.0,1.0,-0.3432835820895523,3,2,4,1,1,0,0,True
0.9552238805970149,0.6961326121630278,1.0,0.0,1.0,-0.3880597014925373,3,2,4,1,1,0,0,True
-0.08955223880597014,-0.12390735205254981,2.0,0.0,2.0,0.8059701492537314,3,2,4,1,1,0,0,True
0.3582089552238806,0.34776456599897604,299.0,0.0,299.0,73.9402985074627,3,2,4,1,1,0,0,True
0.6567164179104478,0.5438991993234602,2.0,0.0,2.0,-0.12686567164179108,3,2,4,1,1,0,0,True
-0.31343283582089554,-0.5933338802778341,3.0,0.0,3.0,3.2910447761194033,3,2,4,1,1,0,0,True
1.5522388059701493,0.9258056350396148,0.0,0.0,0.0,-0.582089552238806,3,2,4,1,1,0,0,True
0.9552238805970149,0.6961326121630278,1.0,0.0,1.0,-0.3880597014925373,3,2,4,1,1,0,0,True
0.7611940298507462,0.6011160013208424,1.0,0.0,1.0,-0.3432835820895523,3,2,4,1,1,0,0,True
-0.07462686567164178,-0.10163337837805367,2.0,0.0,2.0,0.7611940298507464,3,2,4,1,1,0,0,True
0.8059701492537313,0.624243928612844,0.0,0.0,0.0,-0.5223880597014925,3,2,4,1,1,0,0,True
-0.16716417910447762,-0.2531130220181086,4.0,0.0,4.0,2.32089552238806,3,2,4,1,1,0,0,True
0.12835820895522387,0.14574075497543074,0.0,0.0,0.0,-0.3507462686567165,3,2,4,1,1,0,0,True
2.8119402985074626,1.248023800529102,1.0,0.0,1.0,-0.5522388059701493,3,2,4,1,1,0,0,True
1.537313432835821,0.9209111937670993,1.0,0.0,1.0,-0.4701492537313433,3,2,4,1,1,0,0,True
-0.29850746268656714,-0.5497681586674964,0.0,0.0,0.0,0.246268656716418,3,2,4,1,1,0,0,True
-0.3074626865671642,-0.5755731277827,0.0,0.0,0.0,0.2835820895522388,3,2,4,1,1,0,0,True
-0.417910447761194,-1.0153182258066267,0.0,0.0,0.0,1.1791044776119406,3,2,4,1,1,0,0,True
1.5522388059701493,0.9258056350396148,531.0,0.0,531.0,56.029850746268664,3,2,4,1,1,0,0,True
-0.2507462686567164,-0.4265140417790076,0.0,0.0,0.0,0.08955223880597013,3,2,4,1,1,0,0,True
-0.14925373134328357,-0.22105634549214764,0.0,0.0,0.0,-0.11194029850746266,3,2,4,1,1,0,0,True
-0.26865671641791045,-0.47017251934501153,0.0,0.0,0.0,0.14179104477611945,3,2,4,1,1,0,0,True
-0.20298507462686566,-0.32212117195578693,0.0,0.0,0.0,-0.022388059701492533,3,2,4,1,1,0,0,True
-0.11940298507462686,-0.17075790148019387,1.0,0.0,1.0,0.3805970149253732,3,2,4,1,1,0,0,True
0.5074626865671642,0.452840583627746,4.0,0.0,4.0,0.3805970149253732,3,2,4,1,1,0,0,True
1.4029850746268657,0.8752092962059244,5.0,0.0,5.0,0.0,3,2,4,1,1,0,0,True
-0.3970149253731343,-0.9075393522715501,0.0,0.0,0.0,0.9029850746268657,3,2,4,1,1,0,0,True
0.47761194029850745,0.43307763196796784,213.0,0.0,213.0,46.28358208955224,3,2,4,1,1,0,0,True
0.011940298507462687,0.014945961770217939,0.0,0.0,0.0,-0.2835820895522388,3,2,4,1,1,0,0,True
-0.1791044776119403,-0.27535077145874043,0.0,0.0,0.0,-0.0671641791044776,3,2,4,1,1,0,0,True
2.408955223880597,1.1604515924249554,0.0,0.0,0.0,-0.6119402985074627,3,2,4,1,1,0,0,True
-0.029850746268656716,-0.03885991827203374,0.0,0.0,0.0,-0.24626865671641793,3,2,4,1,1,0,0,True
0.47761194029850745,0.43307763196796784,5.0,0.0,5.0,0.6268656716417912,3,2,4,1,1,0,0,True
-0.2835820895522388,-0.5088127728462589,0.0,0.0,0.0,0.19402985074626866,3,2,4,1,1,0,0,True
-0.3522388059701492,-0.7216045312327081,3.0,0.0,3.0,4.1268656716417915,3,2,4,1,1,0,0,True
0.29850746268656714,0.3007528914583828,0.0,0.0,0.0,-0.41791044776119407,3,2,4,1,1,0,0,True
2.4477611940298507,1.169389635074459,2.0,0.0,2.0,-0.4626865671641791,3,2,4,1,1,0,0,True
2.4477611940298507,1.169389635074459,3.0,0.0,3.0,-0.3880597014925373,3,2,4,1,1,0,0,True
0.05970149253731343,0.07166244090165488,3.0,0.0,3.0,0.8059701492537314,3,2,4,1,1,0,0,True
0.0,0.0,1.0,0.0,1.0,0.14179104477611945,3,2,4,1,1,0,0,True
0.08955223880597014,0.10486073432661948,0.0,0.0,0.0,-0.32835820895522394,3,2,4,1,1,0,0,True
-0.26865671641791045,-0.47017251934501153,0.0,0.0,0.0,0.14179104477611945,3,2,4,1,1,0,0,True
-0.23880597014925373,-0.3988839986791576,1.0,0.0,1.0,0.8059701492537314,3,2,0,1,1,0,0,True
3.1940298507462686,1.321827528550434,2.0,0.0,2.0,-0.5074626865671643,3,2,4,1,1,0,0,True
-0.26865671641791045,-0.47017251934501153,0.0,0.0,0.0,0.14179104477611945,3,2,4,1,1,0,0,True
0.05970149253731343,0.07166244090165488,0.0,0.0,0.0,-0.31343283582089554,3,2,4,1,1,0,0,True
-0.16417910447761194,-0.2476647818280617,1.0,0.0,1.0,0.5074626865671643,3,2,4,1,1,0,0,True
0.05970149253731343,0.07166244090165488,1.0,0.0,1.0,0.059701492537313466,3,2,4,1,1,0,0,True
29.313432835820894,2.743168366661091,0.0,0.0,0.0,-0.6791044776119404,3,2,4,1,1,0,0,True
-0.3880597014925373,-0.8660872352071461,0.0,0.0,0.0,0.8059701492537314,3,2,4,1,1,0,0,True
-0.23880597014925373,-0.3988839986791576,0.0,0.0,0.0,0.059701492537313466,3,2,4,1,1,0,0,True
-0.1044776119402985,-0.14693143059871486,1.0,0.0,1.0,0.3432835820895523,3,2,4,1,1,0,0,True
0.208955223880597,0.22355627402997036,0.0,0.0,0.0,-0.3880597014925373,3,2,4,1,1,0,0,True
1.1134328358208956,0.764889598018229,0.0,0.0,0.0,-0.5522388059701493,3,2,4,1,1,0,0,True
20.35820895522388,2.4993209861159214,0.0,0.0,0.0,-0.6791044776119404,3,2,4,1,1,0,0,True
3.2388059701492535,1.3299772141388118,0.0,0.0,0.0,-0.6268656716417911,3,2,4,1,1,0,0,True
-0.2537313432835821,-0.4335996028669041,3.0,0.0,3.0,2.455223880597015,3,2,4,1,1,0,0,True
2.698507462686567,1.224486585224903,592.0,0.0,592.0,40.13432835820896,3,2,4,1,1,0,0,True
-0.1701492537313433,-0.2586050236422101,3.0,0.0,3.0,1.738805970149254,3,2,4,1,1,0,0,True
-0.30149253731343284,-0.5582620632525725,2.0,0.0,2.0,2.1492537313432836,3,2,4,1,1,0,0,True
-0.3194029850746269,-0.6115683082516594,3.0,0.0,3.0,3.402985074626866,3,2,4,1,1,0,0,True
0.8059701492537313,0.624243928612844,3.0,0.0,3.0,-0.022388059701492533,3,2,4,1,1,0,0,True
0.0,0.0,0.0,0.0,0.0,-0.26865671641791045,3,2,4,1,1,0,0,True
-0.23880597014925373,-0.3988839986791576,1.0,0.0,1.0,0.8059701492537314,3,2,0,1,1,0,0,True
1.7014925373134329,0.9729145179237406,0.0,0.0,0.0,-0.5895522388059703,3,2,4,1,1,0,0,True
-0.1791044776119403,-0.27535077145874043,0.0,0.0,0.0,-0.0671641791044776,3,2,4,1,1,0,0,True
0.1044776119402985,0.12087435913889619,1.0,0.0,1.0,0.007462686567164135,3,2,4,1,1,0,0,True
0.8656716417910447,0.6539123798414954,0.0,0.0,0.0,-0.5298507462686568,3,2,4,1,1,0,0,True
0.208955223880597,0.22355627402997036,4.0,0.0,4.0,0.8059701492537314,3,2,4,1,1,0,0,True
9.304477611940298,1.9846368223086275,1.0,0.0,1.0,-0.6417910447761195,3,2,4,1,1,0,0,True
-0.42686567164179107,-1.0672736296824803,0.0,0.0,0.0,1.328358208955224,3,2,4,1,1,0,0,True
0.5074626865671642,0.452840583627746,0.0,0.0,0.0,-0.4701492537313433,3,2,4,1,1,0,0,True
-0.34328358208955223,-0.6897964460660189,0.0,0.0,0.0,0.4626865671641792,3,2,4,1,1,0,0,True
3.9402985074626864,1.446398889005763,2.0,0.0,2.0,-0.5373134328358209,3,2,4,1,1,0,0,True
-0.26865671641791045,-0.47017251934501153,0.0,0.0,0.0,0.14179104477611945,3,2,4,1,1,0,0,True
-0.3194029850746269,-0.6115683082516594,0.0,0.0,0.0,0.33582089552238814,3,2,4,1,1,0,0,True
0.3582089552238806,0.34776456599897604,5.0,0.0,5.0,0.8059701492537314,3,2,4,1,1,0,0,True
-0.23880597014925373,-0.3988839986791576,0.0,0.0,0.0,0.059701492537313466,3,2,4,1,1,0,0,True
-0.08955223880597014,-0.12390735205254981,0.0,0.0,0.0,-0.18656716417910446,3,2,4,1,1,0,0,True
1.1044776119402986,0.7611769163561694,0.0,0.0,0.0,-0.5522388059701493,3,2,4,1,1,0,0,True
-0.23880597014925373,-0.3988839986791576,1.0,0.0,1.0,0.8059701492537314,3,2,0,1,1,0,0,True
-0.3880597014925373,-0.8660872352071461,0.0,0.0,0.0,0.8059701492537314,3,2,0,1,1,0,0,True
-0.05970149253731343,-0.08006217217774815,1.0,0.0,1.0,0.246268656716418,3,2,4,1,1,0,0,True
-0.2298507462686567,-0.3788703593809538,2.0,0.0,2.0,1.4850746268656718,3,2,4,1,1,0,0,True
0.05970149253731343,0.07166244090165488,0.0,0.0,0.0,-0.31343283582089554,3,2,4,1,1,0,0,True
0.05970149253731343,0.07166244090165488,447.0,0.0,447.0,166.47761194029854,3,2,4,1,1,0,0,True
-0.3880597014925373,-0.8660872352071461,0.0,0.0,0.0,0.8059701492537314,3,2,4,1,1,0,0,True
0.8059701492537313,0.624243928612844,1.0,0.0,1.0,-0.3582089552238806,3,2,4,1,1,0,0,True
1.2835820895522387,0.8318508408150491,1.0,0.0,1.0,-0.4402985074626866,3,2,4,1,1,0,0,True
-0.14925373134328357,-0.22105634549214764,0.0,0.0,0.0,-0.11194029850746266,3,2,4,1,1,0,0,True
-0.3283582089552239,-0.6398654715776874,0.0,0.0,0.0,0.3805970149253732,3,2,4,1,1,0,0,True
-0.3761194029850746,-0.8144589064516867,0.0,0.0,0.0,0.6940298507462687,3,2,4,1,1,0,0,True
-0.1791044776119403,-0.27535077145874043,1.0,0.0,1.0,0.5597014925373135,3,2,4,1,1,0,0,True
-0.12835820895522387,-0.1854627806154366,1.0,0.0,1.0,0.4029850746268657,3,2,4,1,1,0,0,True
0.05970149253731343,0.07166244090165488,0.0,0.0,0.0,-0.31343283582089554,3,2,4,1,1,0,0,True
-0.3194029850746269,-0.6115683082516594,0.0,0.0,0.0,0.33582089552238814,3,2,4,1,1,0,0,True
-0.23880597014925373,-0.3988839986791576,0.0,0.0,0.0,0.059701492537313466,3,2,4,1,1,0,0,True
-0.23880597014925373,-0.3988839986791576,1.0,0.0,1.0,0.8059701492537314,3,2,0,1,1,0,0,True
-0.2716417910447761,-0.47772785065141865,1.0,0.0,1.0,0.9925373134328359,3,2,4,1,1,0,0,True
-0.23880597014925373,-0.3988839986791576,0.0,0.0,0.0,0.059701492537313466,3,2,4,1,1,0,0,True
-0.11940298507462686,-0.17075790148019387,0.0,0.0,0.0,-0.15671641791044774,2,2,2,1,1,0,0,True
-0.11940298507462686,-0.17075790148019387,0.0,0.0,0.0,-0.15671641791044774,3,2,4,1,1,0,0,True
-0.3641791044776119,-0.7664567076461462,1.0,0.0,1.0,1.8880597014925378,3,2,4,1,1,0,0,True
1.7014925373134329,0.9729145179237406,0.0,0.0,0.0,-0.5895522388059703,3,2,4,1,1,0,0,True
1.0716417910447762,0.7473886291607742,0.0,0.0,0.0,-0.5447761194029851,3,2,4,1,1,0,0,True
-0.23283582089552238,-0.38547669605043183,1.0,0.0,1.0,0.7761194029850746,3,2,4,1,1,0,0,True
0.01791044776119403,0.022298188804778348,0.0,0.0,0.0,-0.2835820895522388,3,2,4,1,1,0,0,True
5.850746268656716,1.6892270470559219,0.0,0.0,0.0,-0.6492537313432836,3,2,4,1,1,0,0,True
-0.3194029850746269,-0.6115683082516594,3.0,0.0,3.0,3.402985074626866,3,2,4,1,1,0,0,True
-0.09850746268656717,-0.13762855884701372,0.0,0.0,0.0,-0.17910447761194034,3,2,4,1,1,0,0,True
-0.3194029850746269,-0.6115683082516594,0.0,0.0,0.0,0.33582089552238814,3,2,4,1,1,0,0,True
0.7611940298507462,0.6011160013208424,1.0,0.0,1.0,-0.3432835820895523,3,2,4,1,1,0,0,True
-0.029850746268656716,-0.03885991827203374,0.0,0.0,0.0,-0.24626865671641793,3,2,4,1,1,0,0,True
1.2955223880597015,0.8363125240274436,0.0,0.0,0.0,-0.5671641791044777,3,2,4,1,1,0,0,True
0.7611940298507462,0.6011160013208424,1.0,0.0,1.0,-0.3432835820895523,3,2,4,1,1,0,0,True
-0.417910447761194,-1.0153182258066267,0.0,0.0,0.0,1.1791044776119406,3,2,4,1,1,0,0,True
0.7611940298507462,0.6011160013208424,1.0,0.0,1.0,-0.3432835820895523,3,2,4,1,1,0,0,True
-0.3582089552238806,-0.7436629127483482,0.0,0.0,0.0,0.5597014925373135,3,2,4,1,1,0,0,True
-0.23880597014925373,-0.3988839986791576,0.0,0.0,0.0,0.059701492537313466,3,2,4,1,1,0,0,True
0.9552238805970149,0.6961326121630278,0.0,0.0,0.0,-0.5373134328358209,3,2,4,1,1,0,0,True
-0.3283582089552239,-0.6398654715776874,2.0,0.0,2.0,2.5149253731343286,3,2,4,1,1,0,0,True
-0.208955223880597,-0.33433132724875997,0.0,0.0,0.0,-0.007462686567164135,3,2,4,1,1,0,0,True
0.208955223880597,0.22355627402997036,0.0,0.0,0.0,-0.3880597014925373,3,2,4,1,1,0,0,True
1.480597014925373,0.9019860818043283,0.0,0.0,0.0,-0.5746268656716419,3,2,4,1,1,0,0,True
-0.23880597014925373,-0.3988839986791576,0.0,0.0,0.0,0.059701492537313466,3,2,4,1,1,0,0,True
0.11940298507462686,0.13652150708809657,2.0,0.0,2.0,0.3283582089552239,3,2,4,1,1,0,0,True
1.1044776119402986,0.7611769163561694,107.0,0.0,107.0,13.970149253731343,3,2,4,1,1,0,0,True
-0.23880597014925373,-0.3988839986791576,1.0,0.0,1.0,0.8059701492537314,3,2,0,1,1,0,0,True
-0.47761194029850745,-1.4727812616402542,19.0,0.0,19.0,73.9402985074627,3,2,4,1,1,0,0,True
-0.07462686567164178,-0.10163337837805367,1.0,0.0,1.0,0.27611940298507465,3,2,4,1,1,0,0,True
-0.11940298507462686,-0.17075790148019387,0.0,0.0,0.0,-0.15671641791044774,3,2,4,1,1,0,0,True
0.7611940298507462,0.6011160013208424,1.0,0.0,1.0,-0.3432835820895523,3,2,4,1,1,0,0,True
0.208955223880597,0.22355627402997036,0.0,0.0,0.0,-0.3880597014925373,3,2,4,1,1,0,0,True
0.04477611940298507,0.054438595011372985,3.0,0.0,3.0,0.8432835820895523,3,2,4,1,1,0,0,True
-0.3194029850746269,-0.6115683082516594,3.0,0.0,3.0,3.402985074626866,3,2,4,1,1,0,0,True
-0.08955223880597014,-0.12390735205254981,0.0,0.0,0.0,-0.18656716417910446,3,2,4,1,1,0,0,True
-0.31343283582089554,-0.5933338802778341,0.0,0.0,0.0,0.30597014925373134,3,2,4,1,1,0,0,True
-0.3402985074626866,-0.6795142895058917,0.0,0.0,0.0,0.4477611940298508,3,2,4,1,1,0,0,True
-0.3402985074626866,-0.6795142895058917,1.0,0.0,1.0,1.574626865671642,3,2,4,1,1,0,0,True
-0.03283582089552239,-0.042870196783521566,0.0,0.0,0.0,-0.24626865671641793,3,2,4,1,1,0,0,True
-0.05970149253731343,-0.08006217217774815,0.0,0.0,0.0,-0.2238805970149254,3,2,4,1,1,0,0,True
4.88955223880597,1.577785208539963,0.0,0.0,0.0,-0.6417910447761195,3,2,4,1,1,0,0,True
-0.05970149253731343,-0.08006217217774815,2.0,0.0,2.0,0.7164179104477614,3,2,4,1,1,0,0,True
-0.30149253731343284,-0.5582620632525725,0.0,0.0,0.0,0.26119402985074625,3,2,4,1,1,0,0,True
-0.2537313432835821,-0.4335996028669041,1.0,0.0,1.0,0.8880597014925374,3,2,4,1,1,0,0,True
-0.29253731343283584,-0.5330904897603812,179.0,0.0,179.0,163.1268656716418,3,2,4,1,1,0,0,True
-0.08955223880597014,-0.12390735205254981,0.0,0.0,0.0,-0.18656716417910446,3,2,4,1,1,0,0,True
0.47761194029850745,0.43307763196796784,7.0,0.0,7.0,1.0671641791044777,3,2,4,1,1,0,0,True
0.40298507462686567,0.38101668660450083,603.0,0.0,603.0,142.41044776119404,3,2,4,1,1,0,0,True
-0.1791044776119403,-0.27535077145874043,0.0,0.0,0.0,-0.0671641791044776,2,2,2,1,1,0,0,True
0.5074626865671642,0.452840583627746,469.0,0.0,469.0,99.52985074626866,3,2,4,1,1,0,0,True
-0.3194029850746269,-0.6115683082516594,0.0,0.0,0.0,0.33582089552238814,3,2,4,1,1,0,0,True
0.04477611940298507,0.054438595011372985,8.0,0.0,8.0,2.7611940298507465,3,2,4,1,1,0,0,True
0.21194029850746268,0.22627496757658466,3.0,0.0,3.0,0.5000000000000001,3,2,4,1,1,0,0,True
-0.23582089552238805,-0.39214748580250003,1.0,0.0,1.0,0.7910447761194032,3,2,4,1,1,0,0,True
-0.11940298507462686,-0.17075790148019387,0.0,0.0,0.0,-0.15671641791044774,3,2,4,1,1,0,0,True
-0.23283582089552238,-0.38547669605043183,2.0,0.0,2.0,1.5074626865671643,3,2,4,1,1,0,0,True
-0.23880597014925373,-0.3988839986791576,2.0,0.0,2.0,1.5522388059701493,3,2,4,1,1,0,0,True
-0.3611940298507463,-0.7549648316543187,1.0,0.0,1.0,1.8432835820895523,3,2,4,1,1,0,0,True
1.5522388059701493,0.9258056350396148,0.0,0.0,0.0,-0.582089552238806,3,2,4,1,1,0,0,True
0.9552238805970149,0.6961326121630278,597.0,0.0,597.0,88.56716417910448,3,2,4,1,1,0,0,True
7.444776119402985,1.8414821327100224,0.0,0.0,0.0,-0.6567164179104479,3,2,4,1,1,0,0,True
-0.5164179104477612,-2.132655832083743,0.0,0.0,0.0,9.977611940298507,3,2,0,1,1,0,0,True
-0.4626865671641791,-1.3267498581902462,0.0,0.0,0.0,2.2985074626865676,3,2,4,1,1,0,0,True
-0.23880597014925373,-0.3988839986791576,1.0,0.0,1.0,0.8059701492537314,3,2,0,1,1,0,0,True
1.1940298507462686,0.7974265984894995,3.0,0.0,3.0,-0.17164179104477614,3,2,4,1,1,0,0,True
-0.08955223880597014,-0.12390735205254981,0.0,0.0,0.0,-0.18656716417910446,3,2,4,1,1,0,0,True
0.08358208955223881,0.09834877533234392,2.0,0.0,2.0,0.3880597014925373,3,2,4,1,1,0,0,True
1.2955223880597015,0.8363125240274436,0.0,0.0,0.0,-0.5671641791044777,3,2,4,1,1,0,0,True
0.7611940298507462,0.6011160013208424,1.0,0.0,1.0,-0.3432835820895523,3,2,4,1,1,0,0,True
0.7611940298507462,0.6011160013208424,1.0,0.0,1.0,-0.3432835820895523,3,2,4,1,1,0,0,True
0.8059701492537313,0.624243928612844,0.0,0.0,0.0,-0.5223880597014925,3,2,4,1,1,0,0,True
0.05970149253731343,0.07166244090165488,1.0,0.0,1.0,0.059701492537313466,3,2,4,1,1,0,0,True
2.8955223880597014,1.2648628351479214,5.0,0.0,5.0,-0.2985074626865672,3,2,4,1,1,0,0,True
-0.16417910447761194,-0.2476647818280617,0.0,0.0,0.0,-0.08955223880597013,3,2,4,1,1,0,0,True
-0.3164179104477612,-0.6023903110370871,3.0,0.0,3.0,3.350746268656717,3,2,4,1,1,0,0,True
0.14925373134328357,0.1667808927792161,0.0,0.0,0.0,-0.3656716417910448,3,2,4,1,1,0,0,True
0.7611940298507462,0.6011160013208424,4.0,0.0,4.0,0.17164179104477614,3,2,4,1,1,0,0,True
-0.1791044776119403,-0.27535077145874043,1.0,0.0,1.0,0.5597014925373135,3,2,4,1,1,0,0,True
0.8059701492537313,0.624243928612844,2.0,0.0,2.0,-0.18656716417910446,3,2,4,1,1,0,0,True
0.12835820895522387,0.14574075497543074,0.0,0.0,0.0,-0.3507462686567165,3,2,4,1,1,0,0,True
1.355223880597015,0.8581944082457318,2.0,0.0,2.0,-0.3358208955223881,3,2,4,1,1,0,0,True
-0.08955223880597014,-0.12390735205254981,0.0,0.0,0.0,-0.18656716417910446,3,2,4,1,1,0,0,True
0.11343283582089553,0.13030555040418526,2.0,0.0,2.0,0.3432835820895523,3,2,4,1,1,0,0,True
-0.014925373134328358,-0.019153928259626297,0.0,0.0,0.0,-0.26119402985074625,3,2,4,1,1,0,0,True
-0.34328358208955223,-0.6897964460660189,0.0,0.0,0.0,0.4626865671641792,3,2,4,1,1,0,0,True
-0.47761194029850745,-1.4727812616402542,0.0,0.0,0.0,3.0447761194029854,3,2,4,1,1,0,0,True
-0.3283582089552239,-0.6398654715776874,1.0,0.0,1.0,1.447761194029851,3,2,4,1,1,0,0,True
-0.005970149253731343,-0.00759730623052189,1.0,0.0,1.0,0.1492537313432836,3,2,4,1,1,0,0,True
-0.09850746268656717,-0.13762855884701372,0.0,0.0,0.0,-0.17910447761194034,3,2,4,1,1,0,0,True
2.453731343283582,1.1707544070368432,0.0,0.0,0.0,-0.6119402985074627,3,2,4,1,1,0,0,True
-0.4,-0.9219346318877404,0.0,0.0,0.0,0.9328358208955225,3,2,4,1,1,0,0,True
-0.23880597014925373,-0.3988839986791576,1.0,0.0,1.0,0.8059701492537314,3,2,0,1,1,0,0,True
-0.26865671641791045,-0.47017251934501153,553.0,0.0,553.0,458.68656716417917,3,2,4,1,1,0,0,True
0.08955223880597014,0.10486073432661948,0.0,0.0,0.0,-0.32835820895522394,3,2,4,1,1,0,0,True
1.9104477611940298,1.0338486265069267,1.0,0.0,1.0,-0.5074626865671643,3,2,4,1,1,0,0,True
1.9402985074626866,1.0421265790211292,0.0,0.0,0.0,-0.5970149253731344,3,2,4,1,1,0,0,True
0.3880597014925373,0.37011134337533574,0.0,0.0,0.0,-0.4477611940298508,3,2,4,1,1,0,0,True
0.29850746268656714,0.3007528914583828,0.0,0.0,0.0,-0.41791044776119407,3,2,4,1,1,0,0,True
0.208955223880597,0.22355627402997036,0.0,0.0,0.0,-0.3880597014925373,3,2,4,1,1,0,0,True
15.343283582089553,2.3117054892603472,1.0,0.0,1.0,-0.6567164179104479,3,2,4,1,1,0,0,True
-0.43283582089552236,-1.1042421206732966,1.0,0.0,1.0,3.574626865671642,3,2,4,1,1,0,0,True
0.16119402985074627,0.178519387538784,0.0,0.0,0.0,-0.3656716417910448,2,2,2,1,1,0,0,True
-0.29850746268656714,-0.5497681586674964,0.0,0.0,0.0,0.246268656716418,3,2,4,1,1,0,0,True
29.313432835820894,2.743168366661091,0.0,0.0,0.0,-0.6791044776119404,3,2,4,1,1,0,0,True
-0.2835820895522388,-0.5088127728462589,0.0,0.0,0.0,0.19402985074626866,3,2,4,1,1,0,0,True
1.5522388059701493,0.9258056350396148,569.0,0.0,569.0,60.08208955223881,3,2,4,1,1,0,0,True
1.164179104477612,0.7855556314595898,1.0,0.0,1.0,-0.42537313432835827,3,2,4,1,1,0,0,True
15.582089552238806,2.3219090067370796,0.0,0.0,0.0,-0.6716417910447762,3,2,4,1,1,0,0,True
-0.47761194029850745,-1.4727812616402542,0.0,0.0,0.0,3.0447761194029854,2,2,2,1,1,0,0,True
-0.23880597014925373,-0.3988839986791576,0.0,0.0,0.0,0.059701492537313466,2,2,2,1,1,0,0,True
0.0,0.0,0.0,0.0,0.0,-0.26865671641791045,3,2,4,1,1,0,0,True
-0.23880597014925373,-0.3988839986791576,179.0,0.0,179.0,133.64179104477614,3,2,4,1,1,0,0,True
-0.05970149253731343,-0.08006217217774815,3.0,0.0,3.0,1.1791044776119406,3,2,4,1,1,0,0,True
-0.23880597014925373,-0.3988839986791576,0.0,0.0,0.0,0.059701492537313466,3,2,4,1,1,0,0,True
0.05970149253731343,0.07166244090165488,1.0,0.0,1.0,0.059701492537313466,3,2,4,1,1,0,0,True
-0.1791044776119403,-0.27535077145874043,0.0,0.0,0.0,-0.0671641791044776,2,2,2,1,1,0,0,True
-0.08955223880597014,-0.12390735205254981,0.0,0.0,0.0,-0.18656716417910446,2,2,2,1,1,0,0,True
0.7850746268656716,0.6135481715605328,5.0,0.0,5.0,0.32089552238805974,3,2,4,1,1,0,0,True
-0.3880597014925373,-0.8660872352071461,0.0,0.0,0.0,0.8059701492537314,3,2,4,1,1,0,0,True
0.08955223880597014,0.10486073432661948,0.0,0.0,0.0,-0.32835820895522394,3,2,4,1,1,0,0,True
-0.3283582089552239,-0.6398654715776874,2.0,0.0,2.0,2.5149253731343286,3,2,4,1,1,0,0,True
0.3582089552238806,0.34776456599897604,0.0,0.0,0.0,-0.4402985074626866,3,2,4,1,1,0,0,True
-0.34328358208955223,-0.6897964460660189,0.0,0.0,0.0,0.4626865671641792,3,2,4,1,1,0,0,True
-0.1582089552238806,-0.23689683446515789,0.0,0.0,0.0,-0.09701492537313428,3,2,4,1,1,0,0,True
11.683582089552239,2.1326349608966053,0.0,0.0,0.0,-0.6716417910447762,3,2,4,1,1,0,0,True
0.6567164179104478,0.5438991993234602,1.0,0.0,1.0,-0.31343283582089554,3,2,4,1,1,0,0,True
0.011940298507462687,0.014945961770217939,0.0,0.0,0.0,-0.2835820895522388,3,2,4,1,1,0,0,True
-0.029850746268656716,-0.03885991827203374,0.0,0.0,0.0,-0.24626865671641793,3,2,4,1,1,0,0,True
-0.208955223880597,-0.33433132724875997,0.0,0.0,0.0,-0.007462686567164135,3,2,4,1,1,0,0,True
-0.25970149253731345,-0.44799488248309405,0.0,0.0,0.0,0.11940298507462693,3,2,4,1,1,0,0,True
0.5671641791044776,0.49073119279762967,3.0,0.0,3.0,0.11940298507462693,3,2,4,1,1,0,0,True
-0.3582089552238806,-0.7436629127483482,0.0,0.0,0.0,0.5597014925373135,3,2,4,1,1,0,0,True
-0.08955223880597014,-0.12390735205254981,0.0,0.0,0.0,-0.18656716417910446,3,2,4,1,1,0,0,True
0.7611940298507462,0.6011160013208424,1.0,0.0,1.0,-0.3432835820895523,3,2,4,1,1,0,0,True
1.3611940298507463,0.8603445689048698,167.0,0.0,167.0,19.029850746268657,3,2,4,1,1,0,0,True
-0.23283582089552238,-0.38547669605043183,1.0,0.0,1.0,0.7761194029850746,3,2,4,1,1,0,0,True
0.07164179104477612,0.08513579361989772,4.0,0.0,4.0,1.1417910447761197,3,2,4,1,1,0,0,True
-0.29850746268656714,-0.5497681586674964,0.0,0.0,0.0,0.246268656716418,2,2,2,1,1,0,0,True
0.9492537313432836,0.6933976064117648,0.0,0.0,0.0,-0.5373134328358209,3,2,4,1,1,0,0,True
-0.3164179104477612,-0.6023903110370871,3.0,0.0,3.0,3.350746268656717,3,2,4,1,1,0,0,True
-0.1791044776119403,-0.27535077145874043,0.0,0.0,0.0,-0.0671641791044776,3,2,4,1,1,0,0,True
0.208955223880597,0.22355627402997036,2.0,0.0,2.0,0.20895522388059706,3,2,4,1,1,0,0,True
-0.3283582089552239,-0.6398654715776874,0.0,0.0,0.0,0.3805970149253732,3,2,4,1,1,0,0,True
0.26865671641791045,0.2759766110125745,3.0,0.0,3.0,0.4179104477611941,3,2,4,1,1,0,0,True
1.2537313432835822,0.8205675727874405,0.0,0.0,0.0,-0.5597014925373135,3,2,4,1,1,0,0,True
0.3164179104477612,0.3151988624432546,5.0,0.0,5.0,0.8805970149253733,3,2,4,1,1,0,0,True
-0.029850746268656716,-0.03885991827203374,3.0,0.0,3.0,1.0671641791044777,3,2,4,1,1,0,0,True
