source_type,title,category,subcategory,reference,price,price_min,price_max,currency,unit,dimensions,tile_m2,city,supplier,in_stock,description,listing_url,scraped_at,price_norm,price_min_norm,price_max_norm
ecommerce,Grès rectifié brillant RD GRIGIO SUP BRI 80x80 cm,autre,Grès rectifié brillant RD GRIGIO SUP BRI 80x80 cm,"Référence 
fPUO",78.001,,,TND,t,80x80 cm,0.64,Tunis,Le CNT – La Maison du Bien-Vivre,True,,https://www.lecnt.com/effet-marbre/29607-gres-rectifie-brillant-rd-grigio-sup-bri-80x80-cm.html,2026-04-05 09:32:27.952402,0.0001066435285530877,,
ecommerce,Grès rectifié MK NUT MATT R9 30x60 cm,autre,Grès rectifié MK NUT MATT R9 30x60 cm,"Référence 
fOHN",46.001,,,TND,t,30x60 cm,0.18,Tunis,Le CNT – La Maison du Bien-Vivre,True,,https://www.lecnt.com/effet-pierre/30860-gres-rectifie-mk-nut-matt-r9-30x60-cm.html,2026-04-05 09:32:51.841375,6.232471563249178e-05,,
ecommerce,Grès rectifié brillant RD GRIGIO SUP BRI 60x60 cm,autre,Grès rectifié brillant RD GRIGIO SUP BRI 60x60 cm,"Référence 
fNYI",68.0,,,TND,t,60x60 cm,0.36,Tunis,Le CNT – La Maison du Bien-Vivre,True,,https://www.lecnt.com/effet-marbre/29606-gres-rectifie-brillant-rd-grigio-sup-bri-60x60-cm.html,2026-04-05 09:32:12.481851,9.279251455249771e-05,,
ecommerce,"Grès mat FI DECO GREY 25X21,6 cm",autre,"Grès mat FI DECO GREY 25X21,6 cm","Référence 
fK6E",42.001,,,TND,t,25x21 cm,0.0525,Tunis,Le CNT – La Maison du Bien-Vivre,True,,https://www.lecnt.com/effet-ciment/29475-gres-mat-fi-deco-grey-25x216-cm.html,2026-04-05 09:32:14.036580,5.678486401741729e-05,,
ecommerce,Grès rectifié VS BIANCO MATT R9 80x80 cm,autre,Grès rectifié VS BIANCO MATT R9 80x80 cm,"Référence 
fTFU",126.001,,,TND,t,80x80 cm,0.64,Tunis,Le CNT – La Maison du Bien-Vivre,True,,https://www.lecnt.com/effet-pierre/29227-gres-rectifie-vs-bianco-matt-r9-80x80-cm.html,2026-04-05 09:32:50.530805,0.0001731217479339816,,
blog_article,Autres imprévus (10%),autre,,,9000.0,,,TND,unité,,,Tunisie,limmobilier.tn (source blog),True,Autres imprévus (10%),https://limmobilier.tn/article/25/prix-des-materiaux-de-construction-en-tunisie-2025-guide-complet.html,2026-04-05 09:33:34.592995,0.012463281171013835,,
ecommerce,"Grès rectifié naturel NB BEIGE 80x80x0,9 cm",autre,"Grès rectifié naturel NB BEIGE 80x80x0,9 cm","Référence 
FRLR",126.001,,,TND,unité,80x80 cm,0.64,Tunis,Le CNT – La Maison du Bien-Vivre,True,,https://www.lecnt.com/effet-pierre/27788-gres-rectifie-naturel-nb-beige-80x80x09-cm.html,2026-04-05 09:32:18.613251,0.0001731217479339816,,
ecommerce,"Grès rectifié mat MC BEIGE RT 120x278x0,6 cm",autre,"Grès rectifié mat MC BEIGE RT 120x278x0,6 cm","Référence 
FTQC",280.0,,,TND,t,120x278 cm,3.336,Tunis,Le CNT – La Maison du Bien-Vivre,True,,https://www.lecnt.com/grande-dalles/30716-gres-rectifie-mat-mc-beige-rt-120x278x06-cm.html,2026-04-05 09:32:47.631551,0.00038640465015144567,,
ecommerce,"Grès rectifié mat MK SAND 7,5x30 cm",autre,"Grès rectifié mat MK SAND 7,5x30 cm","Référence 
fMII",48.001,,,TND,t,5x30 cm,0.015,Tunis,Le CNT – La Maison du Bien-Vivre,True,,https://www.lecnt.com/effet-pierre/26932-gres-rectifie-mat-mk-sand-75x30-cm.html,2026-04-05 09:32:21.398731,6.509464144002902e-05,,
ecommerce,Effet Design,autre,Effet Design,,55.985,,,TND,t,120x200 cm,2.4,Tunis,Le CNT – La Maison du Bien-Vivre,True,,https://www.lecnt.com/71301-effet-design,2026-04-05 09:32:09.220681,7.615218526371771e-05,,
blog_article,"Gros œuvre (fondation, murs, dalle)",autre,,,70000.0,,,TND,unité,,,Tunisie,limmobilier.tn (source blog),True,"Gros œuvre (fondation, murs, dalle)",https://limmobilier.tn/article/25/prix-des-materiaux-de-construction-en-tunisie-2025-guide-complet.html,2026-04-05 09:33:34.591996,0.09694601830089981,,
ecommerce,Grès rectifié VS BEIGE MATT R9 80x80 cm,autre,Grès rectifié VS BEIGE MATT R9 80x80 cm,"Référence 
fTDR",126.001,,,TND,t,80x80 cm,0.64,Tunis,Le CNT – La Maison du Bien-Vivre,True,,https://www.lecnt.com/effet-pierre/29225-gres-rectifie-vs-beige-matt-r9-80x80-cm.html,2026-04-05 09:32:26.547500,0.0001731217479339816,,
ecommerce,Grès rectifié MP BEIGE MATT RT 60X120 cm,autre,Grès rectifié MP BEIGE MATT RT 60X120 cm,"Référence 
FTVP",136.0,,,TND,t,60x120 cm,0.72,Tunis,Le CNT – La Maison du Bien-Vivre,True,,https://www.lecnt.com/effet-ciment/30708-gres-rectifie-mp-beige-matt-rt-60x120-cm.html,2026-04-05 09:33:19.172575,0.00018696999200876405,,
blog_article,Électricité complète,autre,,,4000.0,,,TND,unité,,,Tunisie,limmobilier.tn (source blog),True,Électricité complète,https://limmobilier.tn/article/25/prix-des-materiaux-de-construction-en-tunisie-2025-guide-complet.html,2026-04-05 09:33:34.591996,0.005538466652170722,,
ecommerce,"Grès rectifié mat MX SUPERDROP WHITE RT 120x278x0,6 cm",autre,"Grès rectifié mat MX SUPERDROP WHITE RT 120x278x0,6 cm","Référence 
FTYN",280.0,,,TND,t,120x278 cm,3.336,Tunis,Le CNT – La Maison du Bien-Vivre,True,,https://www.lecnt.com/grande-dalles/30715-gres-rectifie-mat-mx-superdrop-white-rt-120x278x06-cm.html,2026-04-05 09:32:30.650816,0.00038640465015144567,,
ecommerce,Grès rectifié mat MC BIANCO RT 80x80 cm,autre,Grès rectifié mat MC BIANCO RT 80x80 cm,"Référence 
FTN3",119.999,,,TND,t,80x80 cm,0.64,Tunis,Le CNT – La Maison du Bien-Vivre,True,,https://www.lecnt.com/effet-pierre/30723-gres-rectifie-mat-mc-bianco-rt-80x80-cm.html,2026-04-05 09:32:32.156637,0.00016480920058556232,,
ecommerce,Grès rectifié VS GRIGIO MATT R9 60X120 cm,autre,Grès rectifié VS GRIGIO MATT R9 60X120 cm,"Référence 
fTFO",82.001,,,TND,t,60x120 cm,0.72,Tunis,Le CNT – La Maison du Bien-Vivre,True,,https://www.lecnt.com/effet-pierre/29593-gres-rectifie-vs-grigio-matt-r9-60x120-cm.html,2026-04-05 09:32:33.427256,0.0001121833801681622,,
ecommerce,Grès rectifié satiné YLICO LAGOON 80X80 cm,autre,Grès rectifié satiné YLICO LAGOON 80X80 cm,"Référence 
fQW5",68.0,,,TND,unité,80x80 cm,0.64,Tunis,Le CNT – La Maison du Bien-Vivre,True,,https://www.lecnt.com/effet-ciment/30866-gres-rectifie-satine-ylico-lagoon-80x80-cm.html,2026-04-05 09:32:34.945773,9.279251455249771e-05,,
ecommerce,"Grès rectifié CM278 FLOWERY FIELD 120x278x0,6 cm",autre,"Grès rectifié CM278 FLOWERY FIELD 120x278x0,6 cm","Référence 
fRYI",340.001,,,TND,unité,120x278 cm,3.336,Tunis,Le CNT – La Maison du Bien-Vivre,True,,https://www.lecnt.com/grande-dalles/27587-gres-rectifie-cm278-flowery-field-120x278x06-cm.html,2026-04-05 09:32:36.236170,0.0004695038093404668,,
ecommerce,"Grès rectifié naturel NB WHITE 80x80x0,9 cm",autre,"Grès rectifié naturel NB WHITE 80x80x0,9 cm","Référence 
FRLU",126.001,,,TND,unité,80x80 cm,0.64,Tunis,Le CNT – La Maison du Bien-Vivre,True,,https://www.lecnt.com/effet-pierre/27787-gres-rectifie-naturel-nb-white-80x80x09-cm.html,2026-04-05 09:32:25.095440,0.0001731217479339816,,
ecommerce,Grès rectifié MP SASSI TORTORA MATT RT 80x80 cm,autre,Grès rectifié MP SASSI TORTORA MATT RT 80x80 cm,"Référence 
FTVF",119.999,,,TND,t,80x80 cm,0.64,Tunis,Le CNT – La Maison du Bien-Vivre,True,,https://www.lecnt.com/effet-ciment/30711-gres-rectifie-mp-sassi-tortora-matt-rt-80x80-cm.html,2026-04-05 09:32:07.712187,0.00016480920058556232,,
ecommerce,Effet Pierre,autre,Effet Pierre,,15.001,,,TND,t,120x200 cm,2.4,Tunis,Le CNT – La Maison du Bien-Vivre,True,,https://www.lecnt.com/71297-effet-pierre,2026-04-05 09:33:32.516240,1.9390865615664483e-05,,
ecommerce,Grès rectifié PL GOLD MATT R9 20x120 cm,autre,Grès rectifié PL GOLD MATT R9 20x120 cm,"Référence 
fTJK",112.0,,,TND,t,20x120 cm,0.24,Tunis,Le CNT – La Maison du Bien-Vivre,True,,https://www.lecnt.com/effet-bois/29228-gres-rectifie-pl-gold-matt-r9-20x120-cm.html,2026-04-05 09:33:30.873511,0.0001537308823183171,,
ecommerce,Marche d escalier NA WHITE SCALINO MATT R9 33x120 cm,autre,Marche d escalier NA WHITE SCALINO MATT R9 33x120 cm,"Référence 
fQMC",25.001,,,TND,t,33x120 cm,0.396,Tunis,Le CNT – La Maison du Bien-Vivre,True,,https://www.lecnt.com/effet-pierre/30856-marche-d-escalier-na-white-scalino-matt-r9-33x120-cm.html,2026-04-05 09:33:23.252794,3.324049465335071e-05,,
ecommerce,Grès rectifié ME TORTORA MATT RT 60X120 cm,autre,Grès rectifié ME TORTORA MATT RT 60X120 cm,"Référence 
FTSN",136.0,,,TND,t,60x120 cm,0.72,Tunis,Le CNT – La Maison du Bien-Vivre,True,,https://www.lecnt.com/effet-pierre/30718-gres-rectifie-me-tortora-matt-rt-60x120-cm.html,2026-04-05 09:33:16.473067,0.00018696999200876405,,
ecommerce,Grandes Dalles,autre,Grandes Dalles,,280.0,,,TND,unité,120x200 cm,2.4,Tunis,Le CNT – La Maison du Bien-Vivre,True,,https://www.lecnt.com/71329-grande-dalles,2026-04-05 09:33:13.630775,0.00038640465015144567,,
ecommerce,"Grès rectifié mat MC BIANCO RT 120x278x0,6 cm",autre,"Grès rectifié mat MC BIANCO RT 120x278x0,6 cm","Référence 
FTQD",280.0,,,TND,t,120x278 cm,3.336,Tunis,Le CNT – La Maison du Bien-Vivre,True,,https://www.lecnt.com/grande-dalles/30717-gres-rectifie-mat-mc-bianco-rt-120x278x06-cm.html,2026-04-05 09:33:12.241881,0.00038640465015144567,,
ecommerce,Pavé autobloquant Neapolis Gris,autre,Pavé autobloquant Neapolis Gris,,16.184,,,TND,ML,,,Tunisie,COMAF - Comptoir Africain,True,"Caractéristiques du produit 
Longueur : 20 cm
Largeur : 11,5 cm
Epaisseur : 6 cm
Poids : 115 kg / m2
Couleurs : gris",https://www.comaf.tn/ciment-et-produits-en-beton/1251-pavé-autobloquant-neapolis-gris.html,2026-04-05 09:30:25.773554,2.1029276730822768e-05,,
ecommerce,Grès rectifié satiné YLICO MUSK 80X80 cm,autre,Grès rectifié satiné YLICO MUSK 80X80 cm,"Référence 
fQWW",68.0,,,TND,unité,80x80 cm,0.64,Tunis,Le CNT – La Maison du Bien-Vivre,True,,https://www.lecnt.com/effet-ciment/30863-gres-rectifie-satine-ylico-musk-80x80-cm.html,2026-04-05 09:33:09.353482,9.279251455249771e-05,,
ecommerce,PAVÉ AUTOBLOQUANT NEAPOLIS ROUGE,autre,PAVÉ AUTOBLOQUANT NEAPOLIS ROUGE,,7.354,,,TND,ML,,,Tunisie,COMAF - Comptoir Africain,True,"Caractéristiques du produit 
Longueur : 20 cm
Largeur : 11,5 cm
Epaisseur : 6 cm
Poids : 115 kg / m2
Couleurs : rouge",https://www.comaf.tn/ciment-et-produits-en-beton/1252-pave-autobloquant-neapolis-rouge.html,2026-04-05 09:30:38.800994,8.800054290545828e-06,,
ecommerce,Grès satiné NA SAND MACROMOSAICO ANTICATO 30x30 cm,autre,Grès satiné NA SAND MACROMOSAICO ANTICATO 30x30 cm,"Référence 
fQNU",15.001,,,TND,unité,30x30 cm,0.09,Tunis,Le CNT – La Maison du Bien-Vivre,True,,https://www.lecnt.com/effet-pierre/30862-gres-satine-na-sand-macromosaico-anticato-30x30-cm.html,2026-04-05 09:33:07.991687,1.9390865615664483e-05,,
ecommerce,Grès rectifié MK SAND OUT R11 30x60 cm,autre,Grès rectifié MK SAND OUT R11 30x60 cm,"Référence 
fOIE",46.001,,,TND,t,30x60 cm,0.18,Tunis,Le CNT – La Maison du Bien-Vivre,True,,https://www.lecnt.com/effet-pierre/30852-gres-rectifie-mk-sand-out-r11-30x60-cm.html,2026-04-05 09:33:05.123785,6.232471563249178e-05,,
ecommerce,Grès rectifié VS TORTORA MATT R9 80x80 cm,autre,Grès rectifié VS TORTORA MATT R9 80x80 cm,"Référence 
fTFW",126.001,,,TND,t,80x80 cm,0.64,Tunis,Le CNT – La Maison du Bien-Vivre,True,,https://www.lecnt.com/effet-pierre/29224-gres-rectifie-vs-tortora-matt-r9-80x80-cm.html,2026-04-05 09:33:28.610602,0.0001731217479339816,,
ecommerce,Grès rectifié mat MC TORTORA RT 60x120 cm,autre,Grès rectifié mat MC TORTORA RT 60x120 cm,"Référence 
FTQJ",136.0,,,TND,t,60x120 cm,0.72,Tunis,Le CNT – La Maison du Bien-Vivre,True,,https://www.lecnt.com/effet-pierre/30721-gres-rectifie-mat-mc-tortora-rt-60x120-cm.html,2026-04-05 09:33:02.187687,0.00018696999200876405,,
ecommerce,Grès mat ROMA DECO STATUARIO GRAFITE 20x20 cm,autre,Grès mat ROMA DECO STATUARIO GRAFITE 20x20 cm,"Référence 
fLZM",42.0,,,TND,t,20x20 cm,0.04,Tunis,Le CNT – La Maison du Bien-Vivre,True,,https://www.lecnt.com/effet-marbre/29201-gres-mat-roma-deco-statuario-grafite-20x20-cm.html,2026-04-05 09:33:00.669225,5.678347905451353e-05,,
ecommerce,Grès rectifié RM PIETRA MATT R9 30x60 cm,autre,Grès rectifié RM PIETRA MATT R9 30x60 cm,"Référence 
fOT5",46.001,,,TND,t,30x60 cm,0.18,Tunis,Le CNT – La Maison du Bien-Vivre,True,,https://www.lecnt.com/effet-marbre/30855-gres-rectifie-rm-pietra-matt-r9-30x60-cm.html,2026-04-05 09:32:59.019468,6.232471563249178e-05,,
ecommerce,Marche d escalier NA SAND SCALINO MATT R10* 33x80 cm,autre,Marche d escalier NA SAND SCALINO MATT R10* 33x80 cm,"Référence 
fQOD",25.001,,,TND,t,33x80 cm,0.264,Tunis,Le CNT – La Maison du Bien-Vivre,True,,https://www.lecnt.com/effet-pierre/30859-marche-d-escalier-na-sand-scalino-matt-r10-33x80-cm.html,2026-04-05 09:32:57.748479,3.324049465335071e-05,,
ecommerce,Grès rectifié NA WHITE MATT R10 80X80 cm,autre,Grès rectifié NA WHITE MATT R10 80X80 cm,"Référence 
fQAK",68.0,,,TND,t,80x80 cm,0.64,Tunis,Le CNT – La Maison du Bien-Vivre,True,,https://www.lecnt.com/effet-pierre/30861-gres-rectifie-na-white-matt-r10-80x80-cm.html,2026-04-05 09:31:58.988691,9.279251455249771e-05,,
ecommerce,"Grès rectifié naturel RS PIETRA BEIGE 60X120x0,9 cm",autre,"Grès rectifié naturel RS PIETRA BEIGE 60X120x0,9 cm","Référence 
fQXA",114.0,,,TND,unité,60x120 cm,0.72,Tunis,Le CNT – La Maison du Bien-Vivre,True,,https://www.lecnt.com/effet-marbre/29907-gres-rectifie-naturel-rs-pietra-beige-60x120x09-cm.html,2026-04-05 09:33:29.668783,0.00015650080812585436,,
ecommerce,"Grès rectifié mat ME TORTORA RT 120x278x0,6 cm",autre,"Grès rectifié mat ME TORTORA RT 120x278x0,6 cm","Référence 
FTSH",280.0,,,TND,t,120x278 cm,3.336,Tunis,Le CNT – La Maison du Bien-Vivre,True,,https://www.lecnt.com/grande-dalles/30714-gres-rectifie-mat-me-tortora-rt-120x278x06-cm.html,2026-04-05 09:32:00.969859,0.00038640465015144567,,
ecommerce,Grès rectifié MC BEIGE MATT RT 80X80 cm,autre,Grès rectifié MC BEIGE MATT RT 80X80 cm,"Référence 
FTN2",119.999,,,TND,t,80x80 cm,0.64,Tunis,Le CNT – La Maison du Bien-Vivre,True,,https://www.lecnt.com/effet-pierre/30713-gres-rectifie-mc-beige-matt-rt-80x80-cm.html,2026-04-05 09:32:02.039224,0.00016480920058556232,,
ecommerce,"Grès rectifié CM278 GREEN TREES 120x278x0,6 cm",autre,"Grès rectifié CM278 GREEN TREES 120x278x0,6 cm","Référence 
fRYJ",340.001,,,TND,unité,120x278 cm,3.336,Tunis,Le CNT – La Maison du Bien-Vivre,True,,https://www.lecnt.com/grande-dalles/27586-gres-rectifie-cm278-green-trees-120x278x06-cm.html,2026-04-05 09:32:03.238476,0.0004695038093404668,,
ecommerce,Grès satiné NA WHITE MACROMOSAICO ANTICATO 30x30 cm,autre,Grès satiné NA WHITE MACROMOSAICO ANTICATO 30x30 cm,"Référence 
fQNW",15.001,,,TND,unité,30x30 cm,0.09,Tunis,Le CNT – La Maison du Bien-Vivre,True,,https://www.lecnt.com/effet-pierre/30857-gres-satine-na-white-macromosaico-anticato-30x30-cm.html,2026-04-05 09:32:37.715877,1.9390865615664483e-05,,
ecommerce,Effet 3D,autre,Effet 3D,,45.988,,,TND,t,120x200 cm,2.4,Tunis,Le CNT – La Maison du Bien-Vivre,True,,https://www.lecnt.com/71304-effet-3d,2026-04-05 09:32:39.510563,6.23067111147428e-05,,
blog_article,"Menuiserie (bois, alu)",bois,,,7500.0,,,TND,unité,,,Tunisie,limmobilier.tn (source blog),True,"Menuiserie (bois, alu)",https://limmobilier.tn/article/25/prix-des-materiaux-de-construction-en-tunisie-2025-guide-complet.html,2026-04-05 09:33:34.591996,0.010385836815360901,,
ecommerce,Effet Bois,bois,Effet Bois,,112.0,,,TND,t,120x200 cm,2.4,Tunis,Le CNT – La Maison du Bien-Vivre,True,,https://www.lecnt.com/71298-effet-bois,2026-04-05 09:32:23.352081,0.0001537308823183171,,
blog_article,Prix revêtement de Parquet stratifié Tunis,carrelage,,,112572.0,,,TND,m²,,,Tunis,SM Devis (source blog),True,Prix revêtement de Parquet stratifié Tunis,https://www.sm-devis.tn/prix-pose-sol-mur-plafond-tunis/,2026-04-05 09:42:17.855792,0.15590665904013762,,
blog_article,Prix revêtement de Verre Tunis,carrelage,,,659211.0,,,TND,m²,,,Tunis,SM Devis (source blog),True,Prix revêtement de Verre Tunis,https://www.sm-devis.tn/prix-pose-sol-mur-plafond-tunis/,2026-04-05 09:42:17.859790,0.9129813957933137,,
blog_article,Prix revêtement de Béton composite Tunis,carrelage,,,937.0,,,TND,m²,,,Tunis,SM Devis (source blog),True,Prix revêtement de Béton composite Tunis,https://www.sm-devis.tn/prix-pose-sol-mur-plafond-tunis/,2026-04-05 09:42:17.858792,0.0012963252779274307,,
blog_article,Prix revêtement de Sisal Tunis,carrelage,,,132382.0,,,TND,m²,,,Tunis,SM Devis (source blog),True,Prix revêtement de Sisal Tunis,https://www.sm-devis.tn/prix-pose-sol-mur-plafond-tunis/,2026-04-05 09:42:17.854791,0.18334277416379402,,
blog_article,Prix revêtement de Béton lissé Tunis,carrelage,,,917.0,,,TND,m²,,,Tunis,SM Devis (source blog),True,Prix revêtement de Béton lissé Tunis,https://www.sm-devis.tn/prix-pose-sol-mur-plafond-tunis/,2026-04-05 09:42:17.858792,0.0012686260198520583,,
blog_article,Prix revêtement de Béton ciré Tunis,carrelage,,,1497.0,,,TND,m²,,,Tunis,SM Devis (source blog),True,Prix revêtement de Béton ciré Tunis,https://www.sm-devis.tn/prix-pose-sol-mur-plafond-tunis/,2026-04-05 09:42:17.858792,0.0020719045040378595,,
blog_article,Prix revêtement de Cuir Tunis,carrelage,,,2337.0,,,TND,m²,,,Tunis,SM Devis (source blog),True,Prix revêtement de Cuir Tunis,https://www.sm-devis.tn/prix-pose-sol-mur-plafond-tunis/,2026-04-05 09:42:17.855792,0.0032352733432035024,,
blog_article,Grès cérame,carrelage,,,20150.0,,,TND,unité,,,Tunis,SM Devis (source blog),True,"Grès cérame | entretien facile, résiste à l’humidité et aux tâches | résiste à l’humidité, contact froid, glissant si mouillé | résiste à l’humidité, contact froid, glissant si mouillé",https://www.sm-devis.tn/prix-installation-revetement-sol-tunisie/,2026-04-05 09:41:45.546767,0.027905617548033976,,
blog_article,Prix revêtement de Béton dallé Tunis,carrelage,,,1502.0,,,TND,m²,,,Tunis,SM Devis (source blog),True,Prix revêtement de Béton dallé Tunis,https://www.sm-devis.tn/prix-pose-sol-mur-plafond-tunis/,2026-04-05 09:42:17.858792,0.0020788293185567026,,
blog_article,Prix revêtement de Liège Tunis,carrelage,,,122332.0,,,TND,m²,,,Tunis,SM Devis (source blog),True,Prix revêtement de Liège Tunis,https://www.sm-devis.tn/prix-pose-sol-mur-plafond-tunis/,2026-04-05 09:42:17.855792,0.16942389698091936,,
blog_article,Prix revêtement de Béton coulé Tunis,carrelage,,,1577.0,,,TND,m²,,,Tunis,SM Devis (source blog),True,Prix revêtement de Béton coulé Tunis,https://www.sm-devis.tn/prix-pose-sol-mur-plafond-tunis/,2026-04-05 09:42:17.858792,0.0021827015363393492,,
blog_article,Prix revêtement de Béton naturel Tunis,carrelage,,,1807.0,,,TND,m²,,,Tunis,SM Devis (source blog),True,Prix revêtement de Béton naturel Tunis,https://www.sm-devis.tn/prix-pose-sol-mur-plafond-tunis/,2026-04-05 09:42:17.858792,0.002501243004206132,,
blog_article,Prix revêtement de Pierre reconstituée Tunis,carrelage,,,542.0,,,TND,m²,,,Tunis,SM Devis (source blog),True,Prix revêtement de Pierre reconstituée Tunis,https://www.sm-devis.tn/prix-pose-sol-mur-plafond-tunis/,2026-04-05 09:42:17.857789,0.0007492649309388248,,
blog_article,Prix revêtement de Marbre Tunis,carrelage,,,957.0,,,TND,m²,,,Tunis,SM Devis (source blog),True,Prix revêtement de Marbre Tunis,https://www.sm-devis.tn/prix-pose-sol-mur-plafond-tunis/,2026-04-05 09:42:17.857789,0.0013240245360028032,,
blog_article,Prix revêtement de Granit Tunis,carrelage,,,1102.0,,,TND,m²,,,Tunis,SM Devis (source blog),True,Prix revêtement de Granit Tunis,https://www.sm-devis.tn/prix-pose-sol-mur-plafond-tunis/,2026-04-05 09:42:17.857789,0.0015248441570492534,,
blog_article,Prix revêtement de Ardoise Tunis,carrelage,,,342652.0,,,TND,m²,,,Tunis,SM Devis (source blog),True,Prix revêtement de Ardoise Tunis,https://www.sm-devis.tn/prix-pose-sol-mur-plafond-tunis/,2026-04-05 09:42:17.857789,0.4745589239392223,,
blog_article,Prix revêtement de Pierre blanche Tunis,carrelage,,,897.0,,,TND,m²,,,Tunis,SM Devis (source blog),True,Prix revêtement de Pierre blanche Tunis,https://www.sm-devis.tn/prix-pose-sol-mur-plafond-tunis/,2026-04-05 09:42:17.857789,0.0012409267617766858,,
blog_article,Prix revêtement de Mosaïque Tunis,carrelage,,,122682.0,,,TND,m²,,,Tunis,SM Devis (source blog),True,Prix revêtement de Mosaïque Tunis,https://www.sm-devis.tn/prix-pose-sol-mur-plafond-tunis/,2026-04-05 09:42:17.856789,0.16990863399723838,,
blog_article,Prix revêtement de Faïence Tunis,carrelage,,,887.0,,,TND,m²,,,Tunis,SM Devis (source blog),True,Prix revêtement de Faïence Tunis,https://www.sm-devis.tn/prix-pose-sol-mur-plafond-tunis/,2026-04-05 09:42:17.856789,0.0012270771327389995,,
blog_article,Prix revêtement de Tomettes Tunis,carrelage,,,707.0,,,TND,m²,,,Tunis,SM Devis (source blog),True,Prix revêtement de Tomettes Tunis,https://www.sm-devis.tn/prix-pose-sol-mur-plafond-tunis/,2026-04-05 09:42:17.856789,0.0009777838100606475,,
blog_article,Prix revêtement de Carreaux de ciment Tunis,carrelage,,,232892.0,,,TND,m²,,,Tunis,SM Devis (source blog),True,Prix revêtement de Carreaux de ciment Tunis,https://www.sm-devis.tn/prix-pose-sol-mur-plafond-tunis/,2026-04-05 09:42:17.856789,0.3225453956215783,,
blog_article,Prix revêtement de Parquet massif Tunis,carrelage,,,1017.0,,,TND,m²,,,Tunis,SM Devis (source blog),True,Prix revêtement de Parquet massif Tunis,https://www.sm-devis.tn/prix-pose-sol-mur-plafond-tunis/,2026-04-05 09:42:17.855792,0.0014071223102289205,,
blog_article,Prix revêtement de Terre cuite Tunis,carrelage,,,432672.0,,,TND,m²,,,Tunis,SM Devis (source blog),True,Prix revêtement de Terre cuite Tunis,https://www.sm-devis.tn/prix-pose-sol-mur-plafond-tunis/,2026-04-05 09:42:17.856789,0.5992332845364737,,
blog_article,Prix revêtement de Parquet flottant Tunis,carrelage,,,947.0,,,TND,m²,,,Tunis,SM Devis (source blog),True,Prix revêtement de Parquet flottant Tunis,https://www.sm-devis.tn/prix-pose-sol-mur-plafond-tunis/,2026-04-05 09:42:17.855792,0.001310174906965117,,
blog_article,Prix revêtement de Grès cérame Tunis,carrelage,,,907.0,,,TND,m²,,,Tunis,SM Devis (source blog),True,Prix revêtement de Grès cérame Tunis,https://www.sm-devis.tn/prix-pose-sol-mur-plafond-tunis/,2026-04-05 09:42:17.856789,0.001254776390814372,,
blog_article,Prix revêtement de Coco Tunis,carrelage,,,102292.0,,,TND,m²,,,Tunis,SM Devis (source blog),True,Prix revêtement de Coco Tunis,https://www.sm-devis.tn/prix-pose-sol-mur-plafond-tunis/,2026-04-05 09:42:17.854791,0.14166924038939618,,
blog_article,Isolant fibres de bois,carrelage,,,18.0,10.0,25.0,TND,unité,,,Tunis,SM Devis (source blog),True,Isolant fibres de bois,https://www.sm-devis.tn/prix-de-lisolation-par-lexterieur-en-tunisie/,2026-04-05 09:41:16.797729,2.3544369364066585e-05,1.6977291363708474e-06,8.2069305114366e-05
blog_article,Prix revêtement de Lino Tunis,carrelage,,,212642.0,,,TND,m²,,,Tunis,SM Devis (source blog),True,Prix revêtement de Lino Tunis,https://www.sm-devis.tn/prix-pose-sol-mur-plafond-tunis/,2026-04-05 09:42:17.854791,0.2944998968202637,,
blog_article,"tion totale. Pour une rénovation plus légère ne concernant qu’un seul pignon, la facture sera divisée au minimum par 4 (",carrelage,,,2250.0,2000.0,2500.0,TND,unité,,,Tunis,SM Devis (source blog),True,Fourchette estimée : 2000.0 – 2500.0 DT/unité,https://www.sm-devis.tn/prix-de-lisolation-par-lexterieur-en-tunisie/,2026-04-05 09:41:16.807471,0.003114781570575632,0.000377084504845036,0.008616587378982259
blog_article,"et 153 dt pour du fioul). Le retour sur investissement, après déduction des éventuelles aides, est généralement compris",carrelage,,,14.0,12.0,16.0,TND,unité,,,Tunis,SM Devis (source blog),True,Fourchette estimée : 12.0 – 16.0 DT/unité,https://www.sm-devis.tn/prix-de-lisolation-par-lexterieur-en-tunisie/,2026-04-05 09:41:16.807471,1.8004517748992092e-05,2.0750022777865914e-06,5.103469393666457e-05
blog_article,Béton lissé,carrelage,,,85.0,70.0,100.0,TND,unité,,,Tunis,SM Devis (source blog),True,Fourchette estimée : 70.0 – 100.0 DT/unité,https://www.sm-devis.tn/prix-installation-revetement-sol-tunisie/,2026-04-05 09:41:45.557551,0.0001163368839165643,1.3015923378843163e-05,0.00034069106492854454
blog_article,Béton ciré,carrelage,,,140.0,100.0,180.0,TND,unité,,,Tunis,SM Devis (source blog),True,Fourchette estimée : 100.0 – 180.0 DT/unité,https://www.sm-devis.tn/prix-installation-revetement-sol-tunisie/,2026-04-05 09:41:45.556556,0.00019250984362383853,1.8675020500079322e-05,0.0006165542753970017
blog_article,Béton dallé,carrelage,,,140.0,80.0,200.0,TND,unité,,,Tunis,SM Devis (source blog),True,Fourchette estimée : 80.0 – 200.0 DT/unité,https://www.sm-devis.tn/prix-installation-revetement-sol-tunisie/,2026-04-05 09:41:45.556556,0.00019250984362383853,1.4902289085921883e-05,0.000685520078014116
blog_article,Béton coulé,carrelage,,,150.0,100.0,200.0,TND,unité,,,Tunis,SM Devis (source blog),True,Fourchette estimée : 100.0 – 200.0 DT/unité,https://www.sm-devis.tn/prix-installation-revetement-sol-tunisie/,2026-04-05 09:41:45.556556,0.00020635947266152475,1.8675020500079322e-05,0.000685520078014116
blog_article,"Ainsi, pour une maison sur un seul étage située en région parisienne, le coût de l’isolation par l’extérieur est estimé",carrelage,,,10000.0,8000.0,12000.0,TND,unité,,,Tunis,SM Devis (source blog),True,Fourchette estimée : 8000.0 – 12000.0 DT/unité,https://www.sm-devis.tn/prix-de-lisolation-par-lexterieur-en-tunisie/,2026-04-05 09:41:16.807471,0.013848244074782457,0.0015089039290922676,0.04137534362211154
blog_article,Marbre,carrelage,,,92.5,45.0,140.0,TND,unité,,,Tunis,SM Devis (source blog),True,Fourchette estimée : 45.0 – 140.0 DT/unité,https://www.sm-devis.tn/prix-installation-revetement-sol-tunisie/,2026-04-05 09:41:45.556556,0.00012672410569482896,8.300009111146365e-06,0.00047862267016277315
blog_article,Ardoise,carrelage,,,45.0,30.0,60.0,TND,unité,,,Tunis,SM Devis (source blog),True,Fourchette estimée : 30.0 – 60.0 DT/unité,https://www.sm-devis.tn/prix-installation-revetement-sol-tunisie/,2026-04-05 09:41:45.556556,6.093836776581939e-05,5.470460550528286e-06,0.00020275945969431598
blog_article,Pierre blanche,carrelage,,,85.0,50.0,120.0,TND,unité,,,Tunis,SM Devis (source blog),True,Fourchette estimée : 50.0 – 120.0 DT/unité,https://www.sm-devis.tn/prix-installation-revetement-sol-tunisie/,2026-04-05 09:41:45.556556,0.0001163368839165643,9.243191964685726e-06,0.00040965686754565884
blog_article,Mosaïque,carrelage,,,35.0,10.0,60.0,TND,unité,,,Tunis,SM Devis (source blog),True,Fourchette estimée : 10.0 – 60.0 DT/unité,https://www.sm-devis.tn/prix-installation-revetement-sol-tunisie/,2026-04-05 09:41:45.556556,4.708873872813317e-05,1.6977291363708474e-06,0.00020275945969431598
blog_article,Faïence,carrelage,,,85.0,20.0,150.0,TND,unité,,,Tunis,SM Devis (source blog),True,Fourchette estimée : 20.0 – 150.0 DT/unité,https://www.sm-devis.tn/prix-installation-revetement-sol-tunisie/,2026-04-05 09:41:45.556556,0.0001163368839165643,3.5840948434495667e-06,0.0005131055714713302
blog_article,Tomettes,carrelage,,,65.0,30.0,100.0,TND,unité,,,Tunis,SM Devis (source blog),True,Fourchette estimée : 30.0 – 100.0 DT/unité,https://www.sm-devis.tn/prix-installation-revetement-sol-tunisie/,2026-04-05 09:41:45.556556,8.863762584119184e-05,5.470460550528286e-06,0.00034069106492854454
blog_article,Carreaux de ciment,carrelage,,,50.0,20.0,80.0,TND,unité,,,Tunis,SM Devis (source blog),True,Fourchette estimée : 20.0 – 80.0 DT/unité,https://www.sm-devis.tn/prix-installation-revetement-sol-tunisie/,2026-04-05 09:41:45.556556,6.78631822846625e-05,3.5840948434495667e-06,0.00027172526231143023
blog_article,Granit,carrelage,,,105.0,60.0,150.0,TND,unité,,,Tunis,SM Devis (source blog),True,Fourchette estimée : 60.0 – 150.0 DT/unité,https://www.sm-devis.tn/prix-installation-revetement-sol-tunisie/,2026-04-05 09:41:45.556556,0.00014403614199193674,1.1129557671764444e-05,0.0005131055714713302
blog_article,Prix revêtement de Jonc de mer Tunis,carrelage,,,92432.0,,,TND,m²,,,Tunis,SM Devis (source blog),True,Prix revêtement de Jonc de mer Tunis,https://www.sm-devis.tn/prix-pose-sol-mur-plafond-tunis/,2026-04-05 09:42:17.854791,0.12801350615823756,,
blog_article,"yen pour des travaux d’isolation par l’extérieur est estimé à  4778 dt, avec une fourchette moyenne des dépenses située",carrelage,,,4777.5,3822.0,5733.0,TND,unité,,,Tunis,SM Devis (source blog),True,Fourchette estimée : 3822.0 – 5733.0 DT/unité,https://www.sm-devis.tn/prix-de-lisolation-par-lexterieur-en-tunisie/,2026-04-05 09:41:16.806470,0.006615275309850826,0.0007207803366747786,0.019764909372038782
blog_article,Pose d’isolant,carrelage,,,80.0,60.0,100.0,TND,unité,,,Tunis,SM Devis (source blog),True,Pose d’isolant,https://www.sm-devis.tn/prix-de-lisolation-par-lexterieur-en-tunisie/,2026-04-05 09:41:16.798822,0.00010941206939772119,1.1129557671764444e-05,0.00034069106492854454
blog_article,Prix revêtement de Moquette Tunis,carrelage,,,722042.0,,,TND,m²,,,Tunis,SM Devis (source blog),True,Prix revêtement de Moquette Tunis,https://www.sm-devis.tn/prix-pose-sol-mur-plafond-tunis/,2026-04-05 09:42:17.854791,1.0,,
blog_article,Prix revêtement de PVC Tunis,carrelage,,,52582.0,,,TND,m²,,,Tunis,SM Devis (source blog),True,Prix revêtement de PVC Tunis,https://www.sm-devis.tn/prix-pose-sol-mur-plafond-tunis/,2026-04-05 09:42:17.854791,0.07282273444305794,,
blog_article,Isolant laine de verre,carrelage,,,7.0,3.0,10.0,TND,unité,,,Tunis,SM Devis (source blog),True,Isolant laine de verre,https://www.sm-devis.tn/prix-de-lisolation-par-lexterieur-en-tunisie/,2026-04-05 09:41:16.797216,8.309777422611736e-06,3.772731414157439e-07,3.0344953151530288e-05
blog_article,Isolant laine de roche,carrelage,,,10.0,5.0,15.0,TND,unité,,,Tunis,SM Devis (source blog),True,Isolant laine de roche,https://www.sm-devis.tn/prix-de-lisolation-par-lexterieur-en-tunisie/,2026-04-05 09:41:16.797216,1.2464666133917603e-05,7.545462828314878e-07,4.7586403805808854e-05
blog_article,Isolant chanvre,carrelage,,,18.0,10.0,25.0,TND,unité,,,Tunis,SM Devis (source blog),True,Isolant chanvre,https://www.sm-devis.tn/prix-de-lisolation-par-lexterieur-en-tunisie/,2026-04-05 09:41:16.797216,2.3544369364066585e-05,1.6977291363708474e-06,8.2069305114366e-05
blog_article,Prix revêtement de Métal Tunis,carrelage,,,2821.0,,,TND,m²,,,Tunis,SM Devis (source blog),True,Prix revêtement de Métal Tunis,https://www.sm-devis.tn/prix-pose-sol-mur-plafond-tunis/,2026-04-05 09:42:17.859790,0.0039055953886275156,,
blog_article,"Concernant l’ITE, le coût moyen est estimé",carrelage,,,65.0,50.0,80.0,TND,unité,,,Tunis,SM Devis (source blog),True,Fourchette estimée : 50.0 – 80.0 DT/unité,https://www.sm-devis.tn/prix-de-lisolation-par-lexterieur-en-tunisie/,2026-04-05 09:41:16.806470,8.863762584119184e-05,9.243191964685726e-06,0.00027172526231143023
blog_article,Isolant fibres de lin,carrelage,,,20.0,15.0,25.0,TND,unité,,,Tunis,SM Devis (source blog),True,Isolant fibres de lin,https://www.sm-devis.tn/prix-de-lisolation-par-lexterieur-en-tunisie/,2026-04-05 09:41:16.797729,2.631429517160383e-05,2.640911989910207e-06,8.2069305114366e-05
blog_article,Isolant polyuréthane,carrelage,,,20.0,15.0,25.0,TND,unité,,,Tunis,SM Devis (source blog),True,Isolant polyuréthane,https://www.sm-devis.tn/prix-de-lisolation-par-lexterieur-en-tunisie/,2026-04-05 09:41:16.797729,2.631429517160383e-05,2.640911989910207e-06,8.2069305114366e-05
blog_article,Isolant laine de coton,carrelage,,,23.0,15.0,30.0,TND,unité,,,Tunis,SM Devis (source blog),True,Isolant laine de coton,https://www.sm-devis.tn/prix-de-lisolation-par-lexterieur-en-tunisie/,2026-04-05 09:41:16.797729,3.0469183882909695e-05,2.640911989910207e-06,9.931075576864456e-05
blog_article,Isolant verre cellulaire,carrelage,,,33.0,15.0,50.0,TND,unité,,,Tunis,SM Devis (source blog),True,Isolant verre cellulaire,https://www.sm-devis.tn/prix-de-lisolation-par-lexterieur-en-tunisie/,2026-04-05 09:41:16.797729,4.431881292059592e-05,2.640911989910207e-06,0.00016827655838575883
blog_article,Isolant béton cellulaire,carrelage,,,38.0,25.0,50.0,TND,unité,,,Tunis,SM Devis (source blog),True,Isolant béton cellulaire,https://www.sm-devis.tn/prix-de-lisolation-par-lexterieur-en-tunisie/,2026-04-05 09:41:16.797729,5.124362743943903e-05,4.5272776969889265e-06,0.00016827655838575883
blog_article,Isolant panneaux isolants sous vide,carrelage,,,53.0,40.0,65.0,TND,unité,,,Tunis,SM Devis (source blog),True,Isolant panneaux isolants sous vide,https://www.sm-devis.tn/prix-de-lisolation-par-lexterieur-en-tunisie/,2026-04-05 09:41:16.798822,7.201807099596837e-05,7.356826257607005e-06,0.00022000091034859456
blog_article,Isolant brique monomur,carrelage,,,65.0,45.0,85.0,TND,unité,,,Tunis,SM Devis (source blog),True,Isolant brique monomur,https://www.sm-devis.tn/prix-de-lisolation-par-lexterieur-en-tunisie/,2026-04-05 09:41:16.798822,8.863762584119184e-05,8.300009111146365e-06,0.0002889667129657088
blog_article,Isolant polystyrène,carrelage,,,20.0,15.0,25.0,TND,unité,,,Tunis,SM Devis (source blog),True,Isolant polystyrène,https://www.sm-devis.tn/prix-de-lisolation-par-lexterieur-en-tunisie/,2026-04-05 09:41:16.797729,2.631429517160383e-05,2.640911989910207e-06,8.2069305114366e-05
blog_article,en Tunisie varie entre 15 dt/m,carrelage,,,126.0,2.0,250.0,TND,m,,,Tunis,SM Devis (source blog),True,Fourchette estimée : 2.0 – 250.0 DT/m,https://www.sm-devis.tn/prix-pose-sol-mur-plafond-tunis/,2026-04-05 09:42:17.865789,0.00017312036297107783,1.8863657070787194e-07,0.0008579345845569017
blog_article,Terre cuite,carrelage,,,4060.0,,,TND,unité,,,Tunis,SM Devis (source blog),True,Terre cuite | poreuse mais peut être traité contre l’humidité et les tâches. Nécessite un bon entretien | poreuse mais peut être traité contre l’humidité et les tâches. Nécessite un bon entretien | poreuse mais peut être traité contre l’humidité et les tâches. Nécessite un bon entretien,https://www.sm-devis.tn/prix-installation-revetement-sol-tunisie/,2026-04-05 09:41:45.546767,0.005621564426396839,,
blog_article,au m,carrelage,,,103.0,2.0,204.0,TND,au,,,Tunis,SM Devis (source blog),True,Fourchette estimée : 2.0 – 204.0 DT/au,https://www.sm-devis.tn/prix-pose-sol-mur-plafond-tunis/,2026-04-05 09:42:17.865789,0.0001412662161843995,1.8863657070787194e-07,0.0006993132385375388
blog_article,(hors pose) : de 29 dtà 129 dt / m² pour du grès cérame,carrelage,,,94.0,29.0,159.0,TND,m²,,,Tunis,SM Devis (source blog),True,Fourchette estimée : 29.0 – 159.0 DT/m²,https://www.sm-devis.tn/prix-revetement-mural-tunis/,2026-04-05 09:42:23.513054,0.0001288015500504819,5.281823979820414e-06,0.0005441401826490317
blog_article,"(hors pose) : de 29 dtà 129 dt / m² pour du grès cérame, de 29 dt à 159 dt / m² pour un carrelage mural en faïence",carrelage,,,102.0,45.0,159.0,TND,m²,,,Tunis,SM Devis (source blog),True,Fourchette estimée : 45.0 – 159.0 DT/m²,https://www.sm-devis.tn/prix-revetement-mural-tunis/,2026-04-05 09:42:23.513054,0.00013988125328063088,8.300009111146365e-06,0.0005441401826490317
blog_article,(hors pose) : de  10 dt /m2 à 59 dt / m² pour du tissu tendu,carrelage,,,81.5,19.0,144.0,TND,roulea,,,Tunis,SM Devis (source blog),True,Fourchette estimée : 19.0 – 144.0 DT/roulea,https://www.sm-devis.tn/prix-revetement-mural-tunis/,2026-04-05 09:42:23.515048,0.00011148951375337411,3.395458272741695e-06,0.000492415830686196
blog_article,(hors pose) : de  10 dt /m,carrelage,,,30.5,2.0,59.0,TND,m²,,,Tunis,SM Devis (source blog),True,Fourchette estimée : 2.0 – 59.0 DT/m²,https://www.sm-devis.tn/prix-revetement-mural-tunis/,2026-04-05 09:42:23.515048,4.085640566117437e-05,1.8863657070787194e-07,0.00019931116956346025
blog_article,(hors pose),carrelage,,,40.5,12.0,69.0,TND,m²,,,Tunis,SM Devis (source blog),True,Fourchette estimée : 12.0 – 69.0 DT/m²,https://www.sm-devis.tn/prix-revetement-mural-tunis/,2026-04-05 09:42:23.515048,5.4706034698860594e-05,2.0750022777865914e-06,0.0002337940708720174
blog_article,(hors pose),carrelage,,,33.5,9.0,58.0,TND,roulea,,,Tunis,SM Devis (source blog),True,Fourchette estimée : 9.0 – 58.0 DT/roulea,https://www.sm-devis.tn/prix-revetement-mural-tunis/,2026-04-05 09:42:23.513972,4.5011294372480235e-05,1.5090925656629756e-06,0.00019586287943260455
blog_article,"pour du bois brut, de 28 dt à 65 dt / m² pour du bois revêtu, et",carrelage,,,35.0,11.0,59.0,TND,m²,,,Tunis,SM Devis (source blog),True,Fourchette estimée : 11.0 – 59.0 DT/m²,https://www.sm-devis.tn/prix-revetement-mural-tunis/,2026-04-05 09:42:23.513972,4.708873872813317e-05,1.8863657070787193e-06,0.00019931116956346025
blog_article,pour du bois brut,carrelage,,,46.5,28.0,65.0,TND,m²,,,Tunis,SM Devis (source blog),True,Fourchette estimée : 28.0 – 65.0 DT/m²,https://www.sm-devis.tn/prix-revetement-mural-tunis/,2026-04-05 09:42:23.513972,6.301581212147233e-05,5.093187409112542e-06,0.00022000091034859456
blog_article,(hors pose),carrelage,,,39.0,19.0,59.0,TND,m²,,,Tunis,SM Devis (source blog),True,Fourchette estimée : 19.0 – 59.0 DT/m²,https://www.sm-devis.tn/prix-revetement-mural-tunis/,2026-04-05 09:42:23.513972,5.262859034320766e-05,3.395458272741695e-06,0.00019931116956346025
blog_article,"à 8 dt / m² pour un crépi d’intérieur, de 12 dt à 35 dt / m² pour du stuc, de 12 dt  à 35 dt / m² pour un tadelakt, et",carrelage,,,34.0,29.0,39.0,TND,m²,,,Tunis,SM Devis (source blog),True,Fourchette estimée : 29.0 – 39.0 DT/m²,https://www.sm-devis.tn/prix-revetement-mural-tunis/,2026-04-05 09:42:23.513972,4.570377582436454e-05,5.281823979820414e-06,0.00013034536694634598
blog_article,"m² pour un enduit à la chaux Tunis , de 5 dt à 8 dt / m² pour un crépi d’intérieur, de 12 dt à 35 dt / m² pour du stuc",carrelage,,,23.5,12.0,35.0,TND,m²,,,Tunis,SM Devis (source blog),True,Fourchette estimée : 12.0 – 35.0 DT/m²,https://www.sm-devis.tn/prix-revetement-mural-tunis/,2026-04-05 09:42:23.513972,3.116166533479401e-05,2.0750022777865914e-06,0.00011655220642292313
blog_article,"(hors pose) : de 15 dt à 55 dt / m² pour un enduit à la chaux Tunis , de 5 dt à 8 dt / m² pour un crépi d’intérieur",carrelage,,,23.5,12.0,35.0,TND,m²,,,Tunis,SM Devis (source blog),True,Fourchette estimée : 12.0 – 35.0 DT/m²,https://www.sm-devis.tn/prix-revetement-mural-tunis/,2026-04-05 09:42:23.513972,3.116166533479401e-05,2.0750022777865914e-06,0.00011655220642292313
blog_article,(hors pose) : de 15 dt à 55 dt / m² pour un enduit à la chaux Tunis,carrelage,,,6.5,5.0,8.0,TND,m²,,,Tunis,SM Devis (source blog),True,Fourchette estimée : 5.0 – 8.0 DT/m²,https://www.sm-devis.tn/prix-revetement-mural-tunis/,2026-04-05 09:42:23.513972,7.617295970727424e-06,7.545462828314878e-07,2.3448372889818856e-05
blog_article,(hors pose),carrelage,,,79.0,29.0,129.0,TND,m²,,,Tunis,SM Devis (source blog),True,Fourchette estimée : 29.0 – 129.0 DT/m²,https://www.sm-devis.tn/prix-revetement-mural-tunis/,2026-04-05 09:42:23.513054,0.00010802710649395256,5.281823979820414e-06,0.00044069147872336027
blog_article,(hors pose),carrelage,,,35.0,15.0,55.0,TND,m²,,,Tunis,SM Devis (source blog),True,Fourchette estimée : 15.0 – 55.0 DT/m²,https://www.sm-devis.tn/prix-revetement-mural-tunis/,2026-04-05 09:42:23.513972,4.708873872813317e-05,2.640911989910207e-06,0.0001855180090400374
blog_article,"Tunis, de 38 dt à 150 dt/ m² pour des carreaux de ciment Tunis, de 37 dt à 280 dt / m² pour de la pierre naturelle, et",carrelage,,,108.5,37.0,180.0,TND,m²,,,Tunis,SM Devis (source blog),True,Fourchette estimée : 37.0 – 180.0 DT/m²,https://www.sm-devis.tn/prix-revetement-mural-tunis/,2026-04-05 09:42:23.513972,0.00014888351215512692,6.79091654548339e-06,0.0006165542753970017
blog_article,"9 dt à 159 dt / m² pour un carrelage mural en faïence à Tunis, de 38 dt à 150 dt/ m² pour des carreaux de ciment Tunis",carrelage,,,158.5,37.0,280.0,TND,m²,,,Tunis,SM Devis (source blog),True,Fourchette estimée : 37.0 – 280.0 DT/m²,https://www.sm-devis.tn/prix-revetement-mural-tunis/,2026-04-05 09:42:23.513972,0.00021813165734355805,6.79091654548339e-06,0.0009613832884825731
blog_article,"pose) : de 27 dt à 159 dt / m² pour du grès cérame, de 29 dt à 159 dt / m² pour un carrelage mural en faïence à Tunis",carrelage,,,94.0,38.0,150.0,TND,m²,,,Tunis,SM Devis (source blog),True,Fourchette estimée : 38.0 – 150.0 DT/m²,https://www.sm-devis.tn/prix-revetement-mural-tunis/,2026-04-05 09:42:23.513972,0.0001288015500504819,6.9795531161912615e-06,0.0005131055714713302
blog_article,(hors pose) : de 27 dt à 159 dt / m² pour du grès cérame,carrelage,,,94.0,29.0,159.0,TND,m²,,,Tunis,SM Devis (source blog),True,Fourchette estimée : 29.0 – 159.0 DT/m²,https://www.sm-devis.tn/prix-revetement-mural-tunis/,2026-04-05 09:42:23.513972,0.0001288015500504819,5.281823979820414e-06,0.0005441401826490317
blog_article,(hors pose),carrelage,,,93.0,27.0,159.0,TND,m²,,,Tunis,SM Devis (source blog),True,Fourchette estimée : 27.0 – 159.0 DT/m²,https://www.sm-devis.tn/prix-revetement-mural-tunis/,2026-04-05 09:42:23.513972,0.00012741658714671326,4.90455083840467e-06,0.0005441401826490317
blog_article,"(hors pose) : de 9 dt à 19 dt / m² pour une peinture à l’eau, et",carrelage,,,22.5,6.0,39.0,TND,m²,,,Tunis,SM Devis (source blog),True,Fourchette estimée : 6.0 – 39.0 DT/m²,https://www.sm-devis.tn/prix-revetement-mural-tunis/,2026-04-05 09:42:23.513054,2.9776702431025385e-05,9.431828535393596e-07,0.00013034536694634598
blog_article,(hors pose),carrelage,,,14.0,9.0,19.0,TND,m²,,,Tunis,SM Devis (source blog),True,Fourchette estimée : 9.0 – 19.0 DT/m²,https://www.sm-devis.tn/prix-revetement-mural-tunis/,2026-04-05 09:42:23.513054,1.8004517748992092e-05,1.5090925656629756e-06,6.137956432923171e-05
blog_article,(hors pose),carrelage,,,74.0,19.0,129.0,TND,m²,,,Tunis,SM Devis (source blog),True,Fourchette estimée : 19.0 – 129.0 DT/m²,https://www.sm-devis.tn/prix-revetement-mural-tunis/,2026-04-05 09:42:23.513054,0.00010110229197510945,3.395458272741695e-06,0.00044069147872336027
blog_article,Tissu,carrelage,,,41.5,5.0,78.0,TND,unité,,,Tunis,SM Devis (source blog),True,Fourchette estimée : 5.0 – 78.0 DT/unité,https://www.sm-devis.tn/prix-revetement-mural-tunis/,2026-04-05 09:42:23.513054,5.6090997602629214e-05,7.545462828314878e-07,0.00026482868204971883
blog_article,Carrelage,carrelage,,,33.0,8.0,58.0,TND,unité,,,Tunis,SM Devis (source blog),True,Fourchette estimée : 8.0 – 58.0 DT/unité,https://www.sm-devis.tn/prix-revetement-mural-tunis/,2026-04-05 09:42:23.513054,4.431881292059592e-05,1.3204559949551035e-06,0.00019586287943260455
blog_article,Papier peint,carrelage,,,18.0,7.0,29.0,TND,unité,,,Tunis,SM Devis (source blog),True,Fourchette estimée : 7.0 – 29.0 DT/unité,https://www.sm-devis.tn/prix-revetement-mural-tunis/,2026-04-05 09:42:23.513054,2.3544369364066585e-05,1.1318194242472316e-06,9.586246563778885e-05
blog_article,Fibre de verre,carrelage,,,7.0,5.0,9.0,TND,unité,,,Tunis,SM Devis (source blog),True,Fourchette estimée : 5.0 – 9.0 DT/unité,https://www.sm-devis.tn/prix-revetement-mural-tunis/,2026-04-05 09:42:23.513054,8.309777422611736e-06,7.545462828314878e-07,2.6896663020674568e-05
blog_article,Lambris PVC,carrelage,,,10.5,9.0,12.0,TND,unité,,,Tunis,SM Devis (source blog),True,Fourchette estimée : 9.0 – 12.0 DT/unité,https://www.sm-devis.tn/prix-revetement-mural-tunis/,2026-04-05 09:42:23.513054,1.3157147585801915e-05,1.5090925656629756e-06,3.7241533413241716e-05
blog_article,(hors pose),carrelage,,,109.5,29.0,190.0,TND,roulea,,,Tunis,SM Devis (source blog),True,Fourchette estimée : 29.0 – 190.0 DT/roulea,https://www.sm-devis.tn/prix-revetement-mural-tunis/,2026-04-05 09:42:23.513972,0.00015026847505889555,5.281823979820414e-06,0.0006510371767055589
blog_article,varie entre 9 dt/m,carrelage,,,40.0,2.0,78.0,TND,m,,,Tunis,SM Devis (source blog),True,Fourchette estimée : 2.0 – 78.0 DT/m,https://www.sm-devis.tn/prix-revetement-mural-tunis/,2026-04-05 09:42:23.513054,5.401355324697628e-05,1.8863657070787194e-07,0.00026482868204971883
blog_article,Tissu,carrelage,,,578.0,,,TND,unité,,,Tunis,SM Devis (source blog),True,,https://www.sm-devis.tn/prix-revetement-mural-tunis/,2026-04-05 09:42:23.504060,0.0007991235954744952,,
blog_article,Carrelage,carrelage,,,858.0,,,TND,unité,,,Tunis,SM Devis (source blog),True,,https://www.sm-devis.tn/prix-revetement-mural-tunis/,2026-04-05 09:42:23.504060,0.0011869132085297095,,
blog_article,au m,carrelage,,,33.0,2.0,64.0,TND,au,,,Tunis,SM Devis (source blog),True,Fourchette estimée : 2.0 – 64.0 DT/au,https://www.sm-devis.tn/prix-pose-sol-mur-plafond-tunis/,2026-04-05 09:42:17.865789,4.431881292059592e-05,1.8863657070787194e-07,0.00021655262021773883
blog_article,au m,carrelage,,,22.5,2.0,43.0,TND,au,,,Tunis,SM Devis (source blog),True,Fourchette estimée : 2.0 – 43.0 DT/au,https://www.sm-devis.tn/prix-pose-sol-mur-plafond-tunis/,2026-04-05 09:42:17.865789,2.9776702431025385e-05,1.8863657070787194e-07,0.00014413852746976883
blog_article,au m,carrelage,,,15.5,2.0,29.0,TND,au,,,Tunis,SM Devis (source blog),True,Fourchette estimée : 2.0 – 29.0 DT/au,https://www.sm-devis.tn/prix-pose-sol-mur-plafond-tunis/,2026-04-05 09:42:17.865789,2.0081962104645027e-05,1.8863657070787194e-07,9.586246563778885e-05
blog_article,au m,carrelage,,,20.0,2.0,38.0,TND,au,,,Tunis,SM Devis (source blog),True,Fourchette estimée : 2.0 – 38.0 DT/au,https://www.sm-devis.tn/prix-pose-sol-mur-plafond-tunis/,2026-04-05 09:42:17.865789,2.631429517160383e-05,1.8863657070787194e-07,0.00012689707681549028
blog_article,au m,carrelage,,,128.5,2.0,255.0,TND,au,,,Tunis,SM Devis (source blog),True,Fourchette estimée : 2.0 – 255.0 DT/au,https://www.sm-devis.tn/prix-pose-sol-mur-plafond-tunis/,2026-04-05 09:42:17.865789,0.0001765827702304994,1.8863657070787194e-07,0.0008751760352111803
blog_article,au m,carrelage,,,17.5,2.0,33.0,TND,au,,,Tunis,SM Devis (source blog),True,Fourchette estimée : 2.0 – 33.0 DT/au,https://www.sm-devis.tn/prix-pose-sol-mur-plafond-tunis/,2026-04-05 09:42:17.865789,2.285188791218227e-05,1.8863657070787194e-07,0.00010965562616121171
blog_article,au m,carrelage,,,76.5,2.0,151.0,TND,au,,,Tunis,SM Devis (source blog),True,Fourchette estimée : 2.0 – 151.0 DT/au,https://www.sm-devis.tn/prix-pose-sol-mur-plafond-tunis/,2026-04-05 09:42:17.865789,0.000104564699234531,1.8863657070787194e-07,0.000516553861602186
blog_article,au m,carrelage,,,79.5,2.0,157.0,TND,au,,,Tunis,SM Devis (source blog),True,Fourchette estimée : 2.0 – 157.0 DT/au,https://www.sm-devis.tn/prix-pose-sol-mur-plafond-tunis/,2026-04-05 09:42:17.865789,0.00010871958794583687,1.8863657070787194e-07,0.0005372436023873203
blog_article,au m,carrelage,,,29.5,2.0,57.0,TND,au,,,Tunis,SM Devis (source blog),True,Fourchette estimée : 2.0 – 57.0 DT/au,https://www.sm-devis.tn/prix-pose-sol-mur-plafond-tunis/,2026-04-05 09:42:17.865789,3.9471442757405746e-05,1.8863657070787194e-07,0.00019241458930174883
blog_article,au m,carrelage,,,80.0,2.0,158.0,TND,au,,,Tunis,SM Devis (source blog),True,Fourchette estimée : 2.0 – 158.0 DT/au,https://www.sm-devis.tn/prix-pose-sol-mur-plafond-tunis/,2026-04-05 09:42:17.865789,0.00010941206939772119,1.8863657070787194e-07,0.000540691892518176
blog_article,au m,carrelage,,,34.5,2.0,67.0,TND,au,,,Tunis,SM Devis (source blog),True,Fourchette estimée : 2.0 – 67.0 DT/au,https://www.sm-devis.tn/prix-pose-sol-mur-plafond-tunis/,2026-04-05 09:42:17.865789,4.6396257276248856e-05,1.8863657070787194e-07,0.00022689749061030598
blog_article,au m,carrelage,,,45.5,2.0,89.0,TND,au,,,Tunis,SM Devis (source blog),True,Fourchette estimée : 2.0 – 89.0 DT/au,https://www.sm-devis.tn/prix-pose-sol-mur-plafond-tunis/,2026-04-05 09:42:17.865789,6.16308492177037e-05,1.8863657070787194e-07,0.00030275987348913166
blog_article,au m,carrelage,,,56.5,2.0,111.0,TND,unité,,,Tunis,SM Devis (source blog),True,Fourchette estimée : 2.0 – 111.0 DT/unité,https://www.sm-devis.tn/prix-pose-sol-mur-plafond-tunis/,2026-04-05 09:42:17.865789,7.686544115915855e-05,1.8863657070787194e-07,0.0003786222563679574
blog_article,au m,carrelage,,,79.0,2.0,156.0,TND,au,,,Tunis,SM Devis (source blog),True,Fourchette estimée : 2.0 – 156.0 DT/au,https://www.sm-devis.tn/prix-pose-sol-mur-plafond-tunis/,2026-04-05 09:42:17.865789,0.00010802710649395256,1.8863657070787194e-07,0.0005337953122564646
blog_article,au m,carrelage,,,35.0,2.0,68.0,TND,au,,,Tunis,SM Devis (source blog),True,Fourchette estimée : 2.0 – 68.0 DT/au,https://www.sm-devis.tn/prix-pose-sol-mur-plafond-tunis/,2026-04-05 09:42:17.865789,4.708873872813317e-05,1.8863657070787194e-07,0.00023034578074116168
blog_article,au m,carrelage,,,64.5,2.0,127.0,TND,au,,,Tunis,SM Devis (source blog),True,Fourchette estimée : 2.0 – 127.0 DT/au,https://www.sm-devis.tn/prix-pose-sol-mur-plafond-tunis/,2026-04-05 09:42:17.866789,8.794514438930753e-05,1.8863657070787194e-07,0.0004337948984616488
blog_article,au m,carrelage,,,33.5,2.0,65.0,TND,au,,,Tunis,SM Devis (source blog),True,Fourchette estimée : 2.0 – 65.0 DT/au,https://www.sm-devis.tn/prix-pose-sol-mur-plafond-tunis/,2026-04-05 09:42:17.866789,4.5011294372480235e-05,1.8863657070787194e-07,0.00022000091034859456
blog_article,au m,carrelage,,,75.0,2.0,148.0,TND,au,,,Tunis,SM Devis (source blog),True,Fourchette estimée : 2.0 – 148.0 DT/au,https://www.sm-devis.tn/prix-pose-sol-mur-plafond-tunis/,2026-04-05 09:42:17.866789,0.00010248725487887806,1.8863657070787194e-07,0.0005062089912096189
blog_article,au m,carrelage,,,130.5,2.0,259.0,TND,au,,,Tunis,SM Devis (source blog),True,Fourchette estimée : 2.0 – 259.0 DT/au,https://www.sm-devis.tn/prix-pose-sol-mur-plafond-tunis/,2026-04-05 09:42:17.866789,0.00017935269603803661,1.8863657070787194e-07,0.0008889691957346031
blog_article,Terre cuite,carrelage,,,50.0,40.0,60.0,TND,unité,,,Tunis,SM Devis (source blog),True,Fourchette estimée : 40.0 – 60.0 DT/unité,https://www.sm-devis.tn/prix-installation-revetement-sol-tunisie/,2026-04-05 09:41:45.556556,6.78631822846625e-05,7.356826257607005e-06,0.00020275945969431598
blog_article,au m,carrelage,,,107.0,2.0,212.0,TND,au,,,Tunis,SM Devis (source blog),True,Fourchette estimée : 2.0 – 212.0 DT/au,https://www.sm-devis.tn/prix-pose-sol-mur-plafond-tunis/,2026-04-05 09:42:17.866789,0.000146806067799474,1.8863657070787194e-07,0.0007268995595843845
blog_article,au m,carrelage,,,108.5,2.0,215.0,TND,au,,,Tunis,SM Devis (source blog),True,Fourchette estimée : 2.0 – 215.0 DT/au,https://www.sm-devis.tn/prix-pose-sol-mur-plafond-tunis/,2026-04-05 09:42:17.866789,0.00014888351215512692,1.8863657070787194e-07,0.0007372444299769517
blog_article,au m,carrelage,,,95.5,2.0,189.0,TND,au,,,Tunis,SM Devis (source blog),True,Fourchette estimée : 2.0 – 189.0 DT/au,https://www.sm-devis.tn/prix-pose-sol-mur-plafond-tunis/,2026-04-05 09:42:17.866789,0.00013087899440613484,1.8863657070787194e-07,0.0006475888865747031
blog_article,au m,carrelage,,,57.0,2.0,112.0,TND,au,,,Tunis,SM Devis (source blog),True,Fourchette estimée : 2.0 – 112.0 DT/au,https://www.sm-devis.tn/prix-pose-sol-mur-plafond-tunis/,2026-04-05 09:42:17.866789,7.755792261104286e-05,1.8863657070787194e-07,0.0003820705464988131
blog_article,Le prix d’un  chauffage au sol (plancher chauffant) Tunisie varie,carrelage,,,15150.0,300.0,30000.0,TND,unité,,,Tunis,SM Devis (source blog),True,Fourchette estimée : 300.0 – 30000.0 DT/unité,https://www.sm-devis.tn/devis-chauffage-sol-plancher-chauffant/,2026-04-05 09:36:33.699897,0.020980803029190864,5.640233464165371e-05,0.10344456597751439
blog_article,Chauffage au sol,carrelage,,,300.0,,9500.0,TND,unité,,,Tunis,SM Devis (source blog),True,25000 dt,https://www.sm-devis.tn/devis-chauffage-sol-plancher-chauffant/,2026-04-05 09:36:33.694706,0.00041410390822681816,,0.032754618294972254
blog_article,Lambris PVC,carrelage,,,912.0,,,TND,unité,,,Tunis,SM Devis (source blog),True,,https://www.sm-devis.tn/prix-revetement-mural-tunis/,2026-04-05 09:42:23.504060,0.0012617012053332151,,
blog_article,Fibre de verre,carrelage,,,59.0,,,TND,unité,,,Tunis,SM Devis (source blog),True,,https://www.sm-devis.tn/prix-revetement-mural-tunis/,2026-04-05 09:42:23.504060,8.03278484185801e-05,,
blog_article,Papier peint,carrelage,,,729.0,,,TND,unité,,,Tunis,SM Devis (source blog),True,,https://www.sm-devis.tn/prix-revetement-mural-tunis/,2026-04-05 09:42:23.504060,0.0010082529939435573,,
blog_article,au m,carrelage,,,30.0,2.0,58.0,TND,au,,,Tunis,SM Devis (source blog),True,Fourchette estimée : 2.0 – 58.0 DT/au,https://www.sm-devis.tn/prix-pose-sol-mur-plafond-tunis/,2026-04-05 09:42:17.865789,4.016392420929005e-05,1.8863657070787194e-07,0.00019586287943260455
blog_article,Grès cérame,carrelage,,,85.0,20.0,150.0,TND,unité,,,Tunis,SM Devis (source blog),True,Fourchette estimée : 20.0 – 150.0 DT/unité,https://www.sm-devis.tn/prix-installation-revetement-sol-tunisie/,2026-04-05 09:41:45.556556,0.0001163368839165643,3.5840948434495667e-06,0.0005131055714713302
blog_article,5 à 30 dt par m²,carrelage,,,17.5,15.0,20.0,TND,unité,,,Tunis,SM Devis (source blog),True,Fourchette estimée : 15.0 – 20.0 DT/unité,https://www.sm-devis.tn/prix-installation-revetement-sol-tunisie/,2026-04-05 09:41:45.556556,2.285188791218227e-05,2.640911989910207e-06,6.482785446008742e-05
blog_article,Parquet flottant,carrelage,,,90.0,30.0,150.0,TND,unité,,,Tunis,SM Devis (source blog),True,Fourchette estimée : 30.0 – 150.0 DT/unité,https://www.sm-devis.tn/prix-installation-revetement-sol-tunisie/,2026-04-05 09:41:45.556556,0.0001232616984354074,5.470460550528286e-06,0.0005131055714713302
ecommerce,Faïence rectifiée mat MC GROOVE BIANCO RT 50x120 cm,carrelage,Faïence rectifiée mat MC GROOVE BIANCO RT 50x120 cm,"Référence 
FTP1",150.0,,,TND,t,50x120 cm,0.6,Tunis,Le CNT – La Maison du Bien-Vivre,True,,https://www.lecnt.com/effet-pierre/30722-faience-rectifiee-mat-mc-groove-bianco-rt-50x120-cm.html,2026-04-05 09:33:17.817872,0.00020635947266152475,,
ecommerce,Faïence Rectifié Brillant ROMA GOLD CALACATTA ORO 50x120 cm,carrelage,Faïence Rectifié Brillant ROMA GOLD CALACATTA ORO 50x120 cm,"Référence 
fQCR",150.001,,,TND,t,50x120 cm,0.6,Tunis,Le CNT – La Maison du Bien-Vivre,True,,https://www.lecnt.com/effet-marbre/25979-faience-rectifie-brillant-roma-gold-calacatta-oro-50x120-cm.html,2026-04-05 09:33:20.422745,0.00020636085762442853,,
ecommerce,Faïence rectifiée TC GROOVE OAK Matt 50x120 cm,carrelage,Faïence rectifiée TC GROOVE OAK Matt 50x120 cm,"Référence 
fTD0",164.001,,,TND,t,50x120 cm,0.6,Tunis,Le CNT – La Maison du Bien-Vivre,True,,https://www.lecnt.com/effet-ciment/29223-faience-rectifiee-tc-groove-oak-matt-50x120-cm.html,2026-04-05 09:33:21.884198,0.00022575033827718926,,
ecommerce,Faïence rectifié CM GRIGIO MATT 80X160 cm,carrelage,Faïence rectifié CM GRIGIO MATT 80X160 cm,"Référence 
fRQ7",68.0,,,TND,t,80x160 cm,1.28,Tunis,Le CNT – La Maison du Bien-Vivre,True,,https://www.lecnt.com/effet-ciment/30858-faience-rectifie-cm-grigio-matt-80x160-cm.html,2026-04-05 09:33:24.577470,9.279251455249771e-05,,
ecommerce,"Faïence rectifiée NB BEIGE MATT 50x120x0,85 cm",carrelage,"Faïence rectifiée NB BEIGE MATT 50x120x0,85 cm","Référence 
FRXI",150.001,,,TND,t,50x120 cm,0.6,Tunis,Le CNT – La Maison du Bien-Vivre,True,,https://www.lecnt.com/effet-pierre/27789-faience-rectifiee-nb-beige-matt-50x120x085-cm.html,2026-04-05 09:33:26.101920,0.00020636085762442853,,
ecommerce,"Faïence rectifié mat MP SASSI TORTORA 30,5x91,5 cm",carrelage,"Faïence rectifié mat MP SASSI TORTORA 30,5x91,5 cm","Référence 
FTXD",127.965,,,TND,t,5x91 cm,0.0455,Tunis,Le CNT – La Maison du Bien-Vivre,True,,https://www.lecnt.com/effet-ciment/30709-faience-rectifie-mat-mp-sassi-tortora-305x915-cm.html,2026-04-05 09:33:27.382741,0.00017584181507698316,,
ecommerce,"Faïence rectifié mat CN TORTORA 30,5x91,5 cm",carrelage,"Faïence rectifié mat CN TORTORA 30,5x91,5 cm","Référence 
fMRV",55.985,,,TND,t,5x91 cm,0.0455,Tunis,Le CNT – La Maison du Bien-Vivre,True,,https://www.lecnt.com/effet-design/29573-faience-rectifie-mat-cn-tortora-305x915-cm.html,2026-04-05 09:33:33.680111,7.615218526371771e-05,,
blog_article,Carrelage & faïence,carrelage,,,10000.0,,,TND,unité,,,Tunisie,limmobilier.tn (source blog),True,Carrelage & faïence,https://limmobilier.tn/article/25/prix-des-materiaux-de-construction-en-tunisie-2025-guide-complet.html,2026-04-05 09:33:34.591996,0.013848244074782457,,
blog_article,Carrelage,carrelage,,,15220.0,,,TND,m²,,,Tunis,SM Devis (source blog),True,20 à 50 dt par m²,https://www.sm-devis.tn/prix-installation-revetement-sol-tunisie/,2026-04-05 09:41:45.545775,0.021077750432454665,,
blog_article,Moquette,carrelage,,,350.0,,,TND,m²,,,Tunis,SM Devis (source blog),True,15 à 20 dt par m²,https://www.sm-devis.tn/prix-installation-revetement-sol-tunisie/,2026-04-05 09:41:45.545775,0.00048335205341524926,,
blog_article,Sol PVC,carrelage,,,530.0,,,TND,m²,,,Tunis,SM Devis (source blog),True,15 à 20 dt par m²,https://www.sm-devis.tn/prix-installation-revetement-sol-tunisie/,2026-04-05 09:41:45.545775,0.0007326453760936013,,
blog_article,Supplément carrelage pour niche espace douche ou bain en découpes à 45° Tunis Réalisation des découpes et respect des pentes.Coupe des angles à 45°.,carrelage,,,290.0,,,TND,unité,,,Tunis,SM Devis (source blog),True,,https://www.sm-devis.tn/prix-installation-revetement-sol-tunisie/,2026-04-05 09:41:45.545775,0.00040025427918913194,,
blog_article,Supplément carrelage pour niche espace douche ou bain Tunis Réalisation des découpes et respect des pentes.Pose de baguettes de finition.,carrelage,,,170.0,,,TND,unité,,,Tunis,SM Devis (source blog),True,,https://www.sm-devis.tn/prix-installation-revetement-sol-tunisie/,2026-04-05 09:41:45.545775,0.00023405873073689722,,
ecommerce,"Faïence rectifié mat MP MICRO BEIGE 30,5x91,5 cm",carrelage,"Faïence rectifié mat MP MICRO BEIGE 30,5x91,5 cm","Référence 
FTXE",127.965,,,TND,t,5x91 cm,0.0455,Tunis,Le CNT – La Maison du Bien-Vivre,True,,https://www.lecnt.com/effet-ciment/30710-faience-rectifie-mat-mp-micro-beige-305x915-cm.html,2026-04-05 09:33:15.105134,0.00017584181507698316,,
blog_article,Fourniture et pose de carrelage pour tablier de baignoire – gamme « exclusif » Tunis Réalisation des découpes. carrelage trape de visite.Coupe des angles à 45° si tablier à rebord.,carrelage,,,630.0,,,TND,unité,,,Tunis,SM Devis (source blog),True,,https://www.sm-devis.tn/prix-installation-revetement-sol-tunisie/,2026-04-05 09:41:45.545775,0.0008711416664704636,,
blog_article,Fourniture et pose de carrelage pour tablier de baignoire Tunis Réalisation des découpes. carrelage trape de visite.Pose de baguettes d’angle si tablier à rebord.,carrelage,,,270.0,,,TND,unité,,,Tunis,SM Devis (source blog),True,,https://www.sm-devis.tn/prix-installation-revetement-sol-tunisie/,2026-04-05 09:41:45.544751,0.00037255502111375945,,
blog_article,"Fourniture et pose de carrelage mosaïque mural Tunis Application d’un accrocheur, pose des carreaux et des joints, nettoyage.Compris : accrocheur, colle, joints, bouche pores et hydrofuge.",carrelage,,,24094.0,,,TND,m²,,,Tunis,SM Devis (source blog),True,,https://www.sm-devis.tn/prix-installation-revetement-sol-tunisie/,2026-04-05 09:41:45.544751,0.03336791124049742,,
blog_article,"Fourniture et pose de carreaux de ciment muraux Tunis Application d’un accrocheur, pose des carreaux avec nettoyage régulier, application d’un bouche pores, pose de joints blanc ou gris, nettoyage et application d’un hydrofuge mat ou satiné.Compris : accrocheur, colle, joints, bouche pores et hydrofuge.",carrelage,,,220130.0,,,TND,m²,,,Tunis,SM Devis (source blog),True,,https://www.sm-devis.tn/prix-installation-revetement-sol-tunisie/,2026-04-05 09:41:45.544751,0.30487049904368313,,
blog_article,"Fourniture et pose de carrelage mural – faïence – gamme « exclusif Tunis Application d’un accrocheur, pose des carreaux, coupes des angles à 45°, pose des joints, nettoyage.Compris : accrocheur, colle, joints.",carrelage,,,270120.0,,,TND,m²,,,Tunis,SM Devis (source blog),True,,https://www.sm-devis.tn/prix-installation-revetement-sol-tunisie/,2026-04-05 09:41:45.544751,0.37410479460307655,,
blog_article,"Fourniture et pose de carrelage mural – faïence – gamme « premium » Tunis Application d’un accrocheur, pose des carreaux et des joints, angles et finitions par cornière alu, nettoyage.Compris : accrocheur, colle, joints, cornières de finition.",carrelage,,,16062.0,,,TND,m²,,,Tunis,SM Devis (source blog),True,,https://www.sm-devis.tn/prix-installation-revetement-sol-tunisie/,2026-04-05 09:41:45.544751,0.022243889197427848,,
blog_article,"Fourniture et pose de carrelage mural – faïence – gamme « primo » Tunis Application d’un accrocheur, pose des carreaux et des joints, angles et finitions par cornière alu, nettoyage.Compris : accrocheur, colle, joints, cornières de finition.",carrelage,,,8313.0,,,TND,m²,,,Tunis,SM Devis (source blog),True,,https://www.sm-devis.tn/prix-installation-revetement-sol-tunisie/,2026-04-05 09:41:45.544751,0.01151181165612479,,
blog_article,"Fourniture et pose de carrelage mural – faïence Tunis Application d’un accrocheur, pose des carreaux et des joints, angles et finitions par cornière alu, nettoyage.Compris : accrocheur, colle, joints, cornières de finition.",carrelage,,,9223.0,,,TND,m²,,,Tunis,SM Devis (source blog),True,,https://www.sm-devis.tn/prix-installation-revetement-sol-tunisie/,2026-04-05 09:41:45.544751,0.012772127898554237,,
blog_article,"Fourniture et pose de plinthes de carrelage Tunis Compris : colle, joints.",carrelage,,,3312.0,,,TND,unité,,,Tunis,SM Devis (source blog),True,,https://www.sm-devis.tn/prix-installation-revetement-sol-tunisie/,2026-04-05 09:41:45.544751,0.004585612174377909,,
blog_article,Fourniture et pose de carrelage sur receveur à carreler Tunis Réalisation des découpes autour du siphon et découpe du carrelage pour insert sur grille d’évacuation.Respect des pentes si pose d’un carrelage grand format.,carrelage,,,290.0,,,TND,unité,,,Tunis,SM Devis (source blog),True,,https://www.sm-devis.tn/prix-installation-revetement-sol-tunisie/,2026-04-05 09:41:45.544751,0.00040025427918913194,,
blog_article,"Fourniture et pose de carrelage mosaïque au sol Tunis Application d’un accrocheur, pose des carreaux et des joints, nettoyage.Compris : accrocheur, colle, joints.",carrelage,,,23095.0,,,TND,m²,,,Tunis,SM Devis (source blog),True,,https://www.sm-devis.tn/prix-installation-revetement-sol-tunisie/,2026-04-05 09:41:45.544751,0.03198433329963257,,
blog_article,"Fourniture et pose de carreaux de ciment au sol Tunis Application d’un accrocheur, pose des carreaux avec nettoyage régulier, application d’un bouche pores, pose de joints blancs ou gris, nettoyage et application d’un hydrofuge mat ou satiné.Compris : accrocheur, colle, joints, bouche pores et hydrofuge.",carrelage,,,17095.0,,,TND,m²,,,Tunis,SM Devis (source blog),True,,https://www.sm-devis.tn/prix-installation-revetement-sol-tunisie/,2026-04-05 09:41:45.544751,0.023674555877020834,,
blog_article,"Fourniture et pose de carrelage au sol – gamme « exclusif » Tunis Application d’un accrocheur, pose des carreaux et des joints, nettoyage.Compris : accrocheur, colle, joints.",carrelage,,,220130.0,,,TND,m²,,,Tunis,SM Devis (source blog),True,,https://www.sm-devis.tn/prix-installation-revetement-sol-tunisie/,2026-04-05 09:41:45.544751,0.30487049904368313,,
blog_article,"Fourniture et pose de carrelage au sol – gamme « premium » Tunis Application d’un accrocheur, pose des carreaux et des joints, nettoyage.Compris : accrocheur, colle, joints.",carrelage,,,14055.0,,,TND,m²,,,Tunis,SM Devis (source blog),True,,https://www.sm-devis.tn/prix-installation-revetement-sol-tunisie/,2026-04-05 09:41:45.544751,0.01946426864956422,,
blog_article,Fourniture et pose de carrelage pour tablier de baignoire – gamme « premium » Tunis Réalisation des découpes. carrelage trape de visite.Coupe des angles à 45° si tablier à rebord.,carrelage,,,420.0,,,TND,unité,,,Tunis,SM Devis (source blog),True,,https://www.sm-devis.tn/prix-installation-revetement-sol-tunisie/,2026-04-05 09:41:45.545775,0.0005802994566790528,,
blog_article,"Fourniture et pose de carrelage au sol – gamme « primo » Tunis Application d’un accrocheur, pose des carreaux et des joints, nettoyage.Compris : accrocheur, colle, joints.",carrelage,,,8819.0,,,TND,m²,,,Tunis,SM Devis (source blog),True,,https://www.sm-devis.tn/prix-installation-revetement-sol-tunisie/,2026-04-05 09:41:45.543231,0.012212602885431714,,
ecommerce,Faïence rectifiée mat MC BEIGE RT 50x120 cm,carrelage,Faïence rectifiée mat MC BEIGE RT 50x120 cm,"Référence 
FTPX",140.0,,,TND,t,50x120 cm,0.6,Tunis,Le CNT – La Maison du Bien-Vivre,True,,https://www.lecnt.com/effet-pierre/30720-faience-rectifiee-mat-mc-beige-rt-50x120-cm.html,2026-04-05 09:33:10.904079,0.00019250984362383853,,
ecommerce,Faïence mat MK GREY 25x75 cm,carrelage,Faïence mat MK GREY 25x75 cm,"Référence 
FRE0",108.001,,,TND,t,25x75 cm,0.1875,Tunis,Le CNT – La Maison du Bien-Vivre,True,,https://www.lecnt.com/effet-pierre/29053-faience-mat-mk-grey-25x75-cm.html,2026-04-05 09:33:03.241817,0.0001481924156661464,,
blog_article,Parquet stratifié,carrelage,,,1050.0,,,TND,unité,,,Tunis,SM Devis (source blog),True,"Parquet stratifié | entretien facile, résiste à l’humidité et aux tâches | altenative économique aux parquet massif | entretien facile",https://www.sm-devis.tn/prix-installation-revetement-sol-tunisie/,2026-04-05 09:41:45.546767,0.001452826086053285,,
blog_article,Parquet flottant,carrelage,,,30150.0,,,TND,unité,,,Tunis,SM Devis (source blog),True,Parquet flottant | peu adapté | résiste peu à l’humidité | résiste peu à l’humidité et aux tâches,https://www.sm-devis.tn/prix-installation-revetement-sol-tunisie/,2026-04-05 09:41:45.546767,0.041755246585720204,,
blog_article,Parquet massif,carrelage,,,50150.0,,,TND,unité,,,Tunis,SM Devis (source blog),True,Parquet massif | sans traitement craint les tâches | parquet le plus adapté pour les salles de bain. Idéal en bois exotique ou bois européens traités contre l’humidité | sans traitement craint les tâches,https://www.sm-devis.tn/prix-installation-revetement-sol-tunisie/,2026-04-05 09:41:45.546767,0.06945450466109265,,
blog_article,Liège,carrelage,,,1530.0,,,TND,unité,,,Tunis,SM Devis (source blog),True,Liège | possible | possible | possible,https://www.sm-devis.tn/prix-installation-revetement-sol-tunisie/,2026-04-05 09:41:45.546767,0.002117608279862224,,
blog_article,Cuir,carrelage,,,200250.0,,,TND,unité,,,Tunis,SM Devis (source blog),True,Cuir | sensible à l’eau et aux tâches | sensible à l’eau et aux tâches | sensible à l’eau et aux tâches,https://www.sm-devis.tn/prix-installation-revetement-sol-tunisie/,2026-04-05 09:41:45.546767,0.2773374365167629,,
blog_article,Sisal,carrelage,,,1235.0,,,TND,unité,,,Tunis,SM Devis (source blog),True,Sisal | pas adapté | résiste à l’humidité avec une bonne ventilation | résiste à l’humidité avec une bonne ventilation,https://www.sm-devis.tn/prix-installation-revetement-sol-tunisie/,2026-04-05 09:41:45.546767,0.0017090442232504802,,
blog_article,Coco,carrelage,,,725.0,,,TND,unité,,,Tunis,SM Devis (source blog),True,Coco | pas adapté | résiste à l’humidité avec une bonne ventilation | résiste à l’humidité avec une bonne ventilation,https://www.sm-devis.tn/prix-installation-revetement-sol-tunisie/,2026-04-05 09:41:45.546767,0.0010027131423284827,,
blog_article,Jonc de mer,carrelage,,,740.0,,,TND,unité,,,Tunis,SM Devis (source blog),True,Jonc de mer | pas adapté | résiste à l’humidité avec une bonne ventilation | résiste à l’humidité avec une bonne ventilation,https://www.sm-devis.tn/prix-installation-revetement-sol-tunisie/,2026-04-05 09:41:45.546767,0.0010234875858850122,,
blog_article,Lino,carrelage,,,2060.0,,,TND,unité,,,Tunis,SM Devis (source blog),True,"Lino | très résistant à l’humidité et aux tâches, entretien très facile | très résistant à l’humidité et aux tâches, entretien très facile | très résistant à l’humidité et aux tâches, entretien très facile",https://www.sm-devis.tn/prix-installation-revetement-sol-tunisie/,2026-04-05 09:41:45.546767,0.002851638618859594,,
blog_article,Moquette,carrelage,,,3200.0,,,TND,unité,,,Tunis,SM Devis (source blog),True,"Moquette | pas adapté, non resistant aux tâches | pas adapté, non resistant aux tâches | pas adapté, non resistant aux tâches",https://www.sm-devis.tn/prix-installation-revetement-sol-tunisie/,2026-04-05 09:41:45.545775,0.004430496329155823,,
blog_article,PVC,carrelage,,,250.0,,,TND,unité,,,Tunis,SM Devis (source blog),True,"PVC | très résistant à l’humidité et aux tâches, entretien très facile | très résistant à l’humidité et aux tâches, entretien très facile | très résistant à l’humidité et aux tâches, entretien très facile",https://www.sm-devis.tn/prix-installation-revetement-sol-tunisie/,2026-04-05 09:41:45.545775,0.000344855763038387,,
blog_article,Béton ciré,carrelage,,,40100.0,,,TND,m²,,,Tunis,SM Devis (source blog),True,40 à 60 dt par m²,https://www.sm-devis.tn/prix-installation-revetement-sol-tunisie/,2026-04-05 09:41:45.545775,0.055535627478218,,
ecommerce,Faïence rectifiée mat MC BIANCO RT 50x120 cm,carrelage,Faïence rectifiée mat MC BIANCO RT 50x120 cm,"Référence 
FTPY",140.0,,,TND,t,50x120 cm,0.6,Tunis,Le CNT – La Maison du Bien-Vivre,True,,https://www.lecnt.com/effet-pierre/30724-faience-rectifiee-mat-mc-bianco-rt-50x120-cm.html,2026-04-05 09:32:00.027546,0.00019250984362383853,,
ecommerce,"Faïence rectifiée NB LITIA BEIGE 50x120x1,05 cm",carrelage,"Faïence rectifiée NB LITIA BEIGE 50x120x1,05 cm","Référence 
FRXM",156.001,,,TND,unité,50x120 cm,0.6,Tunis,Le CNT – La Maison du Bien-Vivre,True,,https://www.lecnt.com/effet-pierre/28928-faience-rectifiee-nb-litia-beige-50x120x105-cm.html,2026-04-05 09:33:06.862835,0.00021467063504704027,,
ecommerce,Faïence rectifié CM STRIPES 80X160 cm,carrelage,Faïence rectifié CM STRIPES 80X160 cm,"Référence 
fRRC",68.0,,,TND,unité,80x160 cm,1.28,Tunis,Le CNT – La Maison du Bien-Vivre,True,,https://www.lecnt.com/effet-ciment/30865-faience-rectifie-cm-stripes-80x160-cm.html,2026-04-05 09:32:04.767308,9.279251455249771e-05,,
ecommerce,Effet Marbre,carrelage,Effet Marbre,,46.001,,,TND,t,120x200 cm,2.4,Tunis,Le CNT – La Maison du Bien-Vivre,True,,https://www.lecnt.com/71302-effet-marbre,2026-04-05 09:32:10.873837,6.232471563249178e-05,,
ecommerce,"Faïence rectifié LUM PEAK WHITE MATT 30,5X91,5 cm",carrelage,"Faïence rectifié LUM PEAK WHITE MATT 30,5X91,5 cm","Référence 
fOIX",45.988,,,TND,t,5x91 cm,0.0455,Tunis,Le CNT – La Maison du Bien-Vivre,True,,https://www.lecnt.com/effet-3d/30853-faience-rectifie-lum-peak-white-matt-305x915-cm.html,2026-04-05 09:32:15.370930,6.23067111147428e-05,,
ecommerce,Faïence rectifiée mat MC GROOVE BEIGE RT 50x120 cm,carrelage,Faïence rectifiée mat MC GROOVE BEIGE RT 50x120 cm,"Référence 
FTP0",150.0,,,TND,t,50x120 cm,0.6,Tunis,Le CNT – La Maison du Bien-Vivre,True,,https://www.lecnt.com/effet-pierre/30719-faience-rectifiee-mat-mc-groove-beige-rt-50x120-cm.html,2026-04-05 09:32:16.972118,0.00020635947266152475,,
ecommerce,"Faïence rectifié mat MP BEIGE 30,5x91,5 cm",carrelage,"Faïence rectifié mat MP BEIGE 30,5x91,5 cm","Référence 
FTW9",121.967,,,TND,t,5x91 cm,0.0455,Tunis,Le CNT – La Maison du Bien-Vivre,True,,https://www.lecnt.com/effet-ciment/30712-faience-rectifie-mat-mp-beige-305x915-cm.html,2026-04-05 09:32:20.115570,0.00016753480758017897,,
ecommerce,"Faïence rectifiée NB WHITE 25x75x0,85 cm",carrelage,"Faïence rectifiée NB WHITE 25x75x0,85 cm","Référence 
FRUW",108.001,,,TND,unité,25x75 cm,0.1875,Tunis,Le CNT – La Maison du Bien-Vivre,True,,https://www.lecnt.com/effet-pierre/29054-faience-rectifiee-nb-white-25x75x085-cm.html,2026-04-05 09:32:29.562728,0.0001481924156661464,,
ecommerce,"Faïence rectifié mat CN DOT PERLA 30,5x91,5 cm",carrelage,"Faïence rectifié mat CN DOT PERLA 30,5x91,5 cm","Référence 
fMRY",55.985,,,TND,t,5x91 cm,0.0455,Tunis,Le CNT – La Maison du Bien-Vivre,True,,https://www.lecnt.com/effet-design/29576-faience-rectifie-mat-cn-dot-perla-305x915-cm.html,2026-04-05 09:32:40.949444,7.615218526371771e-05,,
ecommerce,Faïence rectifié BM PRINT GREY 80X160 cm,carrelage,Faïence rectifié BM PRINT GREY 80X160 cm,"Référence 
fOXI",68.0,,,TND,t,80x160 cm,1.28,Tunis,Le CNT – La Maison du Bien-Vivre,True,,https://www.lecnt.com/effet-ciment/30864-faience-rectifie-bm-print-grey-80x160-cm.html,2026-04-05 09:32:42.593160,9.279251455249771e-05,,
ecommerce,"Faïence rectifié LS PEAK GREY 30,5X91,5 cm",carrelage,"Faïence rectifié LS PEAK GREY 30,5X91,5 cm","Référence 
fOIT",45.988,,,TND,unité,5x91 cm,0.0455,Tunis,Le CNT – La Maison du Bien-Vivre,True,,https://www.lecnt.com/effet-3d/30854-faience-rectifie-ls-peak-grey-305x915-cm.html,2026-04-05 09:32:44.230158,6.23067111147428e-05,,
blog_article,Parquet,carrelage,,,15120.0,,,TND,m²,,,Tunis,SM Devis (source blog),True,15 à 50 dt par m²,https://www.sm-devis.tn/prix-installation-revetement-sol-tunisie/,2026-04-05 09:41:45.545775,0.020939254142077805,,
ecommerce,Faïence rectifiée TC WIND FOSSIL Matt 50x120 cm,carrelage,Faïence rectifiée TC WIND FOSSIL Matt 50x120 cm,"Référence 
fTD1",164.001,,,TND,t,50x120 cm,0.6,Tunis,Le CNT – La Maison du Bien-Vivre,True,,https://www.lecnt.com/effet-ciment/29222-faience-rectifiee-tc-wind-fossil-matt-50x120-cm.html,2026-04-05 09:32:49.276317,0.00022575033827718926,,
ecommerce,"Faïence rectifiée NB FOSSIL WHITE Matt 25x75x1,05 cm",carrelage,"Faïence rectifiée NB FOSSIL WHITE Matt 25x75x1,05 cm","Référence 
FRU0",114.001,,,TND,t,25x75 cm,0.1875,Tunis,Le CNT – La Maison du Bien-Vivre,True,,https://www.lecnt.com/effet-pierre/29055-faience-rectifiee-nb-fossil-white-matt-25x75x105-cm.html,2026-04-05 09:32:53.433686,0.00015650219308875813,,
ecommerce,Faïence mat LUM SQUARE WHITE MAT 25x75 cm,carrelage,Faïence mat LUM SQUARE WHITE MAT 25x75 cm,"Référence 
FRG9",42.001,,,TND,t,25x75 cm,0.1875,Tunis,Le CNT – La Maison du Bien-Vivre,True,,https://www.lecnt.com/effet-3d/27605-faience-mat-lum-square-white-mat-25x75-cm.html,2026-04-05 09:32:54.665421,5.678486401741729e-05,,
ecommerce,Faïence mat SE GREY 25x75 cm,carrelage,Faïence mat SE GREY 25x75 cm,"Référence 
FRGG",108.001,,,TND,t,25x75 cm,0.1875,Tunis,Le CNT – La Maison du Bien-Vivre,True,,https://www.lecnt.com/effet-pierre/28927-faience-mat-se-grey-25x75-cm.html,2026-04-05 09:32:56.292492,0.0001481924156661464,,
ecommerce,Faïence mat MK ROCK GREY 25x75 cm,carrelage,Faïence mat MK ROCK GREY 25x75 cm,"Référence 
FRHI",114.001,,,TND,t,25x75 cm,0.1875,Tunis,Le CNT – La Maison du Bien-Vivre,True,,https://www.lecnt.com/effet-pierre/29056-faience-mat-mk-rock-grey-25x75-cm.html,2026-04-05 09:32:06.379269,0.00015650219308875813,,
blog_article,"Fourniture et pose de carrelage au sol Tunis Application d’un accrocheur, pose des carreaux et des joints, nettoyage.Compris : accrocheur, colle, joints.",carrelage,,,9222.0,,,TND,m²,,,Tunis,SM Devis (source blog),True,,https://www.sm-devis.tn/prix-installation-revetement-sol-tunisie/,2026-04-05 09:41:45.543231,0.012770742935650468,,
blog_article,Mise en oeuvre de nattes d’étanchéité sous carrelage Tunis Couche d’étanchéité nécessaire en pièce humide afin de protéger les revêtements de l’eau.,carrelage,,,4222.0,,,TND,m²,,,Tunis,SM Devis (source blog),True,,https://www.sm-devis.tn/prix-installation-revetement-sol-tunisie/,2026-04-05 09:41:45.543231,0.005845928416807356,,
blog_article,Mise en oeuvre d’un système d’étanchéité liquide sous carrelage TunisCouche d’étanchéité nécessaire en pièce humide afin de protéger les revêtements de l’eau.,carrelage,,,183.0,,,TND,m²,,,Tunis,SM Devis (source blog),True,,https://www.sm-devis.tn/prix-installation-revetement-sol-tunisie/,2026-04-05 09:41:45.543231,0.0002520632484858893,,
blog_article,Pour un prix de fourniture de,carrelage,,,94.0,,,TND,m²,,,Tunis,SM Devis (source blog),True,Pour un prix de fourniture de : 94 dt / m²,https://www.sm-devis.tn/prix-installation-revetement-sol-tunisie/,2026-04-05 09:41:45.554852,0.0001288015500504819,,
blog_article,le prix d’un revêtement de sol  en Tunisie  en moyenne,carrelage,,,105.0,90.0,120.0,TND,m,,,Tunis,SM Devis (source blog),True,Fourchette estimée : 90.0 – 120.0 DT/m,https://www.sm-devis.tn/prix-installation-revetement-sol-tunisie/,2026-04-05 09:41:45.555460,0.00014403614199193674,1.6788654793000602e-05,0.00040965686754565884
blog_article,le prix d’un revêtement de sol  en Tunisie  en moyenne entre 90 et 120 dt/m peut osciller,carrelage,,,144.0,18.0,270.0,TND,unité,,,Tunis,SM Devis (source blog),True,Fourchette estimée : 18.0 – 270.0 DT/unité,https://www.sm-devis.tn/prix-installation-revetement-sol-tunisie/,2026-04-05 09:41:45.555460,0.00019804969523891302,3.206821702033823e-06,0.000926900387174016
blog_article,(pose comprise) :Le coût d’achat d’un revêtement de sol peut osciller,carrelage,,,116.5,13.0,220.0,TND,unité,,,Tunis,SM Devis (source blog),True,Fourchette estimée : 13.0 – 220.0 DT/unité,https://www.sm-devis.tn/prix-installation-revetement-sol-tunisie/,2026-04-05 09:41:45.556556,0.0001599632153852759,2.2636388484944632e-06,0.0007544858806312303
blog_article,vêtement de sol peut osciller entre 13 et 220 dt par m². Le tarif d’un solier pour la pose d’un revêtement au sol varie,carrelage,,,37.5,15.0,60.0,TND,unité,,,Tunis,SM Devis (source blog),True,Fourchette estimée : 15.0 – 60.0 DT/unité,https://www.sm-devis.tn/prix-installation-revetement-sol-tunisie/,2026-04-05 09:41:45.556556,5.0551145987554725e-05,2.640911989910207e-06,0.00020275945969431598
blog_article,Sol PVC,carrelage,,,17.5,5.0,30.0,TND,unité,,,Tunis,SM Devis (source blog),True,Fourchette estimée : 5.0 – 30.0 DT/unité,https://www.sm-devis.tn/prix-installation-revetement-sol-tunisie/,2026-04-05 09:41:45.556556,2.285188791218227e-05,7.545462828314878e-07,9.931075576864456e-05
blog_article,"en faïence, de 45 dt à 159 dt / m² pour des carreaux de ciment, de 37 dt à 270 dt / m² pour de la pierre naturelle, et",carrelage,,,98.0,36.0,160.0,TND,m²,,,Tunis,SM Devis (source blog),True,Fourchette estimée : 36.0 – 160.0 DT/m²,https://www.sm-devis.tn/prix-revetement-mural-tunis/,2026-04-05 09:42:23.513054,0.0001343414016655564,6.602279974775518e-06,0.0005475884727798874
blog_article,Moquette,carrelage,,,26.5,3.0,50.0,TND,unité,,,Tunis,SM Devis (source blog),True,Fourchette estimée : 3.0 – 50.0 DT/unité,https://www.sm-devis.tn/prix-installation-revetement-sol-tunisie/,2026-04-05 09:41:45.556556,3.531655404609988e-05,3.772731414157439e-07,0.00016827655838575883
blog_article,3 à 50 dt par m²,carrelage,,,17.5,15.0,20.0,TND,unité,,,Tunis,SM Devis (source blog),True,Fourchette estimée : 15.0 – 20.0 DT/unité,https://www.sm-devis.tn/prix-installation-revetement-sol-tunisie/,2026-04-05 09:41:45.556556,2.285188791218227e-05,2.640911989910207e-06,6.482785446008742e-05
blog_article,"t compter entre 3dt et 4dt du Watt crête installé, soit pour une installation standard de 3kW/crête chez un particulier",carrelage,,,10.5,9.0,12.0,TND,unité,,,Tunis,SM Devis (source blog),True,Fourchette estimée : 9.0 – 12.0 DT/unité,https://www.sm-devis.tn/prix-installation-panneaux-solaires-photovoltaiques-tunisie/,2026-04-05 09:41:39.673315,1.3157147585801915e-05,1.5090925656629756e-06,3.7241533413241716e-05
blog_article,"i propose un package qui prend tout en charge, même les démarches administratives nécessaires. En 2014, il faut compter",carrelage,,,3.5,3.0,4.0,TND,unité,,,Tunis,SM Devis (source blog),True,Fourchette estimée : 3.0 – 4.0 DT/unité,https://www.sm-devis.tn/prix-installation-panneaux-solaires-photovoltaiques-tunisie/,2026-04-05 09:41:39.673315,3.4624072594215563e-06,3.772731414157439e-07,9.655212366395999e-06
blog_article,Carrelage,carrelage,,,117.5,15.0,220.0,TND,unité,,,Tunis,SM Devis (source blog),True,Fourchette estimée : 15.0 – 220.0 DT/unité,https://www.sm-devis.tn/prix-installation-revetement-sol-tunisie/,2026-04-05 09:41:45.556556,0.00016134817828904454,2.640911989910207e-06,0.0007544858806312303
blog_article,15 à 220 dt par m²,carrelage,,,35.0,20.0,50.0,TND,unité,,,Tunis,SM Devis (source blog),True,Fourchette estimée : 20.0 – 50.0 DT/unité,https://www.sm-devis.tn/prix-installation-revetement-sol-tunisie/,2026-04-05 09:41:45.556556,4.708873872813317e-05,3.5840948434495667e-06,0.00016827655838575883
blog_article,Pour un prix de fourniture de,carrelage,,,120.0,,,TND,m²,,,Tunis,SM Devis (source blog),True,Pour un prix de fourniture de : 120 dt / m²,https://www.sm-devis.tn/prix-installation-revetement-sol-tunisie/,2026-04-05 09:41:45.554852,0.0001648105855484661,,
blog_article,onc avoir une hauteur sous plafond suffisante car vous perdrez ainsi environ 50 cm de hauteur sous plafond (nous posons,carrelage,,,34.0,33.0,35.0,TND,unité,,,Tunis,SM Devis (source blog),True,Fourchette estimée : 33.0 – 35.0 DT/unité,https://www.sm-devis.tn/prix-installation-isolation-acoustique-tunisie/,2026-04-05 09:41:37.767955,4.570377582436454e-05,6.036370262651902e-06,0.00011655220642292313
blog_article,Parquet,carrelage,,,67.5,15.0,120.0,TND,unité,,,Tunis,SM Devis (source blog),True,Fourchette estimée : 15.0 – 120.0 DT/unité,https://www.sm-devis.tn/prix-installation-revetement-sol-tunisie/,2026-04-05 09:41:45.556556,9.21000331006134e-05,2.640911989910207e-06,0.00040965686754565884
blog_article,15 à 120 dt par m²,carrelage,,,32.5,15.0,50.0,TND,unité,,,Tunis,SM Devis (source blog),True,Fourchette estimée : 15.0 – 50.0 DT/unité,https://www.sm-devis.tn/prix-installation-revetement-sol-tunisie/,2026-04-05 09:41:45.556556,4.362633146871161e-05,2.640911989910207e-06,0.00016827655838575883
blog_article,Béton ciré,carrelage,,,70.0,40.0,100.0,TND,unité,,,Tunis,SM Devis (source blog),True,Fourchette estimée : 40.0 – 100.0 DT/unité,https://www.sm-devis.tn/prix-installation-revetement-sol-tunisie/,2026-04-05 09:41:45.556556,9.556244036003495e-05,7.356826257607005e-06,0.00034069106492854454
blog_article,40 à 100 dt par m²,carrelage,,,50.0,40.0,60.0,TND,unité,,,Tunis,SM Devis (source blog),True,Fourchette estimée : 40.0 – 60.0 DT/unité,https://www.sm-devis.tn/prix-installation-revetement-sol-tunisie/,2026-04-05 09:41:45.556556,6.78631822846625e-05,7.356826257607005e-06,0.00020275945969431598
blog_article,Prix revêtement sol Tunisie,carrelage,,,26.0,2.0,50.0,TND,unité,,,Tunis,SM Devis (source blog),True,Fourchette estimée : 2.0 – 50.0 DT/unité,https://www.sm-devis.tn/prix-installation-revetement-sol-tunisie/,2026-04-05 09:41:45.556556,3.4624072594215564e-05,1.8863657070787194e-07,0.00016827655838575883
blog_article,Moquette,carrelage,,,101.5,3.0,200.0,TND,unité,,,Tunis,SM Devis (source blog),True,Fourchette estimée : 3.0 – 200.0 DT/unité,https://www.sm-devis.tn/prix-installation-revetement-sol-tunisie/,2026-04-05 09:41:45.556556,0.00013918877182874655,3.772731414157439e-07,0.000685520078014116
blog_article,Lino,carrelage,,,40.0,20.0,60.0,TND,unité,,,Tunis,SM Devis (source blog),True,Fourchette estimée : 20.0 – 60.0 DT/unité,https://www.sm-devis.tn/prix-installation-revetement-sol-tunisie/,2026-04-05 09:41:45.556556,5.401355324697628e-05,3.5840948434495667e-06,0.00020275945969431598
blog_article,Jonc de mer,carrelage,,,23.5,7.0,40.0,TND,unité,,,Tunis,SM Devis (source blog),True,Fourchette estimée : 7.0 – 40.0 DT/unité,https://www.sm-devis.tn/prix-installation-revetement-sol-tunisie/,2026-04-05 09:41:45.556556,3.116166533479401e-05,1.1318194242472316e-06,0.0001337936570772017
blog_article,Coco,carrelage,,,16.0,7.0,25.0,TND,unité,,,Tunis,SM Devis (source blog),True,Fourchette estimée : 7.0 – 25.0 DT/unité,https://www.sm-devis.tn/prix-installation-revetement-sol-tunisie/,2026-04-05 09:41:45.556556,2.0774443556529337e-05,1.1318194242472316e-06,8.2069305114366e-05
blog_article,Sisal,carrelage,,,23.5,12.0,35.0,TND,unité,,,Tunis,SM Devis (source blog),True,Fourchette estimée : 12.0 – 35.0 DT/unité,https://www.sm-devis.tn/prix-installation-revetement-sol-tunisie/,2026-04-05 09:41:45.556556,3.116166533479401e-05,2.0750022777865914e-06,0.00011655220642292313
blog_article,Cuir,carrelage,,,225.0,200.0,250.0,TND,unité,,,Tunis,SM Devis (source blog),True,Fourchette estimée : 200.0 – 250.0 DT/unité,https://www.sm-devis.tn/prix-installation-revetement-sol-tunisie/,2026-04-05 09:41:45.556556,0.00031023169044417146,3.753867757086651e-05,0.0008579345845569017
blog_article,Liège,carrelage,,,22.5,15.0,30.0,TND,unité,,,Tunis,SM Devis (source blog),True,Fourchette estimée : 15.0 – 30.0 DT/unité,https://www.sm-devis.tn/prix-installation-revetement-sol-tunisie/,2026-04-05 09:41:45.556556,2.9776702431025385e-05,2.640911989910207e-06,9.931075576864456e-05
blog_article,Parquet massif,carrelage,,,100.0,50.0,150.0,TND,unité,,,Tunis,SM Devis (source blog),True,Fourchette estimée : 50.0 – 150.0 DT/unité,https://www.sm-devis.tn/prix-installation-revetement-sol-tunisie/,2026-04-05 09:41:45.556556,0.00013711132747309363,9.243191964685726e-06,0.0005131055714713302
blog_article,"Pour des combles de 80 m²,",carrelage,,,30.0,,,TND,unité,,,Tunis,SM Devis (source blog),True,"Pour des combles de 80 m², :


30 dt",https://www.sm-devis.tn/prix-installation-isolation-acoustique-tunisie/,2026-04-05 09:41:37.766956,4.016392420929005e-05,,
blog_article,Pour un prix de fourniture de,carrelage,,,62.0,,,TND,m²,,,Tunis,SM Devis (source blog),True,Pour un prix de fourniture de : 62 dt / m²,https://www.sm-devis.tn/prix-installation-revetement-sol-tunisie/,2026-04-05 09:41:45.554852,8.448273712988597e-05,,
blog_article,Pour un prix de fourniture de,carrelage,,,13.0,,,TND,m²,,,Tunis,SM Devis (source blog),True,Pour un prix de fourniture de : 13 dt / m²,https://www.sm-devis.tn/prix-installation-revetement-sol-tunisie/,2026-04-05 09:41:45.554852,1.661955484522347e-05,,
blog_article,Pour un prix de fourniture de,carrelage,,,23.0,,,TND,m²,,,Tunis,SM Devis (source blog),True,Pour un prix de fourniture de : 23 dt / m²,https://www.sm-devis.tn/prix-installation-revetement-sol-tunisie/,2026-04-05 09:41:45.554852,3.0469183882909695e-05,,
blog_article,Ragréage fibré du sol avant carrelage TunisEnduit de sol fluide pour obtenir une planéité parfaite.Épaisseur max : 30 mm environ.,carrelage,,,28.0,,,TND,m²,,,Tunis,SM Devis (source blog),True,,https://www.sm-devis.tn/prix-installation-revetement-sol-tunisie/,2026-04-05 09:41:45.543231,3.739399840175281e-05,,
blog_article,Ragréage du sol avant carrelage Tunis Enduit de sol fluide pour obtenir une planéité parfaite .Épaisseur max : 10 mm environ.,carrelage,,,24.0,,,TND,m²,,,Tunis,SM Devis (source blog),True,,https://www.sm-devis.tn/prix-installation-revetement-sol-tunisie/,2026-04-05 09:41:45.543231,3.1854146786678316e-05,,
blog_article,Veuillez entrer uniquement 2 chiffres * Exemple,carrelage,,,12.0,,,TND,unité,,,Tunis,SM Devis (source blog),True,Veuillez entrer uniquement 2 chiffres * Exemple: 12 Cette boîte est pour la protection contre le spam - Veuillez laisser en blanc :,http://www.sm-devis.tn/devis-carrelage-tunisie/,2026-04-05 09:33:54.321095,1.5234591941454847e-05,,
blog_article,Moins d'un mois,carrelage,,,2.0,1.0,3.0,TND,unité,,,Tunis,SM Devis (source blog),True,Fourchette estimée : 1.0 – 3.0 DT/unité,http://www.sm-devis.tn/devis-carrelage-tunisie/,2026-04-05 09:33:54.330200,1.3849629037686226e-06,0.0,6.206922235540285e-06
blog_article,Entre 1 et 3 mois,carrelage,,,4.5,3.0,6.0,TND,unité,,,Tunis,SM Devis (source blog),True,Fourchette estimée : 3.0 – 6.0 DT/unité,http://www.sm-devis.tn/devis-carrelage-tunisie/,2026-04-05 09:33:54.330200,4.847370163190179e-06,3.772731414157439e-07,1.6551792628107427e-05
blog_article,Entre 3 et 6 mois,carrelage,,,9.0,6.0,12.0,TND,unité,,,Tunis,SM Devis (source blog),True,Fourchette estimée : 6.0 – 12.0 DT/unité,http://www.sm-devis.tn/devis-carrelage-tunisie/,2026-04-05 09:33:54.330200,1.107970323014898e-05,9.431828535393596e-07,3.7241533413241716e-05
blog_article,Carreaux de ciment,carrelage,,,2080.0,,,TND,unité,,,Tunis,SM Devis (source blog),True,Carreaux de ciment | très résistant à l’humidité et aux tâches | très résistant à l’humidité et aux tâches | très résistant à l’humidité et aux tâches,https://www.sm-devis.tn/prix-installation-revetement-sol-tunisie/,2026-04-05 09:41:45.547850,0.002879337876934966,,
blog_article,Tomettes,carrelage,,,30100.0,,,TND,unité,,,Tunis,SM Devis (source blog),True,Tomettes | poreuse mais peut être traité contre l’humidité et les tâches. Nécessite un bon entretien | poreuse mais peut être traité contre l’humidité et les tâches. Nécessite un bon entretien | poreuse mais peut être traité contre l’humidité et les tâches. Nécessite un bon entretien,https://www.sm-devis.tn/prix-installation-revetement-sol-tunisie/,2026-04-05 09:41:45.547850,0.04168599844053177,,
blog_article,Faïence,carrelage,,,20150.0,,,TND,unité,,,Tunis,SM Devis (source blog),True,Faïence | très fragile et peu résistant à l’humidité et aux tâches | très fragile et très glissant | très fragile,https://www.sm-devis.tn/prix-installation-revetement-sol-tunisie/,2026-04-05 09:41:45.547850,0.027905617548033976,,
blog_article,Mosaïque,carrelage,,,1060.0,,,TND,unité,,,Tunis,SM Devis (source blog),True,"Mosaïque | possible | résiste à l’humidité, aux tâches, à l’usure. Entretien et pose facile | résiste à l’humidité, aux tâches, à l’usure. Entretien et pose facile",https://www.sm-devis.tn/prix-installation-revetement-sol-tunisie/,2026-04-05 09:41:45.547850,0.0014666757150909712,,
blog_article,Pierre blanche,carrelage,,,50120.0,,,TND,unité,,,Tunis,SM Devis (source blog),True,"Pierre blanche | poreuse, craint l’humidité | poreuse, craint l’humidité | poreuse, craint l’humidité",https://www.sm-devis.tn/prix-installation-revetement-sol-tunisie/,2026-04-05 09:41:45.547850,0.06941295577397959,,
blog_article,Ardoise,carrelage,,,3060.0,,,TND,unité,,,Tunis,SM Devis (source blog),True,Ardoise | résiste à l’eau et aux tâches | résiste à l’eau et aux tâches | résiste à l’eau et aux tâches,https://www.sm-devis.tn/prix-installation-revetement-sol-tunisie/,2026-04-05 09:41:45.547850,0.004236601522628216,,
blog_article,Granit,carrelage,,,60150.0,,,TND,unité,,,Tunis,SM Devis (source blog),True,Granit | résiste à l’eau et aux tâches | résiste à l’eau et aux tâches | résiste à l’eau et aux tâches,https://www.sm-devis.tn/prix-installation-revetement-sol-tunisie/,2026-04-05 09:41:45.547850,0.08330413369877888,,
blog_article,Marbre,carrelage,,,45140.0,,,TND,unité,,,Tunis,SM Devis (source blog),True,Marbre | résiste peu à l’humidité et aux tâches | résiste peu à l’humidité et aux tâches | résiste peu à l’humidité et aux tâches,https://www.sm-devis.tn/prix-installation-revetement-sol-tunisie/,2026-04-05 09:41:45.547850,0.06251584051321185,,
blog_article,Pierre reconstituée,carrelage,,,50.0,,,TND,unité,,,Tunis,SM Devis (source blog),True,Pierre reconstituée | résiste peu à l’humidité et aux tâches | résiste peu à l’humidité et aux tâches | résiste peu à l’humidité et aux tâches,https://www.sm-devis.tn/prix-installation-revetement-sol-tunisie/,2026-04-05 09:41:45.547850,6.78631822846625e-05,,
blog_article,Béton coulé,carrelage,,,100200.0,,,TND,unité,,,Tunis,SM Devis (source blog),True,Béton coulé | pas adapté,https://www.sm-devis.tn/prix-installation-revetement-sol-tunisie/,2026-04-05 09:41:45.547850,0.1387718979947122,,
blog_article,Béton dallé,carrelage,,,80200.0,,,TND,unité,,,Tunis,SM Devis (source blog),True,Béton dallé,https://www.sm-devis.tn/prix-installation-revetement-sol-tunisie/,2026-04-05 09:41:45.547850,0.11107263991933976,,
blog_article,Béton ciré,carrelage,,,100180.0,,,TND,unité,,,Tunis,SM Devis (source blog),True,Béton ciré | peu résistant à l’humidité et aux tâches | peu résistant à l’humidité et aux tâches | peu résistant à l’humidité et aux tâches,https://www.sm-devis.tn/prix-installation-revetement-sol-tunisie/,2026-04-05 09:41:45.547850,0.13874419873663685,,
blog_article,Béton lissé,carrelage,,,70100.0,,,TND,unité,,,Tunis,SM Devis (source blog),True,Béton lissé | peu résistant à l’humidité et aux tâches | peu résistant à l’humidité et aux tâches | peu résistant à l’humidité et aux tâches,https://www.sm-devis.tn/prix-installation-revetement-sol-tunisie/,2026-04-05 09:41:45.548844,0.09708451459127668,,
blog_article,Verre,carrelage,,,65011.0,,,TND,unité,,,Tunis,SM Devis (source blog),True,"Verre | pas adapté, trop fragile | pas adapté, trop fragile | pas adapté, trop fragile",https://www.sm-devis.tn/prix-installation-revetement-sol-tunisie/,2026-04-05 09:41:45.548844,0.09003643837399815,,
blog_article,Épaisseur max,carrelage,,,10.0,,,TND,unité,,,Tunis,SM Devis (source blog),True,Épaisseur max : 10,https://www.sm-devis.tn/prix-installation-revetement-sol-tunisie/,2026-04-05 09:41:45.554852,1.2464666133917603e-05,,
blog_article,Épaisseur max,carrelage,,,30.0,,,TND,unité,,,Tunis,SM Devis (source blog),True,Épaisseur max : 30,https://www.sm-devis.tn/prix-installation-revetement-sol-tunisie/,2026-04-05 09:41:45.554852,4.016392420929005e-05,,
blog_article,Pour un prix de fourniture de,carrelage,,,3.0,,,TND,m²,,,Tunis,SM Devis (source blog),True,Pour un prix de fourniture de : 3 dt / m²,https://www.sm-devis.tn/prix-installation-revetement-sol-tunisie/,2026-04-05 09:41:45.554852,2.769925807537245e-06,,
blog_article,Pour un prix de fourniture de,carrelage,,,22.0,,,TND,m²,,,Tunis,SM Devis (source blog),True,Pour un prix de fourniture de : 22 dt / m²,https://www.sm-devis.tn/prix-installation-revetement-sol-tunisie/,2026-04-05 09:41:45.554852,2.9084220979141074e-05,,
blog_article,Pour un prix de fourniture de,carrelage,,,19.0,,,TND,m²,,,Tunis,SM Devis (source blog),True,Pour un prix de fourniture de : 19 dt / m²,https://www.sm-devis.tn/prix-installation-revetement-sol-tunisie/,2026-04-05 09:41:45.554852,2.4929332267835206e-05,,
blog_article,Pour un prix de fourniture de,carrelage,,,55.0,,,TND,m²,,,Tunis,SM Devis (source blog),True,Pour un prix de fourniture de : 55 dt / m²,https://www.sm-devis.tn/prix-installation-revetement-sol-tunisie/,2026-04-05 09:41:45.554852,7.478799680350562e-05,,
blog_article,Pour un prix de fourniture de,carrelage,,,130.0,,,TND,m²,,,Tunis,SM Devis (source blog),True,Pour un prix de fourniture de : 130 dt / m²,https://www.sm-devis.tn/prix-installation-revetement-sol-tunisie/,2026-04-05 09:41:45.554852,0.00017866021458615231,,
blog_article,Pour un prix de fourniture de,carrelage,,,95.0,,,TND,m²,,,Tunis,SM Devis (source blog),True,Pour un prix de fourniture de : 95 dt / m²,https://www.sm-devis.tn/prix-installation-revetement-sol-tunisie/,2026-04-05 09:41:45.554852,0.00013018651295425052,,
blog_article,Pour un prix de fourniture de,carrelage,,,12.0,,,TND,m,,,Tunis,SM Devis (source blog),True,Pour un prix de fourniture de : 12 dt / m,https://www.sm-devis.tn/prix-installation-revetement-sol-tunisie/,2026-04-05 09:41:45.554852,1.5234591941454847e-05,,
blog_article,Parquet stratifié,carrelage,,,30.0,10.0,50.0,TND,unité,,,Tunis,SM Devis (source blog),True,Fourchette estimée : 10.0 – 50.0 DT/unité,https://www.sm-devis.tn/prix-installation-revetement-sol-tunisie/,2026-04-05 09:41:45.556556,4.016392420929005e-05,1.6977291363708474e-06,0.00016827655838575883
blog_article,"cérame, de 29 dt à 159 dt / m² pour un carrelage mural en faïence, de 45 dt à 159 dt / m² pour des carreaux de ciment",carrelage,,,153.5,37.0,270.0,TND,m²,,,Tunis,SM Devis (source blog),True,Fourchette estimée : 37.0 – 270.0 DT/m²,https://www.sm-devis.tn/prix-revetement-mural-tunis/,2026-04-05 09:42:23.513054,0.00021120684282471494,6.79091654548339e-06,0.000926900387174016
ecommerce,"Ciment I 42,5 HRS 1",ciment,"Ciment I 42,5 HRS 1",,19.254,,,TND,M2,,,Tunisie,COMAF - Comptoir Africain,True,"Consultants principaux :

Clinker : 95-100% - Calcaire (L) : 0-5%


Domaines d’applications :

Travaux en eaux de mer et eaux séléniteuses
Ouvrages à taux de travail élevé n’exigeant pas des caractéristiques initiales particulièrement fortes - Préfabrication et béton manufacturé
Béton précontraint et coulis d’injection de gaine précontraint
Béton étuvé avec un excellent comportement en cycle long


Conditionnement :

Sac de 50 kg",https://www.comaf.tn/ciment-et-produits-en-beton/227-ciment-i-425-hrs-1.html,2026-04-05 09:30:15.173954,2.5281112845392438e-05,,
ecommerce,Ciment et produits en béton,ciment,Ciment et produits en béton,,16.184,,,TND,ML,,,Tunisie,COMAF - Comptoir Africain,True,,https://www.comaf.tn/73-ciment-et-produits-en-beton.html?order=product.price.asc,2026-04-05 09:30:16.716306,2.1029276730822768e-05,,
ecommerce,"Ciment blanc SOTACIB CEM I 52,5 N",ciment,"Ciment blanc SOTACIB CEM I 52,5 N",,19.254,,,TND,M2,,,Tunisie,COMAF - Comptoir Africain,True,"Domaines d’applications : 

Les plaques de béton préfabriquées à base de ciment blanc
La production du ciment colle blanc
La production du mortier projeté
Les revêtements du sol 
Maçonnerie apparente
La pose des faïences 



Conditionnement :

En sac de 50kg",https://www.comaf.tn/ciment-et-produits-en-beton/232-ciment-blanc-sotacib-cem-i-525-n.html,2026-04-05 09:30:18.268980,2.5281112845392438e-05,,
ecommerce,Ciment et produits en béton,ciment,Ciment et produits en béton,,19.254,,,TND,M2,,,Tunisie,COMAF - Comptoir Africain,True,,https://www.comaf.tn/73-ciment-et-produits-en-beton.html?p=3&order=product.quantity.desc,2026-04-05 09:30:24.393845,2.5281112845392438e-05,,
ecommerce,Ciment et produits en béton,ciment,Ciment et produits en béton,,7.14,,,TND,ML,,,Tunisie,COMAF - Comptoir Africain,True,,https://www.comaf.tn/73-ciment-et-produits-en-beton.html?p=2&order=product.name.asc,2026-04-05 09:30:31.900917,8.503672229139342e-06,,
ecommerce,"Ciment portland au calcaire CP II / A-L 32,5 N",ciment,"Ciment portland au calcaire CP II / A-L 32,5 N",,7.14,,,TND,ML,,,Tunisie,COMAF - Comptoir Africain,True,"Domaines d’applications : 

Pose carreaux
Enduits
Aggloméré
Maçonnerie courante 



Conditionnement :

Sac de 50kg",https://www.comaf.tn/ciment-et-produits-en-beton/229-ciment-portland-au-calcaire-cp-ii-a-l-325-n.html,2026-04-05 09:31:07.060602,8.503672229139342e-06,,
ecommerce,"CIMENT PORTLAND CEM I 42,5 N",ciment,"CIMENT PORTLAND CEM I 42,5 N",,19.254,,,TND,M2,,,Tunisie,COMAF - Comptoir Africain,True,"Consultants principaux : 

Clinker : 95-100% - Calcaire (L) : 0-5% 


Domaines d’applications : 

Ouvrages en béton armé
Centrales thermiques
Routes et autoroutes
Génie civil industriel
Préfabrication et béton manufacturé


Conditionnement :

Sac de 50 kg",https://www.comaf.tn/ciment-et-produits-en-beton/228-ciment-portland-cem-i-425-n.html,2026-04-05 09:31:11.501034,2.5281112845392438e-05,,
ecommerce,"Ciment blanc SOTACIB CEM ll/A-L 42,5 N",ciment,"Ciment blanc SOTACIB CEM ll/A-L 42,5 N",,16.184,,,TND,ML,,,Tunisie,COMAF - Comptoir Africain,True,"Domaines d’applications : 

Les plaques de béton préfabriquées à base de ciment blanc
La production du ciment colle blanc
La production du mortier projeté
Les revêtements du sol 
Maçonnerie apparente
La pose des faïences 



Conditionnement :

En sac de 50kg",https://www.comaf.tn/ciment-et-produits-en-beton/231-ciment-blanc-sotacib-cem-lla-l-425-n.html,2026-04-05 09:31:26.664144,2.1029276730822768e-05,,
ecommerce,Effet Ciment,ciment,Effet Ciment,,68.0,,,TND,t,120x200 cm,2.4,Tunis,Le CNT – La Maison du Bien-Vivre,True,,https://www.lecnt.com/71300-effet-ciment,2026-04-05 09:32:45.972278,9.279251455249771e-05,,
blog_article,04,climatisation,,,32.0,,,TND,unité,,,Tunis,SM Devis (source blog),True,PANASONIC DELUXE R32Super moderne,https://www.sm-devis.tn/devis-climatiseur-gainable-tunisie/,2026-04-05 09:37:41.077140,4.29338500168273e-05,,
blog_article,"24000btu, zone convenable",climatisation,,,39.0,30.0,48.0,TND,unité,,,Tunis,SM Devis (source blog),True,Fourchette estimée : 30.0 – 48.0 DT/unité,https://www.sm-devis.tn/climatiseur-solaire-hybride-ecosolar-tunis/,2026-04-05 09:34:44.091630,5.262859034320766e-05,5.470460550528286e-06,0.0001613799781240474
blog_article,"24000btu, surface convenable",climatisation,,,39.0,30.0,48.0,TND,unité,,,Tunis,SM Devis (source blog),True,Fourchette estimée : 30.0 – 48.0 DT/unité,https://www.sm-devis.tn/climatiseur-solaire-hybride-ecosolar-tunis/,2026-04-05 09:34:44.091630,5.262859034320766e-05,5.470460550528286e-06,0.0001613799781240474
blog_article,"20000btu, zone convenable",climatisation,,,33.5,25.0,42.0,TND,unité,,,Tunis,SM Devis (source blog),True,Fourchette estimée : 25.0 – 42.0 DT/unité,https://www.sm-devis.tn/climatiseur-solaire-hybride-ecosolar-tunis/,2026-04-05 09:34:44.091630,4.5011294372480235e-05,4.5272776969889265e-06,0.00014069023733891313
blog_article,"12000btu, zone convenable",climatisation,,,19.0,15.0,23.0,TND,unité,,,Tunis,SM Devis (source blog),True,Fourchette estimée : 15.0 – 23.0 DT/unité,https://www.sm-devis.tn/climatiseur-solaire-hybride-ecosolar-tunis/,2026-04-05 09:34:44.091630,2.4929332267835206e-05,2.640911989910207e-06,7.517272485265457e-05
blog_article,"9000btu, zone convenable",climatisation,,,14.0,11.0,17.0,TND,unité,,,Tunis,SM Devis (source blog),True,Fourchette estimée : 11.0 – 17.0 DT/unité,https://www.sm-devis.tn/climatiseur-solaire-hybride-ecosolar-tunis/,2026-04-05 09:34:44.091630,1.8004517748992092e-05,1.8863657070787193e-06,5.4482984067520286e-05
blog_article,Au sol et cassette,climatisation,,,20000.0,,,TND,unité,,,Tunis,SM Devis (source blog),True,"Au sol et cassette
:


20000",https://www.sm-devis.tn/climatiseur-solaire-hybride-ecosolar-tunis/,2026-04-05 09:34:44.090636,0.02769787311246868,,
blog_article,Différents concepts thermiques sont possibles selon que les besoins de confort,climatisation,,,1.0,,,TND,unité,,,Tunis,SM Devis (source blog),True,"Différents concepts thermiques sont possibles selon que les besoins de confort :

1.",https://www.sm-devis.tn/devis-climatisseur-vrv-tunisie/,2026-04-05 09:39:04.022411,0.0,,
blog_article,Unité murale,climatisation,,,9000.0,,,TND,unité,,,Tunis,SM Devis (source blog),True,"Unité murale:


9000",https://www.sm-devis.tn/climatiseur-solaire-hybride-ecosolar-tunis/,2026-04-05 09:34:44.090636,0.012463281171013835,,
blog_article,"(la moins chère), comptez",climatisation,,,1100.0,700.0,1500.0,TND,unité,,,Tunis,SM Devis (source blog),True,Fourchette estimée : 700.0 – 1500.0 DT/unité,http://www.sm-devis.tn/climatisation-reversible-3/,2026-04-05 09:33:44.546893,0.001522074231241716,0.0001318569629248025,0.005168297248126544
blog_article,"r de votre habitation. En fonction de votre besoin, vous avez la possibilité de changer d’élément (une unité intérieure",climatisation,,,250.0,200.0,300.0,TND,unité,,,Tunis,SM Devis (source blog),True,Fourchette estimée : 200.0 – 300.0 DT/unité,http://www.sm-devis.tn/devis-climatisation-tunisie/,2026-04-05 09:33:58.574365,0.000344855763038387,3.753867757086651e-05,0.0010303490910996873
blog_article,Unité de haute pression de conduit,climatisation,,,36000.0,,,TND,unité,,,Tunis,SM Devis (source blog),True,"Unité de haute pression de conduit:


36000",https://www.sm-devis.tn/climatiseur-solaire-hybride-ecosolar-tunis/,2026-04-05 09:34:44.090636,0.049857279572766644,,
blog_article,ont un niveau sonore compris,climatisation,,,50.0,40.0,60.0,TND,unité,,,Tunis,SM Devis (source blog),True,Fourchette estimée : 40.0 – 60.0 DT/unité,https://www.sm-devis.tn/devis-climatiseur-mobile-tunisie/,2026-04-05 09:38:28.405696,6.78631822846625e-05,7.356826257607005e-06,0.00020275945969431598
blog_article,Entre 1 et 3 mois,climatisation,,,4.5,3.0,6.0,TND,unité,,,Tunis,SM Devis (source blog),True,Fourchette estimée : 3.0 – 6.0 DT/unité,http://www.sm-devis.tn/climatisation-reversible-3/,2026-04-05 09:33:44.547881,4.847370163190179e-06,3.772731414157439e-07,1.6551792628107427e-05
blog_article,03,climatisation,,,360.0,,,TND,unité,,,Tunis,SM Devis (source blog),True,DILOC FROZEN 360Meilleur rapport qualité prix,https://www.sm-devis.tn/devis-climatiseur-gainable-tunisie/,2026-04-05 09:37:41.077140,0.0004972016824529355,,
blog_article,04,climatisation,,,480.0,,,TND,unité,,,Tunis,SM Devis (source blog),True,DILOC Frozen 480La fiabilité au top,https://www.sm-devis.tn/devis-climatiseur-gainable-tunisie/,2026-04-05 09:37:41.077140,0.0006633972309051702,,
blog_article,30 000 BTU =,climatisation,,,75.0,70.0,80.0,TND,unité,,,Tunis,SM Devis (source blog),True,Fourchette estimée : 70.0 – 80.0 DT/unité,http://www.sm-devis.tn/devis-climatisation-tunisie/,2026-04-05 09:33:58.574365,0.00010248725487887806,1.3015923378843163e-05,0.00027172526231143023
blog_article,03,climatisation,,,52.0,,,TND,unité,,,Tunis,SM Devis (source blog),True,Daikin 3MXM52MMeilleur de tous,https://www.sm-devis.tn/devis-climatiseur-gainable-tunisie/,2026-04-05 09:37:41.077140,7.063310809219975e-05,,
blog_article,Climatiseur BIOLUX – Capacité,climatisation,,,12000.0,,,TND,unité,,,Tunis,SM Devis (source blog),True,Climatiseur BIOLUX – Capacité: 12000,https://www.sm-devis.tn/devis-climatiseur-biolux-tunisie/,2026-04-05 09:36:57.601019,0.016618169882319702,,
blog_article,haud & Froid R410A – 24000 BTU – Classe énergétique 3 – EER/COP : 3.12 / 3.15 – Débit d’air: 900 m3/h- Niveaux sonores,climatisation,,,44.0,42.0,46.0,TND,unité,,,Tunis,SM Devis (source blog),True,Fourchette estimée : 42.0 – 46.0 DT/unité,https://www.sm-devis.tn/devis-climatiseur-armoire-tunisie/,2026-04-05 09:36:49.535819,5.955340486205077e-05,7.734099399022749e-06,0.00015448339786233598
blog_article,m3/h – Tension minimale: 4.5MPa – Niveau de bruit: 53 dB(A) – Tension: 220-240V – Fréquence: 50Hz – Surface appropriée,climatisation,,,70.0,60.0,80.0,TND,unité,,,Tunis,SM Devis (source blog),True,Fourchette estimée : 60.0 – 80.0 DT/unité,https://www.sm-devis.tn/devis-climatiseur-armoire-tunisie/,2026-04-05 09:36:49.535819,9.556244036003495e-05,1.1129557671764444e-05,0.00027172526231143023
blog_article,sorbée Max (IEC60335): 2760W – Débit d’air: 1200 m3/h – Tension minimale: 4.5MPa – Niveau de bruit: 53 dB(A) – Tension,climatisation,,,230.0,220.0,240.0,TND,unité,,,Tunis,SM Devis (source blog),True,Fourchette estimée : 220.0 – 240.0 DT/unité,https://www.sm-devis.tn/devis-climatiseur-armoire-tunisie/,2026-04-05 09:36:49.535819,0.00031715650496301457,4.131140898502395e-05,0.0008234516832483445
blog_article,Dimension unité extérieure 780 x 250 x 540 mm – Poids Net unité intérieure de 10 à 12.5 kg – Poids Net unité extérieure,climatisation,,,33.45,32.0,34.9,TND,unité,,,Tunis,SM Devis (source blog),True,Fourchette estimée : 32.0 – 34.9 DT/unité,https://www.sm-devis.tn/devis-climatiseur-armoire-tunisie/,2026-04-05 09:36:49.535819,4.494204622729181e-05,5.84773369194403e-06,0.00011620737740983755
blog_article,mension unité intérieure 940 x 205 x 275mm – Dimension unité extérieure 780 x 250 x 540 mm – Poids Net unité intérieure,climatisation,,,11.25,10.0,12.5,TND,unité,,,Tunis,SM Devis (source blog),True,Fourchette estimée : 10.0 – 12.5 DT/unité,https://www.sm-devis.tn/devis-climatiseur-armoire-tunisie/,2026-04-05 09:36:49.534807,1.4195869763628382e-05,1.6977291363708474e-06,3.896567847866957e-05
blog_article,haud & Froid R410A – 18000 BTU – Classe énergétique 3 – EER/COP : 3.04 / 2.98 – Débit d’air: 800 m3/h- Niveaux sonores,climatisation,,,40.5,37.0,44.0,TND,unité,,,Tunis,SM Devis (source blog),True,Fourchette estimée : 37.0 – 44.0 DT/unité,https://www.sm-devis.tn/devis-climatiseur-armoire-tunisie/,2026-04-05 09:36:49.534807,5.4706034698860594e-05,6.79091654548339e-06,0.00014758681760062455
blog_article,. Généralement,climatisation,,,3.0,2.0,4.0,TND,unité,,,Tunis,SM Devis (source blog),True,Fourchette estimée : 2.0 – 4.0 DT/unité,https://www.sm-devis.tn/devis-climatiseur-gainable-tunisie/,2026-04-05 09:37:41.083653,2.769925807537245e-06,1.8863657070787194e-07,9.655212366395999e-06
blog_article,24 000 BTU =,climatisation,,,60.0,50.0,70.0,TND,unité,,,Tunis,SM Devis (source blog),True,Fourchette estimée : 50.0 – 70.0 DT/unité,http://www.sm-devis.tn/devis-climatisation-tunisie/,2026-04-05 09:33:58.574365,8.171281132234873e-05,9.243191964685726e-06,0.0002372423610028731
blog_article,7 000 BTU =,climatisation,,,11.0,7.0,15.0,TND,unité,,,Tunis,SM Devis (source blog),True,Fourchette estimée : 7.0 – 15.0 DT/unité,http://www.sm-devis.tn/devis-climatisation-tunisie/,2026-04-05 09:33:58.573362,1.3849629037686225e-05,1.1318194242472316e-06,4.7586403805808854e-05
blog_article,12 000 BTU =,climatisation,,,30.0,25.0,35.0,TND,unité,,,Tunis,SM Devis (source blog),True,Fourchette estimée : 25.0 – 35.0 DT/unité,http://www.sm-devis.tn/devis-climatisation-tunisie/,2026-04-05 09:33:58.574365,4.016392420929005e-05,4.5272776969889265e-06,0.00011655220642292313
blog_article,Moins d'un mois,climatisation,,,2.0,1.0,3.0,TND,unité,,,Tunis,SM Devis (source blog),True,Fourchette estimée : 1.0 – 3.0 DT/unité,http://www.sm-devis.tn/climatisation-reversible-3/,2026-04-05 09:33:44.547881,1.3849629037686226e-06,0.0,6.206922235540285e-06
blog_article,n sûr ajouter le prix de la main d’oeuvre appliquée par l’artisan auquel vous faites appel. Celui-ci varie généralement,climatisation,,,1250.0,500.0,2000.0,TND,unité,,,Tunis,SM Devis (source blog),True,Fourchette estimée : 500.0 – 2000.0 DT/unité,http://www.sm-devis.tn/climatisation-reversible-3/,2026-04-05 09:33:44.547881,0.0017298186668070095,9.41296487832281e-05,0.006892442313554401
blog_article,"(la moins chère), comptez entre 700 et 1 500 € en France et",climatisation,,,850.0,500.0,1200.0,TND,unité,,,Tunis,SM Devis (source blog),True,Fourchette estimée : 500.0 – 1200.0 DT/unité,http://www.sm-devis.tn/climatisation-reversible-3/,2026-04-05 09:33:44.546893,0.0011758335052995605,9.41296487832281e-05,0.00413381020886983
blog_article,Tunisie varie entre en moyenne,climatisation,,,710.0,120.0,1300.0,TND,unité,,,Tunis,SM Devis (source blog),True,Fourchette estimée : 120.0 – 1300.0 DT/unité,https://www.sm-devis.tn/prix-pose-reparation-climatisation-tunis/,2026-04-05 09:42:13.488449,0.0009819386987719534,2.244775191423676e-05,0.0044786392219554015
blog_article,Contrat d’entretien (annuel) Tunis,climatisation,,,620.0,,1250.0,TND,unité,,,Tunis,SM Devis (source blog),True,1900 dt,https://www.sm-devis.tn/prix-pose-reparation-climatisation-tunis/,2026-04-05 09:42:13.484444,0.0008572920374327773,,0.004306224715412615
blog_article,Total fournitures & intervention Tunis,climatisation,,,530.0,,330.0,TND,unité,,,Tunis,SM Devis (source blog),True,140 dt,https://www.sm-devis.tn/prix-pose-reparation-climatisation-tunis/,2026-04-05 09:42:13.484444,0.0007326453760936013,,0.0011337977950253589
blog_article,Intervention Tunis,climatisation,,,340.0,,780.0,TND,unité,,,Tunis,SM Devis (source blog),True,1500 dt,https://www.sm-devis.tn/prix-pose-reparation-climatisation-tunis/,2026-04-05 09:42:13.484444,0.00046950242437756304,,0.00268552835391043
blog_article,Remplacement de la pompe de relevage Tunis,climatisation,,,130.0,,285.0,TND,unité,,,Tunis,SM Devis (source blog),True,490 dt,https://www.sm-devis.tn/prix-pose-reparation-climatisation-tunis/,2026-04-05 09:42:13.484444,0.00017866021458615231,,0.0009786247391368518
blog_article,Remplacement du moteur de ventilation du condenseur Tunis,climatisation,,,97.0,,460.0,TND,unité,,,Tunis,SM Devis (source blog),True,2800 dt,https://www.sm-devis.tn/prix-pose-reparation-climatisation-tunis/,2026-04-05 09:42:13.484444,0.00013295643876178777,,0.0015820755120366015
blog_article,Remplacement du serpentin d’évaporation Tunis,climatisation,,,90.0,,280.0,TND,unité,,,Tunis,SM Devis (source blog),True,1950 dt,https://www.sm-devis.tn/prix-pose-reparation-climatisation-tunis/,2026-04-05 09:42:13.483444,0.0001232616984354074,,0.0009613832884825731
blog_article,Remplacement du compresseur Tunis,climatisation,,,85.0,,255.0,TND,unité,,,Tunis,SM Devis (source blog),True,380 dt,https://www.sm-devis.tn/prix-pose-reparation-climatisation-tunis/,2026-04-05 09:42:13.483444,0.0001163368839165643,,0.0008751760352111803
blog_article,18 000 BTU =,climatisation,,,42.5,35.0,50.0,TND,unité,,,Tunis,SM Devis (source blog),True,Fourchette estimée : 35.0 – 50.0 DT/unité,http://www.sm-devis.tn/devis-climatisation-tunisie/,2026-04-05 09:33:58.574365,5.7475960506397835e-05,6.413643404067646e-06,0.00016827655838575883
blog_article,Réparation du condenseur Tunis,climatisation,,,77.0,,165.0,TND,unité,,,Tunis,SM Devis (source blog),True,270 dt,https://www.sm-devis.tn/prix-pose-reparation-climatisation-tunis/,2026-04-05 09:42:13.483444,0.00010525718068641532,,0.000564829923434166
blog_article,"Changement de fusible, disjoncteur ou relai électrique Tunis",climatisation,,,59.0,,145.0,TND,unité,,,Tunis,SM Devis (source blog),True,240 dt,https://www.sm-devis.tn/prix-pose-reparation-climatisation-tunis/,2026-04-05 09:42:13.483444,8.03278484185801e-05,,0.0004958641208170517
blog_article,Remplacement de carte électronique Tunis,climatisation,,,55.0,,185.0,TND,unité,,,Tunis,SM Devis (source blog),True,350 dt,https://www.sm-devis.tn/prix-pose-reparation-climatisation-tunis/,2026-04-05 09:42:13.483444,7.478799680350562e-05,,0.0006337957260512802
blog_article,Renouvellement du fluide frigorigène Tunis,climatisation,,,55.0,,148.0,TND,unité,,,Tunis,SM Devis (source blog),True,270 dt,https://www.sm-devis.tn/prix-pose-reparation-climatisation-tunis/,2026-04-05 09:42:13.483444,7.478799680350562e-05,,0.0005062089912096189
blog_article,Fuite du fluide frigorigène Tunis,climatisation,,,40.0,,190.0,TND,unité,,,Tunis,SM Devis (source blog),True,380 dt,https://www.sm-devis.tn/prix-pose-reparation-climatisation-tunis/,2026-04-05 09:42:13.482439,5.401355324697628e-05,,0.0006510371767055589
blog_article,Puissance (en BTU),climatisation,,,9000.0,,,TND,BTU,,,Tunis,SM Devis (source blog),True,Puissance (en BTU): 9 000 BTU ==> Surface traitable inférieur à 25m²,http://www.sm-devis.tn/devis-climatisation-tunisie/,2026-04-05 09:33:58.567377,0.012463281171013835,,
blog_article,Puissance (en BTU),climatisation,,,12000.0,,,TND,BTU,,,Tunis,SM Devis (source blog),True,Puissance (en BTU): 12 000 BTU ==> Surface traitable entre 25m² et 35m²,http://www.sm-devis.tn/devis-climatisation-tunisie/,2026-04-05 09:33:58.567377,0.016618169882319702,,
blog_article,Puissance (en BTU),climatisation,,,18000.0,,,TND,BTU,,,Tunis,SM Devis (source blog),True,Puissance (en BTU): 18 000 BTU ==> Surface traitable supérieur à 35m²,http://www.sm-devis.tn/devis-climatisation-tunisie/,2026-04-05 09:33:58.568286,0.024927947304931437,,
blog_article,les équivalences suivantes,climatisation,,,7000.0,,,TND,unité,,,Tunis,SM Devis (source blog),True,"les équivalences suivantes
 :




7 000",http://www.sm-devis.tn/devis-climatisation-tunisie/,2026-04-05 09:33:58.570368,0.00969335536347659,,
blog_article,Un climatiseur augmente votre consommation d’électricité liée à une pièce,climatisation,,,20.0,15.0,25.0,TND,unité,,,Tunis,SM Devis (source blog),True,Fourchette estimée : 15.0 – 25.0 DT/unité,http://www.sm-devis.tn/devis-climatisation-tunisie/,2026-04-05 09:33:58.573362,2.631429517160383e-05,2.640911989910207e-06,8.2069305114366e-05
blog_article,m3/h – Tension minimale: 4.5MPa – Niveau de bruit: 52 dB(A) – Tension: 220-240V – Fréquence: 50Hz – Surface appropriée,climatisation,,,50.0,40.0,60.0,TND,unité,,,Tunis,SM Devis (source blog),True,Fourchette estimée : 40.0 – 60.0 DT/unité,https://www.sm-devis.tn/devis-climatiseur-armoire-tunisie/,2026-04-05 09:36:49.534807,6.78631822846625e-05,7.356826257607005e-06,0.00020275945969431598
blog_article,9 000 BTU =,climatisation,,,20.0,15.0,25.0,TND,unité,,,Tunis,SM Devis (source blog),True,Fourchette estimée : 15.0 – 25.0 DT/unité,http://www.sm-devis.tn/devis-climatisation-tunisie/,2026-04-05 09:33:58.573362,2.631429517160383e-05,2.640911989910207e-06,8.2069305114366e-05
blog_article,Remplacement de thermostat Tunis,climatisation,,,63.0,,140.0,TND,unité,,,Tunis,SM Devis (source blog),True,240 dt,https://www.sm-devis.tn/prix-pose-reparation-climatisation-tunis/,2026-04-05 09:42:13.483444,8.58677000336546e-05,,0.00047862267016277315
blog_article,bsorbée Max (IEC60335): 2265W – Débit d’air: 800 m3/h – Tension minimale: 4.5MPa – Niveau de bruit: 52 dB(A) – Tension,climatisation,,,230.0,220.0,240.0,TND,unité,,,Tunis,SM Devis (source blog),True,Fourchette estimée : 220.0 – 240.0 DT/unité,https://www.sm-devis.tn/devis-climatiseur-armoire-tunisie/,2026-04-05 09:36:49.534807,0.00031715650496301457,4.131140898502395e-05,0.0008234516832483445
blog_article,Entre 3 et 6 mois,climatisation,,,9.0,6.0,12.0,TND,unité,,,Tunis,SM Devis (source blog),True,Fourchette estimée : 6.0 – 12.0 DT/unité,http://www.sm-devis.tn/climatisation-reversible-3/,2026-04-05 09:33:44.547881,1.107970323014898e-05,9.431828535393596e-07,3.7241533413241716e-05
blog_article,mension unité intérieure 800 x 188 x 275mm – Dimension unité extérieure 780 x 250 x 540 mm – Poids Net unité intérieure,climatisation,,,9.0,8.0,10.0,TND,unité,,,Tunis,SM Devis (source blog),True,Fourchette estimée : 8.0 – 10.0 DT/unité,https://www.sm-devis.tn/devis-climatiseur-armoire-tunisie/,2026-04-05 09:36:49.533806,1.107970323014898e-05,1.3204559949551035e-06,3.0344953151530288e-05
blog_article,Climatiseur Split Haier New Building – Puissance 9000 BTU – Chaud & Froid,climatisation,,,4.0,,,TND,unité,,,Tunis,SM Devis (source blog),True,Climatiseur Split Haier New Building – Puissance 9000 BTU – Chaud & Froid – 4,https://www.sm-devis.tn/devis-climatiseur-armoire-tunisie/,2026-04-05 09:36:49.523552,4.154888711305868e-06,,
blog_article,Climatiseur TCL 9000 BTU – Chaud & Froid – Intensité de démarrage,climatisation,,,4.0,,,TND,unité,,,Tunis,SM Devis (source blog),True,Climatiseur TCL 9000 BTU – Chaud & Froid – Intensité de démarrage: 4.0,https://www.sm-devis.tn/devis-climatiseur-armoire-tunisie/,2026-04-05 09:36:49.522544,4.154888711305868e-06,,
blog_article,Climatiseur Split Haier New Building – Puissance 9000 BTU – Froid,climatisation,,,4.0,,,TND,unité,,,Tunis,SM Devis (source blog),True,Climatiseur Split Haier New Building – Puissance 9000 BTU – Froid – 4,https://www.sm-devis.tn/devis-climatiseur-armoire-tunisie/,2026-04-05 09:36:49.522544,4.154888711305868e-06,,
blog_article,ne pas diminuer la température de plus,climatisation,,,7.5,7.0,8.0,TND,unité,,,Tunis,SM Devis (source blog),True,Fourchette estimée : 7.0 – 8.0 DT/unité,https://www.sm-devis.tn/devis-climatiseur-aermec-tunisie/,2026-04-05 09:36:45.357294,9.002258874496046e-06,1.1318194242472316e-06,2.3448372889818856e-05
blog_article,"4,1 à 4,5 kW",climatisation,,,4.65,4.5,4.8,TND,unité,,,Tunis,SM Devis (source blog),True,Fourchette estimée : 4.5 – 4.8 DT/unité,https://www.sm-devis.tn/devis-climatiseur-aermec-tunisie/,2026-04-05 09:36:45.357294,5.055114598755473e-06,6.602279974775517e-07,1.2413844471080569e-05
blog_article,"3,7 à 3,9 kW",climatisation,,,4.3,4.1,4.5,TND,unité,,,Tunis,SM Devis (source blog),True,Fourchette estimée : 4.1 – 4.5 DT/unité,https://www.sm-devis.tn/devis-climatiseur-aermec-tunisie/,2026-04-05 09:36:45.357294,4.570377582436455e-06,5.847733691944029e-07,1.1379357431823855e-05
blog_article,"3,5 à 3,7 kW",climatisation,,,3.8,3.7,3.9,TND,unité,,,Tunis,SM Devis (source blog),True,Fourchette estimée : 3.7 – 3.9 DT/unité,https://www.sm-devis.tn/devis-climatiseur-aermec-tunisie/,2026-04-05 09:36:45.357294,3.8778961305521426e-06,5.093187409112543e-07,9.310383353310429e-06
blog_article,– Dimension unité extérieure 780 x 250 x 540 mm – Poids Net unité intérieure de 8 à 10 kg – Poids Net unité extérieure,climatisation,,,28.45,27.3,29.6,TND,unité,,,Tunis,SM Devis (source blog),True,Fourchette estimée : 27.3 – 29.6 DT/unité,https://www.sm-devis.tn/devis-climatiseur-armoire-tunisie/,2026-04-05 09:36:49.533806,3.801723170844869e-05,4.961141809617032e-06,9.793143971630229e-05
blog_article,"2,2 à 2,8 kW",climatisation,,,2.8,2.6,3.0,TND,unité,,,Tunis,SM Devis (source blog),True,Fourchette estimée : 2.6 – 3.0 DT/unité,https://www.sm-devis.tn/devis-climatiseur-aermec-tunisie/,2026-04-05 09:36:45.357294,2.4929332267835202e-06,3.018185131325951e-07,6.206922235540285e-06
blog_article,Split,climatisation,,,2.5,2.2,2.8,TND,unité,,,Tunis,SM Devis (source blog),True,Fourchette estimée : 2.2 – 2.8 DT/unité,https://www.sm-devis.tn/devis-climatiseur-aermec-tunisie/,2026-04-05 09:36:45.357294,2.077444355652934e-06,2.2636388484944636e-07,5.517264209369142e-06
blog_article,"1,2 kW",climatisation,,,1.8,1.6,2.0,TND,unité,,,Tunis,SM Devis (source blog),True,Fourchette estimée : 1.6 – 2.0 DT/unité,https://www.sm-devis.tn/devis-climatiseur-aermec-tunisie/,2026-04-05 09:36:45.357294,1.107970323014898e-06,1.1318194242472318e-07,2.7586321046845713e-06
blog_article,Climatiseur TCL 12000 BTU – Chaud & Froid – Intensité de démarrage,climatisation,,,4.9,,,TND,unité,,,Tunis,SM Devis (source blog),True,Climatiseur TCL 12000 BTU – Chaud & Froid – Intensité de démarrage: 4.9,https://www.sm-devis.tn/devis-climatiseur-armoire-tunisie/,2026-04-05 09:36:49.523552,5.401355324697629e-06,,
blog_article,Multisplit,climatisation,,,40.0,,,TND,m²,,,Tunis,SM Devis (source blog),True,"40 m2 | 3,5 à 3,7 kW | 3,7 à 3,9 kW | 4,1 à 4,5 kW",https://www.sm-devis.tn/devis-climatiseur-aermec-tunisie/,2026-04-05 09:36:45.353210,5.401355324697628e-05,,
blog_article,Réversible,climatisation,,,30.0,,,TND,unité,,,Tunis,SM Devis (source blog),True,Réversible | Option permettant à l’appareil de refroidir et de pouvoir aussi réchauffer. On évalue jusqu’à 30% le montant des économies à réaliser par rapport à un équipement sans l’option.,https://www.sm-devis.tn/devis-climatiseur-aermec-tunisie/,2026-04-05 09:36:45.352615,4.016392420929005e-05,,
blog_article,Mobile,climatisation,,,30.0,,,TND,m²,,,Tunis,SM Devis (source blog),True,Mobile | Le climatiseur peut-être split (une unité intérieure sur roulettes) ou monobloc (une seule unité à l’intérieur). Il convient parfaitement pour refroidir de petites pièces jusqu’à 30m2 (limité à 10°C de refroidissement).,https://www.sm-devis.tn/devis-climatiseur-aermec-tunisie/,2026-04-05 09:36:45.352615,4.016392420929005e-05,,
blog_article,"36000btu, zone convenable",climatisation,,,54.5,42.0,67.0,TND,unité,,,Tunis,SM Devis (source blog),True,Fourchette estimée : 42.0 – 67.0 DT/unité,https://www.sm-devis.tn/climatiseur-solaire-hybride-ecosolar-tunis/,2026-04-05 09:34:44.091630,7.409551535162131e-05,7.734099399022749e-06,0.00022689749061030598
blog_article,"41000btu, surface convenable",climatisation,,,65.0,50.0,80.0,TND,unité,,,Tunis,SM Devis (source blog),True,Fourchette estimée : 50.0 – 80.0 DT/unité,https://www.sm-devis.tn/climatiseur-solaire-hybride-ecosolar-tunis/,2026-04-05 09:34:44.091630,8.863762584119184e-05,9.243191964685726e-06,0.00027172526231143023
blog_article,"48000btu, surface convenable",climatisation,,,75.5,58.0,93.0,TND,unité,,,Tunis,SM Devis (source blog),True,Fourchette estimée : 58.0 – 93.0 DT/unité,https://www.sm-devis.tn/climatiseur-solaire-hybride-ecosolar-tunis/,2026-04-05 09:34:44.091630,0.00010317973633076238,1.07522845303487e-05,0.00031655303401255456
blog_article,"41000btu, zone convenable",climatisation,,,65.0,50.0,80.0,TND,unité,,,Tunis,SM Devis (source blog),True,Fourchette estimée : 50.0 – 80.0 DT/unité,https://www.sm-devis.tn/climatiseur-solaire-hybride-ecosolar-tunis/,2026-04-05 09:34:44.091630,8.863762584119184e-05,9.243191964685726e-06,0.00027172526231143023
blog_article,"48000btu, superficie",climatisation,,,75.5,58.0,93.0,TND,unité,,,Tunis,SM Devis (source blog),True,Fourchette estimée : 58.0 – 93.0 DT/unité,https://www.sm-devis.tn/climatiseur-solaire-hybride-ecosolar-tunis/,2026-04-05 09:34:44.091630,0.00010317973633076238,1.07522845303487e-05,0.00031655303401255456
blog_article,compter,climatisation,,,17.5,5.0,30.0,TND,unité,,,Tunis,SM Devis (source blog),True,Fourchette estimée : 5.0 – 30.0 DT/unité,https://www.sm-devis.tn/climatiseur-solaire-hybride-ecosolar-tunis/,2026-04-05 09:34:44.091630,2.285188791218227e-05,7.545462828314878e-07,9.931075576864456e-05
blog_article,coûte généralement,climatisation,,,15.0,10.0,20.0,TND,unité,,,Tunis,SM Devis (source blog),True,Fourchette estimée : 10.0 – 20.0 DT/unité,http://www.sm-devis.tn/climatisation-reversible-3/,2026-04-05 09:33:44.546893,1.9389480652760716e-05,1.6977291363708474e-06,6.482785446008742e-05
blog_article,se déclinent en plusieurs unités intérieures reliées à la même unité extérieure. Celles-ci peuvent être au nombre,climatisation,,,3.5,2.0,5.0,TND,unité,,,Tunis,SM Devis (source blog),True,Fourchette estimée : 2.0 – 5.0 DT/unité,http://www.sm-devis.tn/climatisation-reversible-3/,2026-04-05 09:33:44.546893,3.4624072594215563e-06,1.8863657070787194e-07,1.3103502497251713e-05
blog_article,Veuillez entrer uniquement 2 chiffres * Exemple,climatisation,,,12.0,,,TND,unité,,,Tunis,SM Devis (source blog),True,Veuillez entrer uniquement 2 chiffres * Exemple: 12 Cette boîte est pour la protection contre le spam - Veuillez laisser en blanc :,http://www.sm-devis.tn/climatisation-reversible-3/,2026-04-05 09:33:44.541876,1.5234591941454847e-05,,
blog_article,Split,climatisation,,,20.0,,,TND,m²,,,Tunis,SM Devis (source blog),True,"20 m2 | 2,2 à 2,8 kW | 2,6 à 3 kW | /",https://www.sm-devis.tn/devis-climatiseur-aermec-tunisie/,2026-04-05 09:36:45.353210,2.631429517160383e-05,,
blog_article,Climatiseur Falcon Chaud & Froid R410A,climatisation,,,12000.0,,,TND,unité,,,Tunis,SM Devis (source blog),True,Climatiseur Falcon Chaud & Froid R410A – 12000,https://www.sm-devis.tn/devis-climatiseur-armoire-tunisie/,2026-04-05 09:36:49.523552,0.016618169882319702,,
blog_article,Multisplit,climatisation,,,3.6,3.5,3.7,TND,unité,,,Tunis,SM Devis (source blog),True,Fourchette estimée : 3.5 – 3.7 DT/unité,https://www.sm-devis.tn/devis-climatiseur-aermec-tunisie/,2026-04-05 09:36:45.357294,3.600903549798419e-06,4.715914267696798e-07,8.620725327139285e-06
blog_article,Climatiseur Westpoint Chaud & Froid R410A,climatisation,,,9000.0,,,TND,unité,,,Tunis,SM Devis (source blog),True,Climatiseur Westpoint Chaud & Froid R410A – 9000,https://www.sm-devis.tn/devis-climatiseur-armoire-tunisie/,2026-04-05 09:36:49.523552,0.012463281171013835,,
blog_article,Puissances disponibles,climatisation,,,12.6,5.2,20.0,TND,unité,,,Tunis,SM Devis (source blog),True,Fourchette estimée : 5.2 – 20.0 DT/unité,https://www.sm-devis.tn/devis-climatiseur-armoire-tunisie/,2026-04-05 09:36:49.527549,1.6065569683716023e-05,7.922735969730622e-07,6.482785446008742e-05
blog_article,bsorbée Max (IEC60335): 1375W – Débit d’air: 550 m3/h – Tension minimale: 4.5MPa – Niveau de bruit: 44 dB(A) – Tension,climatisation,,,230.0,220.0,240.0,TND,unité,,,Tunis,SM Devis (source blog),True,Fourchette estimée : 220.0 – 240.0 DT/unité,https://www.sm-devis.tn/devis-climatiseur-armoire-tunisie/,2026-04-05 09:36:49.532664,0.00031715650496301457,4.131140898502395e-05,0.0008234516832483445
blog_article,m3/h – Tension minimale: 4.5MPa – Niveau de bruit: 44 dB(A) – Tension: 220-240V – Fréquence: 50Hz – Surface appropriée,climatisation,,,35.0,30.0,40.0,TND,unité,,,Tunis,SM Devis (source blog),True,Fourchette estimée : 30.0 – 40.0 DT/unité,https://www.sm-devis.tn/devis-climatiseur-armoire-tunisie/,2026-04-05 09:36:49.532664,4.708873872813317e-05,5.470460550528286e-06,0.0001337936570772017
blog_article,Climatiseur Split Haier New Building – Puissance 12 000 BTU – Froid,climatisation,,,4.0,,,TND,unité,,,Tunis,SM Devis (source blog),True,Climatiseur Split Haier New Building – Puissance 12 000 BTU – Froid – 4,https://www.sm-devis.tn/devis-climatiseur-armoire-tunisie/,2026-04-05 09:36:49.523552,4.154888711305868e-06,,
blog_article,haud & Froid R410A – 12000 BTU – Classe énergétique 1 – EER/COP : 3.44 / 3.35 – Débit d’air: 550 m3/h- Niveaux sonores,climatisation,,,36.0,32.0,40.0,TND,unité,,,Tunis,SM Devis (source blog),True,Fourchette estimée : 32.0 – 40.0 DT/unité,https://www.sm-devis.tn/devis-climatiseur-armoire-tunisie/,2026-04-05 09:36:49.533806,4.847370163190179e-05,5.84773369194403e-06,0.0001337936570772017
blog_article,Climatiseur Westpoint Chaud & Froid R410A,climatisation,,,24000.0,,,TND,unité,,,Tunis,SM Devis (source blog),True,Climatiseur Westpoint Chaud & Froid R410A – 24000,https://www.sm-devis.tn/devis-climatiseur-armoire-tunisie/,2026-04-05 09:36:49.525549,0.033237724727543175,,
blog_article,Climatiseur Falcon Chaud & Froid R410A,climatisation,,,24000.0,,,TND,unité,,,Tunis,SM Devis (source blog),True,Climatiseur Falcon Chaud & Froid R410A – 24000,https://www.sm-devis.tn/devis-climatiseur-armoire-tunisie/,2026-04-05 09:36:49.524550,0.033237724727543175,,
blog_article,Climatiseur TCL 24000 BTU – Chaud & Froid – Intensité de démarrage,climatisation,,,10.1,,,TND,unité,,,Tunis,SM Devis (source blog),True,Climatiseur TCL 24000 BTU – Chaud & Froid – Intensité de démarrage: 10.1,https://www.sm-devis.tn/devis-climatiseur-armoire-tunisie/,2026-04-05 09:36:49.524550,1.2603162424294464e-05,,
blog_article,Climatiseur Westpoint Chaud & Froid R410A,climatisation,,,18000.0,,,TND,unité,,,Tunis,SM Devis (source blog),True,Climatiseur Westpoint Chaud & Froid R410A – 18000,https://www.sm-devis.tn/devis-climatiseur-armoire-tunisie/,2026-04-05 09:36:49.524550,0.024927947304931437,,
blog_article,Climatiseur Falcon Chaud & Froid R410A,climatisation,,,18000.0,,,TND,unité,,,Tunis,SM Devis (source blog),True,Climatiseur Falcon Chaud & Froid R410A – 18000,https://www.sm-devis.tn/devis-climatiseur-armoire-tunisie/,2026-04-05 09:36:49.524550,0.024927947304931437,,
blog_article,Climatiseur TCL 18000 BTU – Chaud & Froid – Intensité de démarrage,climatisation,,,8.3,,,TND,unité,,,Tunis,SM Devis (source blog),True,Climatiseur TCL 18000 BTU – Chaud & Froid – Intensité de démarrage: 8.3,https://www.sm-devis.tn/devis-climatiseur-armoire-tunisie/,2026-04-05 09:36:49.524550,1.0110229197510946e-05,,
blog_article,Climatiseur Westpoint Chaud & Froid R410A,climatisation,,,12000.0,,,TND,unité,,,Tunis,SM Devis (source blog),True,Climatiseur Westpoint Chaud & Froid R410A – 12000,https://www.sm-devis.tn/devis-climatiseur-armoire-tunisie/,2026-04-05 09:36:49.524550,0.016618169882319702,,
blog_article,bsorbée Max (IEC60335): 1130W – Débit d’air: 520 m3/h – Tension minimale: 4.5MPa – Niveau de bruit: 40 dB(A) – Tension,climatisation,,,230.0,220.0,240.0,TND,unité,,,Tunis,SM Devis (source blog),True,Fourchette estimée : 220.0 – 240.0 DT/unité,https://www.sm-devis.tn/devis-climatiseur-armoire-tunisie/,2026-04-05 09:36:49.532664,0.00031715650496301457,4.131140898502395e-05,0.0008234516832483445
blog_article,m3/h – Tension minimale: 4.5MPa – Niveau de bruit: 40 dB(A) – Tension: 220-240V – Fréquence: 50Hz – Surface appropriée,climatisation,,,25.0,20.0,30.0,TND,unité,,,Tunis,SM Devis (source blog),True,Fourchette estimée : 20.0 – 30.0 DT/unité,https://www.sm-devis.tn/devis-climatiseur-armoire-tunisie/,2026-04-05 09:36:49.532664,3.323910969044694e-05,3.5840948434495667e-06,9.931075576864456e-05
blog_article,e de canalisations et le changement de pièces de robinetterie défectueuses. Le coût moyen de ce type de dépannage varie,construction,,,140.0,90.0,190.0,TND,unité,,,Tunis,SM Devis (source blog),True,Fourchette estimée : 90.0 – 190.0 DT/unité,https://www.sm-devis.tn/prix-installation-plomberie-maison-tunisie/,2026-04-05 09:41:40.671286,0.00019250984362383853,1.6788654793000602e-05,0.0006510371767055589
blog_article,Réalisation de dallage en béton armé sur terre-plein (,construction,,,13.5,12.0,15.0,TND,unité,,,Tunis,SM Devis (source blog),True,Fourchette estimée : 12.0 – 15.0 DT/unité,https://www.sm-devis.tn/guide-des-prix-maconnerie-prix-travaux-de-gros-oeuvre-tunisie/,2026-04-05 09:40:52.696998,1.7312036297107782e-05,2.0750022777865914e-06,4.7586403805808854e-05
blog_article,Remplacement de chauffe-eau,construction,,,285.0,150.0,420.0,TND,unité,,,Tunis,SM Devis (source blog),True,Fourchette estimée : 150.0 – 420.0 DT/unité,https://www.sm-devis.tn/prix-installation-plomberie-maison-tunisie/,2026-04-05 09:41:40.671286,0.0003933294646702888,2.8106849035472917e-05,0.0014441439068023732
blog_article,Réparation de l’étanchéité de la douche / baignoire,construction,,,220.0,120.0,320.0,TND,unité,,,Tunis,SM Devis (source blog),True,Fourchette estimée : 120.0 – 320.0 DT/unité,https://www.sm-devis.tn/prix-installation-plomberie-maison-tunisie/,2026-04-05 09:41:40.671286,0.00030330687592532835,2.244775191423676e-05,0.0010993148937168016
blog_article,Les coûts d’une rénovation complète se décomposent souvent de la manière suivante,construction,,,1.0,,,TND,unité,,,Tunis,SM Devis (source blog),True,Les coûts d’une rénovation complète se décomposent souvent de la manière suivante : 1,http://www.sm-devis.tn/devis-travaux-et-batiment/devis-construction-maison-899.html/,2026-04-05 09:34:13.172055,0.0,,
blog_article,Petite Rénovation,construction,,,300.0,150.0,450.0,TND,m,,,Tunis,SM Devis (source blog),True,Fourchette estimée : 150.0 – 450.0 DT/m,http://www.sm-devis.tn/devis-travaux-et-batiment/devis-construction-maison-899.html/,2026-04-05 09:34:13.174984,0.00041410390822681816,2.8106849035472917e-05,0.0015475926107280445
blog_article,Réparation de l’étanchéité de la douche / baignoire,construction,,,120320.0,,,TND,unité,,,Tunis,SM Devis (source blog),True,,https://www.sm-devis.tn/prix-installation-plomberie-maison-tunisie/,2026-04-05 09:41:40.669373,0.1666373516185369,,
blog_article,Remplacement de chauffe-eau,construction,,,150420.0,,,TND,unité,,,Tunis,SM Devis (source blog),True,,https://www.sm-devis.tn/prix-installation-plomberie-maison-tunisie/,2026-04-05 09:41:40.669373,0.20832473502197243,,
blog_article,Rénovation Standard,construction,,,750.0,500.0,1000.0,TND,m,,,Tunis,SM Devis (source blog),True,Fourchette estimée : 500.0 – 1000.0 DT/m,http://www.sm-devis.tn/devis-travaux-et-batiment/devis-construction-maison-899.html/,2026-04-05 09:34:13.174984,0.0010373372149226983,9.41296487832281e-05,0.003444152182698687
blog_article,Rénovation Complète,construction,,,1250.0,1000.0,1500.0,TND,m,,,Tunis,SM Devis (source blog),True,Fourchette estimée : 1000.0 – 1500.0 DT/m,http://www.sm-devis.tn/devis-travaux-et-batiment/devis-construction-maison-899.html/,2026-04-05 09:34:13.174984,0.0017298186668070095,0.00018844793413716406,0.005168297248126544
blog_article,Devis construction maison,construction,,,13150.5,8923.0,17378.0,TND,unité,,,Tunis,SM Devis (source blog),True,Fourchette estimée : 8923.0 – 17378.0 DT/unité,http://www.sm-devis.tn/devis-travaux-et-batiment/devis-construction-maison-899.html/,2026-04-05 09:34:13.174984,0.0182115697031055,0.0016830154838556335,0.05992024794585357
blog_article,Devis construction maison,construction,,,28850.0,19890.0,37810.0,TND,unité,,,Tunis,SM Devis (source blog),True,Fourchette estimée : 19890.0 – 37810.0 DT/unité,http://www.sm-devis.tn/devis-travaux-et-batiment/devis-construction-maison-899.html/,2026-04-05 09:34:13.174984,0.039954794810820995,0.003751792754808865,0.13037571189949754
blog_article,Remplacement de pièce défectueuse,construction,,,96.0,62.0,130.0,TND,unité,,,Tunis,SM Devis (source blog),True,Fourchette estimée : 62.0 – 130.0 DT/unité,https://www.sm-devis.tn/prix-installation-plomberie-maison-tunisie/,2026-04-05 09:41:40.671286,0.00013157147585801914,1.1506830813180188e-05,0.000444139768854216
blog_article,Débouchage canalisation,construction,,,116.5,53.0,180.0,TND,unité,,,Tunis,SM Devis (source blog),True,Fourchette estimée : 53.0 – 180.0 DT/unité,https://www.sm-devis.tn/prix-installation-plomberie-maison-tunisie/,2026-04-05 09:41:40.671286,0.0001599632153852759,9.80910167680934e-06,0.0006165542753970017
blog_article,Dépannage de chasse d’eau,construction,,,106.5,55.0,158.0,TND,unité,,,Tunis,SM Devis (source blog),True,Fourchette estimée : 55.0 – 158.0 DT/unité,https://www.sm-devis.tn/prix-installation-plomberie-maison-tunisie/,2026-04-05 09:41:40.671286,0.0001461135863475897,1.0186374818225084e-05,0.000540691892518176
blog_article,Réparation ou remplacement de robinet,construction,,,134.0,88.0,180.0,TND,unité,,,Tunis,SM Devis (source blog),True,Fourchette estimée : 88.0 – 180.0 DT/unité,https://www.sm-devis.tn/prix-installation-plomberie-maison-tunisie/,2026-04-05 09:41:40.671286,0.0001842000662012268,1.641138165158486e-05,0.0006165542753970017
blog_article,Dépannage de fuite,construction,,,365.0,180.0,550.0,TND,unité,,,Tunis,SM Devis (source blog),True,Fourchette estimée : 180.0 – 550.0 DT/unité,https://www.sm-devis.tn/prix-installation-plomberie-maison-tunisie/,2026-04-05 09:41:40.671286,0.0005041264969717786,3.376594615670908e-05,0.0018924216238136156
blog_article,Prix,construction,,,12635.0,,,TND,unité,,,Tunis,SM Devis (source blog),True,"Prix :
 environ 
12 635 dt",http://www.sm-devis.tn/devis-travaux-et-batiment/devis-construction-maison-899.html/,2026-04-05 09:34:13.171059,0.017497621326212777,,
blog_article,Devis construction maison,construction,,,90904.0,67728.0,114080.0,TND,unité,,,Tunis,SM Devis (source blog),True,Fourchette estimée : 67728.0 – 114080.0 DT/unité,http://www.sm-devis.tn/devis-travaux-et-batiment/devis-construction-maison-899.html/,2026-04-05 09:34:13.174984,0.1258972828412791,0.012775789024332043,0.3933768001798628
blog_article,Devis construction maison,construction,,,63088.0,43766.0,82410.0,TND,unité,,,Tunis,SM Devis (source blog),True,Fourchette estimée : 43766.0 – 82410.0 DT/unité,http://www.sm-devis.tn/devis-travaux-et-batiment/devis-construction-maison-899.html/,2026-04-05 09:34:13.174984,0.0873731547100511,0.008255679517030014,0.2841694517356624
blog_article,Versement 2,construction,,,35.0,,,TND,unité,,,Tunis,SM Devis (source blog),True,Versement 2: 35% (lorsque le chantier est terminé),http://www.sm-devis.tn/devis-travaux-et-batiment/devis-construction-maison-899.html/,2026-04-05 09:34:13.170072,4.708873872813317e-05,,
blog_article,Versement 1,construction,,,35.0,,,TND,unité,,,Tunis,SM Devis (source blog),True,Versement 1: 35% (chantier en cours),http://www.sm-devis.tn/devis-travaux-et-batiment/devis-construction-maison-899.html/,2026-04-05 09:34:13.170072,4.708873872813317e-05,,
blog_article,Acompte,construction,,,30.0,,,TND,unité,,,Tunis,SM Devis (source blog),True,Acompte: 30%,http://www.sm-devis.tn/devis-travaux-et-batiment/devis-construction-maison-899.html/,2026-04-05 09:34:13.170072,4.016392420929005e-05,,
blog_article,entre 1 300 dt/m,construction,,,1301.0,2.0,2600.0,TND,m,,,Tunis,SM Devis (source blog),True,Fourchette estimée : 2.0 – 2600.0 DT/m,https://www.sm-devis.tn/prix-surelevation-maison-tunis/,2026-04-05 09:42:25.179159,0.0018004517748992093,1.8863657070787194e-07,0.00896141639206783
blog_article,en 2024 compter à partir de 700 dt /m,construction,,,1451.0,2.0,2900.0,TND,m,,,Tunis,SM Devis (source blog),True,Fourchette estimée : 2.0 – 2900.0 DT/m,https://www.sm-devis.tn/prix-2024-pose-travaux-de-renovation-maison-appartement-tunisie/,2026-04-05 09:41:06.142084,0.002008196210464503,1.8863657070787194e-07,0.009995903431324544
blog_article,Prix Climatiseur Mini inverter,construction,,,15.0,12.0,18.0,TND,unité,,,Tunis,SM Devis (source blog),True,Fourchette estimée : 12.0 – 18.0 DT/unité,https://www.sm-devis.tn/guide-des-prix-travaux-et-batiment-tunisie/,2026-04-05 09:41:01.097074,1.9389480652760716e-05,2.0750022777865914e-06,5.7931274198376e-05
blog_article,Délais,construction,,,3.5,3.0,4.0,TND,unité,,,Tunis,SM Devis (source blog),True,"Délais : 
de 3 à 4",http://www.sm-devis.tn/devis-travaux-et-batiment/devis-construction-maison-899.html/,2026-04-05 09:34:13.172055,3.4624072594215563e-06,3.772731414157439e-07,9.655212366395999e-06
blog_article,Prix,construction,,,26855.0,,,TND,unité,,,Tunis,SM Devis (source blog),True,"Prix :
 environ 
26 855 dt",http://www.sm-devis.tn/devis-travaux-et-batiment/devis-construction-maison-899.html/,2026-04-05 09:34:13.172055,0.03719179381780259,,
blog_article,Devis construction maison,construction,,,43127.0,32042.0,54212.0,TND,unité,,,Tunis,SM Devis (source blog),True,Fourchette estimée : 32042.0 – 54212.0 DT/unité,http://www.sm-devis.tn/devis-travaux-et-batiment/devis-construction-maison-899.html/,2026-04-05 09:34:13.174984,0.059727910187925615,0.006044104362050925,0.18693456662579294
blog_article,Délais,construction,,,5.0,3.0,7.0,TND,unité,,,Tunis,SM Devis (source blog),True,"Délais :
 de 3 à 7",http://www.sm-devis.tn/devis-travaux-et-batiment/devis-construction-maison-899.html/,2026-04-05 09:34:13.172055,5.53985161507449e-06,3.772731414157439e-07,2.000008275896314e-05
blog_article,Dépannage de fuite,construction,,,180550.0,,,TND,unité,,,Tunis,SM Devis (source blog),True,,https://www.sm-devis.tn/prix-installation-plomberie-maison-tunisie/,2026-04-05 09:41:40.668292,0.25005366731252104,,
blog_article,Réparation ou remplacement de robinet,construction,,,88180.0,,,TND,unité,,,Tunis,SM Devis (source blog),True,,https://www.sm-devis.tn/prix-installation-plomberie-maison-tunisie/,2026-04-05 09:41:40.668292,0.12212464389141336,,
blog_article,Dépannage de chasse d’eau,construction,,,55158.0,,,TND,unité,,,Tunis,SM Devis (source blog),True,,https://www.sm-devis.tn/prix-installation-plomberie-maison-tunisie/,2026-04-05 09:41:40.668292,0.07639039888316591,,
blog_article,Débouchage canalisation,construction,,,53180.0,,,TND,unité,,,Tunis,SM Devis (source blog),True,,https://www.sm-devis.tn/prix-installation-plomberie-maison-tunisie/,2026-04-05 09:41:40.668292,0.07365094225951158,,
blog_article,Remplacement de pièce défectueuse,construction,,,62130.0,,,TND,pièce,,,Tunis,SM Devis (source blog),True,,https://www.sm-devis.tn/prix-installation-plomberie-maison-tunisie/,2026-04-05 09:41:40.669373,0.08604636024824075,,
blog_article,puis,construction,,,2.5,1.0,4.0,TND,unité,,,Tunis,SM Devis (source blog),True,Fourchette estimée : 1.0 – 4.0 DT/unité,http://www.sm-devis.tn/devis-travaux-et-batiment/devis-construction-maison-899.html/,2026-04-05 09:34:13.175977,2.077444355652934e-06,0.0,9.655212366395999e-06
blog_article,d’un acompte (,construction,,,30.0,20.0,40.0,TND,unité,,,Tunis,SM Devis (source blog),True,Fourchette estimée : 20.0 – 40.0 DT/unité,http://www.sm-devis.tn/devis-travaux-et-batiment/devis-construction-maison-899.html/,2026-04-05 09:34:13.175977,4.016392420929005e-05,3.5840948434495667e-06,0.0001337936570772017
blog_article,Il convient donc d’être patient et de ne pas se mettre de pression inutile. Rencontrez plusieurs entreprises (,construction,,,2.5,2.0,3.0,TND,unité,,,Tunis,SM Devis (source blog),True,Fourchette estimée : 2.0 – 3.0 DT/unité,http://www.sm-devis.tn/devis-travaux-et-batiment/devis-construction-maison-899.html/,2026-04-05 09:34:13.175977,2.077444355652934e-06,1.8863657070787194e-07,6.206922235540285e-06
blog_article,Prix,construction,,,38935.0,,,TND,unité,,,Tunis,SM Devis (source blog),True,"Prix :
 environ 
38 935 dt",http://www.sm-devis.tn/devis-travaux-et-batiment/devis-construction-maison-899.html/,2026-04-05 09:34:13.172055,0.05392214569532755,,
blog_article,le tarifs moyen des fondations d’un immeuble en Tunisie se situe,construction,,,450.0,250.0,650.0,TND,unité,,,Tunis,SM Devis (source blog),True,Fourchette estimée : 250.0 – 650.0 DT/unité,https://www.sm-devis.tn/entreprise-construction-immeuble-dhabitations-tunis/,2026-04-05 09:40:08.913266,0.0006218483437921116,4.697050610626011e-05,0.002237250636899187
blog_article,Maison en parpaings Tunis,construction,,,2350.0,,,TND,m²,,,Tunis,SM Devis (source blog),True,180 000 dt  à 290 000 dt,https://www.sm-devis.tn/prix-estimatif-dun-construction-m2-en-tunis/,2026-04-05 09:41:23.661507,0.0032532778609524944,,
blog_article,Délais,construction,,,10.0,8.0,12.0,TND,unité,,,Tunis,SM Devis (source blog),True,"Délais : 
de 8 à 12",http://www.sm-devis.tn/devis-travaux-et-batiment/devis-construction-maison-899.html/,2026-04-05 09:34:13.172055,1.2464666133917603e-05,1.3204559949551035e-06,3.7241533413241716e-05
blog_article,Prix  estimatif  m2 traditionnelle Tunis,construction,,,1260.0,,,TND,m,,,Tunis,SM Devis (source blog),True,Prix  estimatif  m2 traditionnelle Tunis  : 1260 dt/m2 à 1800 dt/m2 TTC ;,https://www.sm-devis.tn/prix-estimatif-dun-construction-m2-en-tunis/,2026-04-05 09:41:23.663568,0.0017436682958446958,,
blog_article,Prix estimatif m2contemporaine Tunis,construction,,,1850.0,,,TND,m,,,Tunis,SM Devis (source blog),True,Prix estimatif m2contemporaine Tunis : 1850 dt/m2 à 23040 dt/m2 TTC ;,https://www.sm-devis.tn/prix-estimatif-dun-construction-m2-en-tunis/,2026-04-05 09:41:23.663568,0.002560796409068183,,
blog_article,Prix estimatif m2à ossature bois Tunis,construction,,,1750.0,,,TND,m,,,Tunis,SM Devis (source blog),True,Prix estimatif m2à ossature bois Tunis : 1750 dt/m2 à 2880 dt/m2 TTC ;,https://www.sm-devis.tn/prix-estimatif-dun-construction-m2-en-tunis/,2026-04-05 09:41:23.663568,0.0024223001186913207,,
blog_article,Prix estimatif m2 écologique (bbc) tunis,construction,,,1800.0,,,TND,m,,,Tunis,SM Devis (source blog),True,Prix estimatif m2 écologique (bbc) tunis : 1800 dt/m2 à 3700 dt/m2 TTC.,https://www.sm-devis.tn/prix-estimatif-dun-construction-m2-en-tunis/,2026-04-05 09:41:23.663568,0.002491548263879752,,
blog_article,entre 1 200 dt/m,construction,,,2251.0,2.0,4500.0,TND,m,,,Tunis,SM Devis (source blog),True,Fourchette estimée : 2.0 – 4500.0 DT/m,https://www.sm-devis.tn/prix-estimatif-dun-construction-m2-en-tunis/,2026-04-05 09:41:23.669167,0.003116166533479401,1.8863657070787194e-07,0.015513167640693687
blog_article,Maison en containers Tunis,construction,,,1850.0,1200.0,2500.0,TND,m²,,,Tunis,SM Devis (source blog),True,Fourchette estimée : 1200.0 – 2500.0 DT/m²,https://www.sm-devis.tn/prix-estimatif-dun-construction-m2-en-tunis/,2026-04-05 09:41:23.669167,0.002560796409068183,0.00022617524827873845,0.008616587378982259
blog_article,1200 dt / m²  à 2 500 dt / m²,construction,,,185000.0,120000.0,250000.0,TND,unité,,,Tunis,SM Devis (source blog),True,Fourchette estimée : 120000.0 – 250000.0 DT/unité,https://www.sm-devis.tn/prix-estimatif-dun-construction-m2-en-tunis/,2026-04-05 09:41:23.669167,0.2562167522342914,0.022636199848373926,0.8620683947657715
blog_article,Maison en bois Tunis,construction,,,2185.0,1500.0,2870.0,TND,m²,,,Tunis,SM Devis (source blog),True,Fourchette estimée : 1500.0 – 2870.0 DT/m²,https://www.sm-devis.tn/prix-estimatif-dun-construction-m2-en-tunis/,2026-04-05 09:41:23.669167,0.0030247589818306717,0.00028276621949110004,0.009892454727398872
blog_article,1 500 dt / m²  à 2 870 dt / m²,construction,,,218500.0,150000.0,287000.0,TND,unité,,,Tunis,SM Devis (source blog),True,Fourchette estimée : 150000.0 – 287000.0 DT/unité,https://www.sm-devis.tn/prix-estimatif-dun-construction-m2-en-tunis/,2026-04-05 09:41:23.670165,0.30261300951054027,0.028295296969610084,0.9896551296074328
blog_article,Maison en briques Tunis,construction,,,2200.0,1900.0,2500.0,TND,m²,,,Tunis,SM Devis (source blog),True,Fourchette estimée : 1900.0 – 2500.0 DT/m²,https://www.sm-devis.tn/prix-estimatif-dun-construction-m2-en-tunis/,2026-04-05 09:41:23.670165,0.003045533425387201,0.00035822084777424883,0.008616587378982259
blog_article,1 900 dt / m² à 2 500 dt / m²,construction,,,220000.0,190000.0,250000.0,TND,unité,,,Tunis,SM Devis (source blog),True,Fourchette estimée : 190000.0 – 250000.0 DT/unité,https://www.sm-devis.tn/prix-estimatif-dun-construction-m2-en-tunis/,2026-04-05 09:41:23.670165,0.3046904538661932,0.03584075979792496,0.8620683947657715
blog_article,Maison en parpaings Tunis,construction,,,2350.0,1800.0,2900.0,TND,m²,,,Tunis,SM Devis (source blog),True,Fourchette estimée : 1800.0 – 2900.0 DT/m²,https://www.sm-devis.tn/prix-estimatif-dun-construction-m2-en-tunis/,2026-04-05 09:41:23.670165,0.0032532778609524944,0.00033935719070346163,0.009995903431324544
blog_article,1 800 dt / m²  à 2 900 dt / m²,construction,,,235000.0,180000.0,290000.0,TND,unité,,,Tunis,SM Devis (source blog),True,Fourchette estimée : 180000.0 – 290000.0 DT/unité,https://www.sm-devis.tn/prix-estimatif-dun-construction-m2-en-tunis/,2026-04-05 09:41:23.670165,0.32546489742272255,0.03395439409084624,1.0
blog_article,Prix  estimatif  m2 traditionnelle Tunis  : 1260 dt/m,construction,,,901.0,2.0,1800.0,TND,m,,,Tunis,SM Devis (source blog),True,Fourchette estimée : 2.0 – 1800.0 DT/m,https://www.sm-devis.tn/prix-estimatif-dun-construction-m2-en-tunis/,2026-04-05 09:41:23.670165,0.0012464666133917602,1.8863657070787194e-07,0.006202784287383258
blog_article,entre 40 dt/m,construction,,,551.0,2.0,1100.0,TND,m,,,Tunis,SM Devis (source blog),True,Fourchette estimée : 2.0 – 1100.0 DT/m,https://www.sm-devis.tn/guide-des-prix-maconnerie-prix-travaux-de-gros-oeuvre-tunisie/,2026-04-05 09:40:52.695281,0.0007617295970727424,1.8863657070787194e-07,0.0037889811957842585
blog_article,dt/m,construction,,,11521.0,2.0,23040.0,TND,m,,,Tunis,SM Devis (source blog),True,Fourchette estimée : 2.0 – 23040.0 DT/m,https://www.sm-devis.tn/prix-estimatif-dun-construction-m2-en-tunis/,2026-04-05 09:41:23.670165,0.015954772651414532,1.8863657070787194e-07,0.07944446666675863
blog_article,dt/m,construction,,,1851.0,2.0,3700.0,TND,m,,,Tunis,SM Devis (source blog),True,Fourchette estimée : 2.0 – 3700.0 DT/m,https://www.sm-devis.tn/prix-estimatif-dun-construction-m2-en-tunis/,2026-04-05 09:41:23.670165,0.0025621813719719517,1.8863657070787194e-07,0.012754535536009116
blog_article,", mais plus chère qu’une maison standard. Elle pourra vous coûter entre 1350 dt/m",construction,,,996.0,2.0,1990.0,TND,unité,,,Tunis,SM Devis (source blog),True,Fourchette estimée : 2.0 – 1990.0 DT/unité,https://www.sm-devis.tn/prix-estimatif-dun-construction-m2-en-tunis/,2026-04-05 09:41:23.670165,0.0013780380892497795,1.8863657070787194e-07,0.006857959412245844
blog_article,ison standard. Elle pourra vous coûter entre 1350 dt/m2 et 1990 dt du m2. Prévoyez un budget compris entre 770 dinars /m,construction,,,1451.0,2.0,2900.0,TND,unité,,,Tunis,SM Devis (source blog),True,Fourchette estimée : 2.0 – 2900.0 DT/unité,https://www.sm-devis.tn/prix-estimatif-dun-construction-m2-en-tunis/,2026-04-05 09:41:23.670165,0.002008196210464503,1.8863657070787194e-07,0.009995903431324544
blog_article,3  VELUX tout confort 134X98 (chambre,construction,,,3.5,3.0,4.0,TND,unité,,,Tunis,SM Devis (source blog),True,Fourchette estimée : 3.0 – 4.0 DT/unité,https://www.sm-devis.tn/prix-estimatif-dun-construction-m2-en-tunis/,2026-04-05 09:41:23.671191,3.4624072594215563e-06,3.772731414157439e-07,9.655212366395999e-06
blog_article,Laine de verre,construction,,,230.0,160.0,300.0,TND,unité,,,Tunis,SM Devis (source blog),True,Fourchette estimée : 160.0 – 300.0 DT/unité,https://www.sm-devis.tn/prix-estimatif-dun-construction-m2-en-tunis/,2026-04-05 09:41:23.671191,0.00031715650496301457,2.9993214742551638e-05,0.0010303490910996873
blog_article,prix Maison traditionnelle Tunis,construction,,,1650.0,,,TND,m²,,,Tunis,SM Devis (source blog),True,prix Maison traditionnelle Tunis | 110 000 à 240 000 dt,https://www.sm-devis.tn/prix-pose-construction-et-amenagement-en-tunis/,2026-04-05 09:41:56.969983,0.0022838038283144587,,
blog_article,Prix Maison contemporaine Tunis,construction,,,2250.0,,,TND,m²,,,Tunis,SM Devis (source blog),True,Prix Maison contemporaine Tunis | 150 000 à 280 000 dt,https://www.sm-devis.tn/prix-pose-construction-et-amenagement-en-tunis/,2026-04-05 09:41:56.970984,0.003114781570575632,,
blog_article,Prix projet d’aménagement intérieur Tunis,construction,,,372.0,254.0,490.0,TND,m²,,,Tunis,SM Devis (source blog),True,,https://www.sm-devis.tn/prix-pose-construction-et-amenagement-en-tunis/,2026-04-05 09:41:56.970984,0.000513821237298159,4.77250523890916e-05,0.0016855242159622731
blog_article,1 600 à 2 900 dt / m²,construction,,,215000.0,150000.0,280000.0,TND,unité,,,Tunis,SM Devis (source blog),True,Fourchette estimée : 150000.0 – 280000.0 DT/unité,https://www.sm-devis.tn/prix-pose-construction-et-amenagement-en-tunis/,2026-04-05 09:41:56.976492,0.29776563934735006,0.028295296969610084,0.9655170986914429
blog_article,Prix Maison contemporaine Tunis,construction,,,2250.0,1600.0,2900.0,TND,m²,,,Tunis,SM Devis (source blog),True,Fourchette estimée : 1600.0 – 2900.0 DT/m²,https://www.sm-devis.tn/prix-pose-construction-et-amenagement-en-tunis/,2026-04-05 09:41:56.976492,0.003114781570575632,0.00030162987656188724,0.009995903431324544
blog_article,1 200 à 2 100 dt / m²,construction,,,175000.0,110000.0,240000.0,TND,unité,,,Tunis,SM Devis (source blog),True,Fourchette estimée : 110000.0 – 240000.0 DT/unité,https://www.sm-devis.tn/prix-pose-construction-et-amenagement-en-tunis/,2026-04-05 09:41:56.976492,0.24236712319660517,0.020749834141295206,0.8275854934572143
blog_article,prix Maison traditionnelle Tunis,construction,,,1650.0,1200.0,2100.0,TND,m²,,,Tunis,SM Devis (source blog),True,Fourchette estimée : 1200.0 – 2100.0 DT/m²,https://www.sm-devis.tn/prix-pose-construction-et-amenagement-en-tunis/,2026-04-05 09:41:56.976492,0.0022838038283144587,0.00022617524827873845,0.007237271326639973
blog_article,en Tunisie varie entre 1200 dt/m,construction,,,1451.0,2.0,2900.0,TND,m,,,Tunis,SM Devis (source blog),True,Fourchette estimée : 2.0 – 2900.0 DT/m,https://www.sm-devis.tn/prix-pose-construction-et-amenagement-en-tunis/,2026-04-05 09:41:56.976492,0.002008196210464503,1.8863657070787194e-07,0.009995903431324544
blog_article,Prix extension Tunis,construction,,,1850.0,1200.0,2500.0,TND,m²,,,Tunis,SM Devis (source blog),True,,https://www.sm-devis.tn/prix-pose-construction-et-amenagement-en-tunis/,2026-04-05 09:41:56.970984,0.002560796409068183,0.00022617524827873845,0.008616587378982259
blog_article,dt/m,construction,,,1441.0,2.0,2880.0,TND,m,,,Tunis,SM Devis (source blog),True,Fourchette estimée : 2.0 – 2880.0 DT/m,https://www.sm-devis.tn/prix-estimatif-dun-construction-m2-en-tunis/,2026-04-05 09:41:23.670165,0.0019943465814268166,1.8863657070787194e-07,0.00992693762870743
blog_article,SM Devis,construction,,,6.0,,,TND,unité,,,Tunis,SM Devis (source blog),True,SM Devis : 6,http://www.sm-devis.tn/devis-travaux-et-batiment/devis-construction-maison-899.html/,2026-04-05 09:34:13.172055,6.9248145188431126e-06,,
blog_article,Maison en briques Tunis,construction,,,2200.0,,,TND,m²,,,Tunis,SM Devis (source blog),True,190 000 dt à 250 000 dt,https://www.sm-devis.tn/prix-estimatif-dun-construction-m2-en-tunis/,2026-04-05 09:41:23.661507,0.003045533425387201,,
blog_article,Maison en containers Tunis,construction,,,1850.0,,,TND,m²,,,Tunis,SM Devis (source blog),True,120 000 dt à 250 000 dt,https://www.sm-devis.tn/prix-estimatif-dun-construction-m2-en-tunis/,2026-04-05 09:41:23.661507,0.002560796409068183,,
blog_article,Prix,construction,,,78721.0,,,TND,unité,,,Tunis,SM Devis (source blog),True,"Prix :
 environ 
78 721 dt",http://www.sm-devis.tn/devis-travaux-et-batiment/devis-construction-maison-899.html/,2026-04-05 09:34:13.172055,0.10902427978466597,,
blog_article,Délais,construction,,,8.0,6.0,10.0,TND,unité,,,Tunis,SM Devis (source blog),True,"Délais : 
de 6 à 10",http://www.sm-devis.tn/devis-travaux-et-batiment/devis-construction-maison-899.html/,2026-04-05 09:34:13.172055,9.694740326380358e-06,9.431828535393596e-07,3.0344953151530288e-05
blog_article,Prix,construction,,,59758.0,,,TND,unité,,,Tunis,SM Devis (source blog),True,"Prix :
 environ 
59 758 dt",http://www.sm-devis.tn/devis-travaux-et-batiment/devis-construction-maison-899.html/,2026-04-05 09:34:13.172055,0.08276122824050158,,
blog_article,Délais,construction,,,6.5,5.0,8.0,TND,unité,,,Tunis,SM Devis (source blog),True,"Délais :
 de 5 à 8",http://www.sm-devis.tn/devis-travaux-et-batiment/devis-construction-maison-899.html/,2026-04-05 09:34:13.172055,7.617295970727424e-06,7.545462828314878e-07,2.3448372889818856e-05
blog_article,Rénovation partielle,construction,,,150300.0,,,TND,m²,,,Tunis,SM Devis (source blog),True,20.000 dt,https://www.sm-devis.tn/prix-dune-renovation-maison-tunisie/,2026-04-05 09:41:21.061688,0.2081585394735202,,
blog_article,Rénovation complète,construction,,,8501.1,,,TND,m²,,,Tunis,SM Devis (source blog),True,90.000 dt,https://www.sm-devis.tn/prix-dune-renovation-maison-tunisie/,2026-04-05 09:41:21.061688,0.01177232317832367,,
blog_article,Remplacement de tuiles,construction,,,40130.0,,,TND,m²,,,Tunis,SM Devis (source blog),True,,https://www.sm-devis.tn/prix-dune-renovation-maison-tunisie/,2026-04-05 09:41:21.062689,0.055577176365331056,,
blog_article,Rénovation de toiture,construction,,,180260.0,,,TND,m²,,,Tunis,SM Devis (source blog),True,,https://www.sm-devis.tn/prix-dune-renovation-maison-tunisie/,2026-04-05 09:41:21.062689,0.24965202807042813,,
blog_article,Ravalement de façade,construction,,,35100.0,,,TND,m²,,,Tunis,SM Devis (source blog),True,,https://www.sm-devis.tn/prix-dune-renovation-maison-tunisie/,2026-04-05 09:41:21.062689,0.04861081295937488,,
blog_article,Maçonnerie – chape béton,construction,,,3525.0,,,TND,m²,,,Tunis,SM Devis (source blog),True,,https://www.sm-devis.tn/prix-dune-renovation-maison-tunisie/,2026-04-05 09:41:21.062689,0.004880609272880626,,
blog_article,Rénovation des sols,construction,,,20100.0,,,TND,m²,,,Tunis,SM Devis (source blog),True,,https://www.sm-devis.tn/prix-dune-renovation-maison-tunisie/,2026-04-05 09:41:21.062689,0.027836369402845545,,
blog_article,Rénovation des murs,construction,,,15100.0,,,TND,m²,,,Tunis,SM Devis (source blog),True,,https://www.sm-devis.tn/prix-dune-renovation-maison-tunisie/,2026-04-05 09:41:21.062689,0.020911554884002433,,
blog_article,Rénovation des plafonds,construction,,,15250.0,,,TND,m²,,,Tunis,SM Devis (source blog),True,,https://www.sm-devis.tn/prix-dune-renovation-maison-tunisie/,2026-04-05 09:41:21.063688,0.021119299319567724,,
blog_article,Assainissement,construction,,,1.0008,,,TND,unité,,,Tunis,SM Devis (source blog),True,,https://www.sm-devis.tn/prix-dune-renovation-maison-tunisie/,2026-04-05 09:41:21.063688,1.107970323014776e-09,,
blog_article,Maison en bois Tunis,construction,,,2185.0,,,TND,m²,,,Tunis,SM Devis (source blog),True,150 000 dt  à 287 000 dt,https://www.sm-devis.tn/prix-estimatif-dun-construction-m2-en-tunis/,2026-04-05 09:41:23.661507,0.0030247589818306717,,
blog_article,Plomberie,construction,,,8002.0,,,TND,unité,,,Tunis,SM Devis (source blog),True,,https://www.sm-devis.tn/prix-dune-renovation-maison-tunisie/,2026-04-05 09:41:21.063688,0.011081088193052748,,
blog_article,Mise à la terre,construction,,,3001.0,,,TND,unité,,,Tunis,SM Devis (source blog),True,,https://www.sm-devis.tn/prix-dune-renovation-maison-tunisie/,2026-04-05 09:41:21.063688,0.004154888711305867,,
blog_article,Disjoncteur différentiel,construction,,,200350.0,,,TND,unité,,,Tunis,SM Devis (source blog),True,,https://www.sm-devis.tn/prix-dune-renovation-maison-tunisie/,2026-04-05 09:41:21.063688,0.2774759328071398,,
blog_article,Remise aux normes électriques,construction,,,50100.0,,,TND,m²,,,Tunis,SM Devis (source blog),True,,https://www.sm-devis.tn/prix-dune-renovation-maison-tunisie/,2026-04-05 09:41:21.063688,0.06938525651590423,,
blog_article,Prix d’une rénovation maison Tunisie varie,construction,,,45025.0,50.0,90000.0,TND,unité,,,Tunis,SM Devis (source blog),True,Fourchette estimée : 50.0 – 90000.0 DT/unité,https://www.sm-devis.tn/prix-dune-renovation-maison-tunisie/,2026-04-05 09:41:21.070206,0.06235656977927846,9.243191964685726e-06,0.31034197382885725
blog_article,Rénovation partielle,construction,,,225.0,150.0,300.0,TND,unité,,,Tunis,SM Devis (source blog),True,Fourchette estimée : 150.0 – 300.0 DT/unité,https://www.sm-devis.tn/prix-dune-renovation-maison-tunisie/,2026-04-05 09:41:21.070206,0.00031023169044417146,2.8106849035472917e-05,0.0010303490910996873
blog_article,tuiles,construction,,,85.0,40.0,130.0,TND,unité,,,Tunis,SM Devis (source blog),True,Fourchette estimée : 40.0 – 130.0 DT/unité,https://www.sm-devis.tn/prix-dune-renovation-maison-tunisie/,2026-04-05 09:41:21.070206,0.0001163368839165643,7.356826257607005e-06,0.000444139768854216
blog_article,Rénovation de toiture,construction,,,220.0,180.0,260.0,TND,unité,,,Tunis,SM Devis (source blog),True,Fourchette estimée : 180.0 – 260.0 DT/unité,https://www.sm-devis.tn/prix-dune-renovation-maison-tunisie/,2026-04-05 09:41:21.070206,0.00030330687592532835,3.376594615670908e-05,0.0008924174858654588
blog_article,Rénovation de charpente,construction,,,15.0,10.0,20.0,TND,unité,,,Tunis,SM Devis (source blog),True,Fourchette estimée : 10.0 – 20.0 DT/unité,https://www.sm-devis.tn/prix-dune-renovation-maison-tunisie/,2026-04-05 09:41:21.070206,1.9389480652760716e-05,1.6977291363708474e-06,6.482785446008742e-05
blog_article,Ravalement de façade,construction,,,67.5,35.0,100.0,TND,unité,,,Tunis,SM Devis (source blog),True,Fourchette estimée : 35.0 – 100.0 DT/unité,https://www.sm-devis.tn/prix-dune-renovation-maison-tunisie/,2026-04-05 09:41:21.070206,9.21000331006134e-05,6.413643404067646e-06,0.00034069106492854454
blog_article,Rénovation des sols,construction,,,60.0,20.0,100.0,TND,unité,,,Tunis,SM Devis (source blog),True,Fourchette estimée : 20.0 – 100.0 DT/unité,https://www.sm-devis.tn/prix-dune-renovation-maison-tunisie/,2026-04-05 09:41:21.070206,8.171281132234873e-05,3.5840948434495667e-06,0.00034069106492854454
blog_article,Rénovation des murs,construction,,,57.5,15.0,100.0,TND,unité,,,Tunis,SM Devis (source blog),True,Fourchette estimée : 15.0 – 100.0 DT/unité,https://www.sm-devis.tn/prix-dune-renovation-maison-tunisie/,2026-04-05 09:41:21.070206,7.825040406292718e-05,2.640911989910207e-06,0.00034069106492854454
blog_article,Assainissement,construction,,,4000.5,1.0,8000.0,TND,unité,,,Tunis,SM Devis (source blog),True,Fourchette estimée : 1.0 – 8000.0 DT/unité,https://www.sm-devis.tn/prix-dune-renovation-maison-tunisie/,2026-04-05 09:41:21.070206,0.005539159133622606,0.0,0.027582183098688685
blog_article,Disjoncteur différentiel,construction,,,275.0,200.0,350.0,TND,unité,,,Tunis,SM Devis (source blog),True,Fourchette estimée : 200.0 – 350.0 DT/unité,https://www.sm-devis.tn/prix-dune-renovation-maison-tunisie/,2026-04-05 09:41:21.071214,0.00037947983563260256,3.753867757086651e-05,0.0012027635976424732
blog_article,Remise aux normes électriques,construction,,,75.0,50.0,100.0,TND,unité,,,Tunis,SM Devis (source blog),True,Fourchette estimée : 50.0 – 100.0 DT/unité,https://www.sm-devis.tn/prix-dune-renovation-maison-tunisie/,2026-04-05 09:41:21.071214,0.00010248725487887806,9.243191964685726e-06,0.00034069106492854454
blog_article,Rénovation électrique,construction,,,6001.0,,,TND,unité,,,Tunis,SM Devis (source blog),True,,https://www.sm-devis.tn/prix-dune-renovation-maison-tunisie/,2026-04-05 09:41:21.063688,0.008309777422611735,,
blog_article,Rebouchage de trémie d’escalier existante Tunis,construction,,,190.0,,,TND,m²,,,Tunis,SM Devis (source blog),True,,https://www.sm-devis.tn/guide-des-prix-maconnerie-prix-travaux-de-gros-oeuvre-tunisie/,2026-04-05 09:40:52.686760,0.0002617579888122697,,
blog_article,Prix aménagement de combles Tunis,construction,,,925.0,450.0,1400.0,TND,m²,,,Tunis,SM Devis (source blog),True,,https://www.sm-devis.tn/prix-pose-construction-et-amenagement-en-tunis/,2026-04-05 09:41:56.970984,0.0012797057230822073,8.46978202478345e-05,0.004823468235040973
blog_article,Réalisation de plancher en poutrelles – hourdis polystyrène de 16 cm d’épaisseur environ Tunis,construction,,,12.0,,,TND,m²,,,Tunis,SM Devis (source blog),True,,https://www.sm-devis.tn/guide-des-prix-maconnerie-prix-travaux-de-gros-oeuvre-tunisie/,2026-04-05 09:40:52.686760,1.5234591941454847e-05,,
blog_article,"Pour un agrandissement de maison latéral à Tunis , prévoyez un budget compris",construction,,,3150.0,2500.0,3800.0,TND,unité,,,Tunis,SM Devis (source blog),True,Fourchette estimée : 2500.0 – 3800.0 DT/unité,https://www.sm-devis.tn/tarifs-construction-extension-agrandissement-maison-tunis/,2026-04-05 09:42:32.374100,0.004361248183967392,0.00047140279019897195,0.013099364549094687
blog_article,2 800 dt/m,construction,,,1901.0,2.0,3800.0,TND,unité,,,Tunis,SM Devis (source blog),True,Fourchette estimée : 2.0 – 3800.0 DT/unité,https://www.sm-devis.tn/tarifs-construction-extension-agrandissement-maison-tunis/,2026-04-05 09:42:32.374100,0.002631429517160383,1.8863657070787194e-07,0.013099364549094687
blog_article,en moyenne entre 950 dt/m,construction,,,951.0,2.0,1900.0,TND,m²,,,Tunis,SM Devis (source blog),True,Fourchette estimée : 2.0 – 1900.0 DT/m²,https://www.sm-devis.tn/tarifs-construction-extension-agrandissement-maison-tunis/,2026-04-05 09:42:32.374100,0.0013157147585801914,1.8863657070787194e-07,0.006547613300468829
blog_article,Extension en parpaings,construction,,,37852.0,,,TND,m²,,,Tunis,SM Devis (source blog),True,Extension en parpaings,https://www.sm-devis.tn/tarifs-construction-extension-agrandissement-maison-tunis/,2026-04-05 09:42:32.368103,0.052422230870546135,,
blog_article,"Réalisation de voile en béton armé de 20 cm environ  Tunis Compris : coffrage, armature, béton.",construction,,,10.0,,,TND,m²,,,Tunis,SM Devis (source blog),True,,https://www.sm-devis.tn/guide-des-prix-maconnerie-prix-travaux-de-gros-oeuvre-tunisie/,2026-04-05 09:40:52.686760,1.2464666133917603e-05,,
blog_article,Extension en ossature métallique Tunis,construction,,,24502.0,,,TND,m²,,,Tunis,SM Devis (source blog),True,Extension en ossature métallique Tunis,https://www.sm-devis.tn/tarifs-construction-extension-agrandissement-maison-tunis/,2026-04-05 09:42:32.368103,0.03393297610523502,,
blog_article,Extension en ossature bois Tunis,construction,,,16502.0,,,TND,m²,,,Tunis,SM Devis (source blog),True,Extension en ossature bois Tunis,https://www.sm-devis.tn/tarifs-construction-extension-agrandissement-maison-tunis/,2026-04-05 09:42:32.368103,0.02285327287508604,,
blog_article,Extension en parpaings Tunis,construction,,,21502.0,,,TND,m²,,,Tunis,SM Devis (source blog),True,Extension en parpaings Tunis,https://www.sm-devis.tn/tarifs-construction-extension-agrandissement-maison-tunis/,2026-04-05 09:42:32.367101,0.029778087393929155,,
blog_article,-----------Par versement libreUne somme uniqueIndifférentDurée désirée de votre épargne ? *-------------Entre 0 et 4 ans,construction,,,6.0,4.0,8.0,TND,unité,,,Tunis,SM Devis (source blog),True,Fourchette estimée : 4.0 – 8.0 DT/unité,https://www.sm-devis.tn/category/devis-travaux-et-batiment/,2026-04-05 09:34:38.365878,6.9248145188431126e-06,5.659097121236158e-07,2.3448372889818856e-05
blog_article,jet Etat de bien *--Séléctionnez--NeufAncienDélai de réalisation de vos travaux *--Séléctionnez--ImmédiatMoins d'un mois,construction,,,2.0,1.0,3.0,TND,unité,,,Tunis,SM Devis (source blog),True,Fourchette estimée : 1.0 – 3.0 DT/unité,https://www.sm-devis.tn/category/devis-travaux-et-batiment/,2026-04-05 09:34:38.365878,1.3849629037686226e-06,0.0,6.206922235540285e-06
blog_article,*--Séléctionnez--NeufAncienDélai de réalisation de vos travaux *--Séléctionnez--ImmédiatMoins d'un moisEntre 1 et 3 mois,construction,,,4.5,3.0,6.0,TND,unité,,,Tunis,SM Devis (source blog),True,Fourchette estimée : 3.0 – 6.0 DT/unité,https://www.sm-devis.tn/category/devis-travaux-et-batiment/,2026-04-05 09:34:38.365878,4.847370163190179e-06,3.772731414157439e-07,1.6551792628107427e-05
blog_article,NeufAncienDélai de réalisation de vos travaux *--Séléctionnez--ImmédiatMoins d'un moisEntre 1 et 3 moisEntre 3 et 6 mois,construction,,,9.0,6.0,12.0,TND,unité,,,Tunis,SM Devis (source blog),True,Fourchette estimée : 6.0 – 12.0 DT/unité,https://www.sm-devis.tn/category/devis-travaux-et-batiment/,2026-04-05 09:34:38.365878,1.107970323014898e-05,9.431828535393596e-07,3.7241533413241716e-05
blog_article,Ces tarifs concernent la fourniture et la pose des matériaux pour une qualité standard,construction,,,1000.0,500.0,1500.0,TND,unité,,,Tunis,SM Devis (source blog),True,Fourchette estimée : 500.0 – 1500.0 DT/unité,https://www.sm-devis.tn/devis-construction-renovation-tunisie/,2026-04-05 09:39:07.282978,0.001383577940864854,9.41296487832281e-05,0.005168297248126544
blog_article,le coût de vos projets. Ces tarifs concernent la fourniture et la pose des matériaux pour une qualité standard,construction,,,1250.0,500.0,2000.0,TND,unité,,,Tunis,SM Devis (source blog),True,Fourchette estimée : 500.0 – 2000.0 DT/unité,https://www.sm-devis.tn/devis-construction-renovation-tunisie/,2026-04-05 09:39:07.282978,0.0017298186668070095,9.41296487832281e-05,0.006892442313554401
blog_article,le coût de vos projets. Ces tarifs concernent la fourniture et la pose des matériaux pour une qualité standard,construction,,,10.0,9.0,11.0,TND,unité,,,Tunis,SM Devis (source blog),True,Fourchette estimée : 9.0 – 11.0 DT/unité,https://www.sm-devis.tn/devis-construction-renovation-tunisie/,2026-04-05 09:39:07.282978,1.2464666133917603e-05,1.5090925656629756e-06,3.3793243282386e-05
blog_article,Il faut prévoir un délai allant,construction,,,5.0,4.0,6.0,TND,unité,,,Tunis,SM Devis (source blog),True,Fourchette estimée : 4.0 – 6.0 DT/unité,https://www.sm-devis.tn/devis-construction-renovation-tunisie/,2026-04-05 09:39:07.282978,5.53985161507449e-06,5.659097121236158e-07,1.6551792628107427e-05
blog_article,": fondations classiques (entre 160 et 200 dt TTC par m²) ou fondations spéciales, de type micropieux (",construction,,,280.0,260.0,300.0,TND,unité,,,Tunis,SM Devis (source blog),True,Fourchette estimée : 260.0 – 300.0 DT/unité,https://www.sm-devis.tn/devis-construction-renovation-tunisie/,2026-04-05 09:39:07.282978,0.00038640465015144567,4.8856871813338834e-05,0.0010303490910996873
blog_article,: fondations classiques (,construction,,,180.0,160.0,200.0,TND,unité,,,Tunis,SM Devis (source blog),True,Fourchette estimée : 160.0 – 200.0 DT/unité,https://www.sm-devis.tn/devis-construction-renovation-tunisie/,2026-04-05 09:39:07.282978,0.0002479083597745834,2.9993214742551638e-05,0.000685520078014116
blog_article,"mporaines sont un peu plus chères que les traditionnelles de par leurs spécificités (toit plat, grandes ouvertures…)",construction,,,1850.0,1200.0,2500.0,TND,unité,,,Tunis,SM Devis (source blog),True,Fourchette estimée : 1200.0 – 2500.0 DT/unité,https://www.sm-devis.tn/devis-construction-renovation-tunisie/,2026-04-05 09:39:07.282978,0.002560796409068183,0.00022617524827873845,0.008616587378982259
blog_article,cès. On note une légère différence entre le prix des maisons en Île-de-France et celui de celles situées en province,construction,,,1550.0,1000.0,2100.0,TND,unité,,,Tunis,SM Devis (source blog),True,Fourchette estimée : 1000.0 – 2100.0 DT/unité,https://www.sm-devis.tn/devis-construction-renovation-tunisie/,2026-04-05 09:39:07.282978,0.0021453075379375963,0.00018844793413716406,0.007237271326639973
blog_article,de 1000dt /m,construction,,,751.0,2.0,1500.0,TND,unité,,,Tunis,SM Devis (source blog),True,Fourchette estimée : 2.0 – 1500.0 DT/unité,https://www.sm-devis.tn/devis-construction-renovation-tunisie/,2026-04-05 09:39:07.282978,0.0010387221778264668,1.8863657070787194e-07,0.005168297248126544
blog_article,Rénovation Standard,construction,,,825.0,550.0,1100.0,TND,unité,,,Tunis,SM Devis (source blog),True,Fourchette estimée : 550.0 – 1100.0 DT/unité,https://www.sm-devis.tn/devis-construction-renovation-tunisie/,2026-04-05 09:39:07.282978,0.0011412094327053449,0.00010356147731862169,0.0037889811957842585
blog_article,Rénovation Légère,construction,,,200.0,100.0,300.0,TND,unité,,,Tunis,SM Devis (source blog),True,Fourchette estimée : 100.0 – 300.0 DT/unité,https://www.sm-devis.tn/devis-construction-renovation-tunisie/,2026-04-05 09:39:07.282978,0.0002756076178499559,1.8675020500079322e-05,0.0010303490910996873
blog_article,Le prix construction et rénovation Tunisie en  varie entre 1000 dt/m,construction,,,1751.0,2.0,3500.0,TND,m,,,Tunis,SM Devis (source blog),True,Fourchette estimée : 2.0 – 3500.0 DT/m,https://www.sm-devis.tn/devis-construction-renovation-tunisie/,2026-04-05 09:39:07.282978,0.0024236850815950893,1.8863657070787194e-07,0.012064877509837972
blog_article,Entre 3 et 6 mois,construction,,,9.0,6.0,12.0,TND,unité,,,Tunis,SM Devis (source blog),True,Fourchette estimée : 6.0 – 12.0 DT/unité,http://www.sm-devis.tn/architecte-projet-de-construction/,2026-04-05 09:33:43.853880,1.107970323014898e-05,9.431828535393596e-07,3.7241533413241716e-05
blog_article,dt/ m,construction,,,781.0,2.0,1560.0,TND,m,,,Tunis,SM Devis (source blog),True,Fourchette estimée : 2.0 – 1560.0 DT/m,https://www.sm-devis.tn/tarifs-construction-extension-agrandissement-maison-tunis/,2026-04-05 09:42:32.374100,0.0010802710649395256,1.8863657070787194e-07,0.005375194655977887
blog_article,Entre 1 et 3 mois,construction,,,4.5,3.0,6.0,TND,unité,,,Tunis,SM Devis (source blog),True,Fourchette estimée : 3.0 – 6.0 DT/unité,http://www.sm-devis.tn/architecte-projet-de-construction/,2026-04-05 09:33:43.853880,4.847370163190179e-06,3.772731414157439e-07,1.6551792628107427e-05
blog_article,dt/ m,construction,,,1451.0,2.0,2900.0,TND,m,,,Tunis,SM Devis (source blog),True,Fourchette estimée : 2.0 – 2900.0 DT/m,https://www.sm-devis.tn/tarifs-construction-extension-agrandissement-maison-tunis/,2026-04-05 09:42:32.373099,0.002008196210464503,1.8863657070787194e-07,0.009995903431324544
blog_article,Extension en ossature métallique,construction,,,31002.0,,,TND,m²,,,Tunis,SM Devis (source blog),True,Extension en ossature métallique,https://www.sm-devis.tn/tarifs-construction-extension-agrandissement-maison-tunis/,2026-04-05 09:42:32.368103,0.04293523497973107,,
blog_article,5,construction,,,320.0,,,TND,unité,,,Tunis,SM Devis (source blog),True,De 6 à 8 m,https://www.sm-devis.tn/entreprise-construction-immeuble-dhabitations-tunis/,2026-04-05 09:40:08.907257,0.0004418031663021906,,
blog_article,6,construction,,,380.0,,,TND,unité,,,Tunis,SM Devis (source blog),True,< 8 m,https://www.sm-devis.tn/entreprise-construction-immeuble-dhabitations-tunis/,2026-04-05 09:40:08.907257,0.0005249009405283079,,
blog_article,Prévoyez un coût estimé,construction,,,11.0,7.0,15.0,TND,unité,,,Tunis,SM Devis (source blog),True,Fourchette estimée : 7.0 – 15.0 DT/unité,https://www.sm-devis.tn/entreprise-construction-immeuble-dhabitations-tunis/,2026-04-05 09:40:08.913266,1.3849629037686225e-05,1.1318194242472316e-06,4.7586403805808854e-05
blog_article,Gros œuvre + isolation,construction,,,1350.0,1200.0,1500.0,TND,unité,,,Tunis,SM Devis (source blog),True,"Gros œuvre + isolation :


Entre 1 200 dt et 1 500 dt",https://www.sm-devis.tn/tarifs-construction-extension-agrandissement-maison-tunis/,2026-04-05 09:42:32.371099,0.001868314957183872,0.00022617524827873845,0.005168297248126544
blog_article,Construction immeuble d’habitations,construction,,,4.5,3.0,6.0,TND,unité,,,Tunis,SM Devis (source blog),True,Fourchette estimée : 3.0 – 6.0 DT/unité,https://www.sm-devis.tn/entreprise-construction-immeuble-dhabitations-tunis/,2026-04-05 09:40:08.913266,4.847370163190179e-06,3.772731414157439e-07,1.6551792628107427e-05
blog_article,Construction immeuble d’habitations,construction,,,6.0,5.0,7.0,TND,unité,,,Tunis,SM Devis (source blog),True,Fourchette estimée : 5.0 – 7.0 DT/unité,https://www.sm-devis.tn/entreprise-construction-immeuble-dhabitations-tunis/,2026-04-05 09:40:08.913266,6.9248145188431126e-06,7.545462828314878e-07,2.000008275896314e-05
blog_article,Construction immeuble d’habitations,construction,,,7.0,6.0,8.0,TND,unité,,,Tunis,SM Devis (source blog),True,Fourchette estimée : 6.0 – 8.0 DT/unité,https://www.sm-devis.tn/entreprise-construction-immeuble-dhabitations-tunis/,2026-04-05 09:40:08.913266,8.309777422611736e-06,9.431828535393596e-07,2.3448372889818856e-05
blog_article,Coût installationdémolition complète d’un bâtimentTunisie varie,construction,,,125.0,50.0,200.0,TND,m,,,Tunis,SM Devis (source blog),True,Fourchette estimée : 50.0 – 200.0 DT/m,https://www.sm-devis.tn/entreprise-demolition-complete-dun-batiment-tunisie/,2026-04-05 09:40:16.816075,0.0001717354000673092,9.243191964685726e-06,0.000685520078014116
blog_article,Gros œuvre + isolation + aménagement de l’extension,construction,,,2000.0,1600.0,2400.0,TND,unité,,,Tunis,SM Devis (source blog),True,"Gros œuvre + isolation + aménagement de l’extension :


Entre 1 600 dt et 2 400 dt",https://www.sm-devis.tn/tarifs-construction-extension-agrandissement-maison-tunis/,2026-04-05 09:42:32.371099,0.0027685408446334763,0.00030162987656188724,0.008271758365896687
blog_article,Gros œuvre + isolation,construction,,,1075.0,650.0,1500.0,TND,unité,,,Tunis,SM Devis (source blog),True,"Gros œuvre + isolation :


Entre 650 dt et 1 500 dt",https://www.sm-devis.tn/tarifs-construction-extension-agrandissement-maison-tunis/,2026-04-05 09:42:32.371099,0.0014874501586475007,0.0001224251343894089,0.005168297248126544
blog_article,Gros œuvre + isolation + aménagement de l’extension,construction,,,1810.0,1320.0,2300.0,TND,unité,,,Tunis,SM Devis (source blog),True,"Gros œuvre + isolation + aménagement de l’extension :


Entre 1 320 dt et 2 300 dt",https://www.sm-devis.tn/tarifs-construction-extension-agrandissement-maison-tunis/,2026-04-05 09:42:32.371099,0.0025053978929174383,0.0002488116367636831,0.007926929352811116
blog_article,Gros œuvre + structure acier,construction,,,2425.0,1950.0,2900.0,TND,unité,,,Tunis,SM Devis (source blog),True,"Gros œuvre + structure acier :


Entre 1 950 dt et 2 900 dt",https://www.sm-devis.tn/tarifs-construction-extension-agrandissement-maison-tunis/,2026-04-05 09:42:32.371099,0.003357150078735141,0.0003676526763096424,0.009995903431324544
blog_article,Gros œuvre + structure acier + aménagement de l’extension,construction,,,3300.0,2700.0,3900.0,TND,unité,,,Tunis,SM Devis (source blog),True,"Gros œuvre + structure acier + aménagement de l’extension :


Entre 2 700 et 3 900 dt",https://www.sm-devis.tn/tarifs-construction-extension-agrandissement-maison-tunis/,2026-04-05 09:42:32.371099,0.004568992619532686,0.0005091301043405464,0.013444193562180259
blog_article,entre 750 dt/m,construction,,,1451.0,2.0,2900.0,TND,m,,,Tunis,SM Devis (source blog),True,Fourchette estimée : 2.0 – 2900.0 DT/m,https://www.sm-devis.tn/tarifs-construction-extension-agrandissement-maison-tunis/,2026-04-05 09:42:32.373099,0.002008196210464503,1.8863657070787194e-07,0.009995903431324544
blog_article,dt/ m,construction,,,1326.0,2.0,2650.0,TND,m,,,Tunis,SM Devis (source blog),True,Fourchette estimée : 2.0 – 2650.0 DT/m,https://www.sm-devis.tn/tarifs-construction-extension-agrandissement-maison-tunis/,2026-04-05 09:42:32.373099,0.0018350758474934249,1.8863657070787194e-07,0.009133830898610616
blog_article,dt/ m,construction,,,976.0,2.0,1950.0,TND,m,,,Tunis,SM Devis (source blog),True,Fourchette estimée : 2.0 – 1950.0 DT/m,https://www.sm-devis.tn/tarifs-construction-extension-agrandissement-maison-tunis/,2026-04-05 09:42:32.373099,0.001350338831174407,1.8863657070787194e-07,0.0067200278070116155
blog_article,dt/ m,construction,,,1476.0,2.0,2950.0,TND,m,,,Tunis,SM Devis (source blog),True,Fourchette estimée : 2.0 – 2950.0 DT/m,https://www.sm-devis.tn/tarifs-construction-extension-agrandissement-maison-tunis/,2026-04-05 09:42:32.373099,0.0020428202830587183,1.8863657070787194e-07,0.01016831793786733
blog_article,dt/ m,construction,,,2451.0,2.0,4900.0,TND,m,,,Tunis,SM Devis (source blog),True,Fourchette estimée : 2.0 – 4900.0 DT/m,https://www.sm-devis.tn/tarifs-construction-extension-agrandissement-maison-tunis/,2026-04-05 09:42:32.373099,0.0033931591142331253,1.8863657070787194e-07,0.016892483693035972
blog_article,dt/ m,construction,,,1901.0,2.0,3800.0,TND,m,,,Tunis,SM Devis (source blog),True,Fourchette estimée : 2.0 – 3800.0 DT/m,https://www.sm-devis.tn/tarifs-construction-extension-agrandissement-maison-tunis/,2026-04-05 09:42:32.373099,0.002631429517160383,1.8863657070787194e-07,0.013099364549094687
blog_article,dt/ m,construction,,,1751.0,2.0,3500.0,TND,m,,,Tunis,SM Devis (source blog),True,Fourchette estimée : 2.0 – 3500.0 DT/m,https://www.sm-devis.tn/tarifs-construction-extension-agrandissement-maison-tunis/,2026-04-05 09:42:32.373099,0.0024236850815950893,1.8863657070787194e-07,0.012064877509837972
blog_article,entre 3 200 dt/m,construction,,,3451.0,2.0,6900.0,TND,m,,,Tunis,SM Devis (source blog),True,Fourchette estimée : 2.0 – 6900.0 DT/m,https://www.sm-devis.tn/guide-des-prix-batiment-travaux-tunis/,2026-04-05 09:40:41.205567,0.004778122018001748,1.8863657070787194e-07,0.023789063954747402
blog_article,Véranda en fer forgé,construction,,,20502.0,,,TND,m²,,,Tunis,SM Devis (source blog),True,,https://www.sm-devis.tn/tarifs-construction-extension-agrandissement-maison-tunis/,2026-04-05 09:42:32.368103,0.028393124490160532,,
blog_article,Véranda en PVC,construction,,,11952.0,,,TND,m²,,,Tunis,SM Devis (source blog),True,,https://www.sm-devis.tn/tarifs-construction-extension-agrandissement-maison-tunis/,2026-04-05 09:42:32.368103,0.01655169166293881,,
blog_article,Véranda en bois,construction,,,16502.0,,,TND,m²,,,Tunis,SM Devis (source blog),True,,https://www.sm-devis.tn/tarifs-construction-extension-agrandissement-maison-tunis/,2026-04-05 09:42:32.368103,0.02285327287508604,,
blog_article,Véranda en aluminium,construction,,,18252.0,,,TND,m²,,,Tunis,SM Devis (source blog),True,,https://www.sm-devis.tn/tarifs-construction-extension-agrandissement-maison-tunis/,2026-04-05 09:42:32.368103,0.02527695795668113,,
blog_article,Extension en ossature bois,construction,,,28502.0,,,TND,m²,,,Tunis,SM Devis (source blog),True,Extension en ossature bois,https://www.sm-devis.tn/tarifs-construction-extension-agrandissement-maison-tunis/,2026-04-05 09:42:32.368103,0.03947282772030951,,
blog_article,4,construction,,,280.0,,,TND,unité,,,Tunis,SM Devis (source blog),True,De 5 à 7 m,https://www.sm-devis.tn/entreprise-construction-immeuble-dhabitations-tunis/,2026-04-05 09:40:08.906259,0.00038640465015144567,,
blog_article,3,construction,,,230.0,,,TND,unité,,,Tunis,SM Devis (source blog),True,De 3 à 6 m,https://www.sm-devis.tn/entreprise-construction-immeuble-dhabitations-tunis/,2026-04-05 09:40:08.906259,0.00031715650496301457,,
blog_article,Veuillez entrer uniquement 2 chiffres * Exemple,construction,,,12.0,,,TND,unité,,,Tunis,SM Devis (source blog),True,Veuillez entrer uniquement 2 chiffres * Exemple: 12 Cette boîte est pour la protection contre le spam - Veuillez laisser en blanc :,http://www.sm-devis.tn/architecte-projet-de-construction/,2026-04-05 09:33:43.849880,1.5234591941454847e-05,,
blog_article,Mur traditionnel,construction,,,80.0,40.0,120.0,TND,unité,,,Tunis,SM Devis (source blog),True,,https://www.sm-devis.tn/guide-des-prix-maconnerie-prix-travaux-de-gros-oeuvre-tunisie/,2026-04-05 09:40:52.683654,0.00010941206939772119,7.356826257607005e-06,0.00040965686754565884
blog_article,Création dépendance/Local,construction,,,500.0,400.0,600.0,TND,unité,,,Tunis,SM Devis (source blog),True,,https://www.sm-devis.tn/guide-des-prix-maconnerie-prix-travaux-de-gros-oeuvre-tunisie/,2026-04-05 09:40:52.683654,0.0006910964889805427,7.52659917124409e-05,0.0020648361303564015
blog_article,Maison plain-pied,construction,,,1000.0,900.0,1100.0,TND,unité,,,Tunis,SM Devis (source blog),True,,https://www.sm-devis.tn/guide-des-prix-maconnerie-prix-travaux-de-gros-oeuvre-tunisie/,2026-04-05 09:40:52.683654,0.001383577940864854,0.00016958427706637686,0.0037889811957842585
blog_article,"Élévation de blocs à bancher Tunis Compris : chaînage, béton",construction,,,12.0,,,TND,m²,,,Tunis,SM Devis (source blog),True,,https://www.sm-devis.tn/guide-des-prix-maconnerie-prix-travaux-de-gros-oeuvre-tunisie/,2026-04-05 09:40:52.684623,1.5234591941454847e-05,,
blog_article,Élévation de murs en blocs de béton cellulaire Compris : chaînage Tunis .,construction,,,9.0,,,TND,m²,,,Tunis,SM Devis (source blog),True,,https://www.sm-devis.tn/guide-des-prix-maconnerie-prix-travaux-de-gros-oeuvre-tunisie/,2026-04-05 09:40:52.684623,1.107970323014898e-05,,
blog_article,Élévation de murs en parpaings creux Tunis Compris : chaînage.,construction,,,88.0,,,TND,m²,,,Tunis,SM Devis (source blog),True,,https://www.sm-devis.tn/guide-des-prix-maconnerie-prix-travaux-de-gros-oeuvre-tunisie/,2026-04-05 09:40:52.685235,0.00012049177262787017,,
blog_article,Fourniture et pose d’isolant sous dallage de 100 mm Tunis Isolant en TMS = panneaux isolants en mousse rigide de polyuréthane.,construction,,,39.0,,,TND,m²,,,Tunis,SM Devis (source blog),True,,https://www.sm-devis.tn/guide-des-prix-maconnerie-prix-travaux-de-gros-oeuvre-tunisie/,2026-04-05 09:40:52.685235,5.262859034320766e-05,,
blog_article,"Réalisation d’escalier en béton armé < 1 m de large Tunis Escalier coulé en béton avec ferraillage en acier HA coupés, façonnés, assemblés.Compris : coffrage en bois et décoffrage.",construction,,,883.0,,,TND,unité,,,Tunis,SM Devis (source blog),True,,https://www.sm-devis.tn/guide-des-prix-maconnerie-prix-travaux-de-gros-oeuvre-tunisie/,2026-04-05 09:40:52.685235,0.001221537281123925,,
blog_article,Réalisation de chape allégée de 5 cm d’épaisseur environ Tunis,construction,,,10.0,,,TND,m²,,,Tunis,SM Devis (source blog),True,,https://www.sm-devis.tn/guide-des-prix-maconnerie-prix-travaux-de-gros-oeuvre-tunisie/,2026-04-05 09:40:52.685235,1.2464666133917603e-05,,
blog_article,Ouverture de trémie dans un plancher existant pour création d’escalier Tunis,construction,,,180.0,,,TND,m²,,,Tunis,SM Devis (source blog),True,,https://www.sm-devis.tn/guide-des-prix-maconnerie-prix-travaux-de-gros-oeuvre-tunisie/,2026-04-05 09:40:52.685235,0.0002479083597745834,,
blog_article,Réalisation de fondations par radier de 20 cm Tunis,construction,,,150.0,,,TND,m²,,,Tunis,SM Devis (source blog),True,,https://www.sm-devis.tn/guide-des-prix-maconnerie-prix-travaux-de-gros-oeuvre-tunisie/,2026-04-05 09:40:52.685235,0.00020635947266152475,,
blog_article,Réalisation de fondations semelles filantes Tunis,construction,,,280.0,,,TND,m³,,,Tunis,SM Devis (source blog),True,,https://www.sm-devis.tn/guide-des-prix-maconnerie-prix-travaux-de-gros-oeuvre-tunisie/,2026-04-05 09:40:52.686760,0.00038640465015144567,,
blog_article,Prix réaménagement / réorganisation Tunis,construction,,,1000.0,700.0,1300.0,TND,m²,,,Tunis,SM Devis (source blog),True,,https://www.sm-devis.tn/prix-pose-construction-et-amenagement-en-tunis/,2026-04-05 09:41:56.970984,0.001383577940864854,0.0001318569629248025,0.0044786392219554015
blog_article,Réalisation de fondations semelles isolées Tunis,construction,,,380.0,,,TND,m³,,,Tunis,SM Devis (source blog),True,,https://www.sm-devis.tn/guide-des-prix-maconnerie-prix-travaux-de-gros-oeuvre-tunisie/,2026-04-05 09:40:52.686760,0.0005249009405283079,,
blog_article,Réalisation de longrine Tunis,construction,,,6.0,,,TND,m³,,,Tunis,SM Devis (source blog),True,,https://www.sm-devis.tn/guide-des-prix-maconnerie-prix-travaux-de-gros-oeuvre-tunisie/,2026-04-05 09:40:52.686760,6.9248145188431126e-06,,
blog_article,"Réalisation de plancher en béton armé de 16 cm d’épaisseur environ Tunis Compris : coffrage, armature, béton .",construction,,,9.0,,,TND,m²,,,Tunis,SM Devis (source blog),True,,https://www.sm-devis.tn/guide-des-prix-maconnerie-prix-travaux-de-gros-oeuvre-tunisie/,2026-04-05 09:40:52.686760,1.107970323014898e-05,,
blog_article,"Réalisation de plancher en poutrelles – hourdis béton de 16 cm d’épaisseur environ Tunis Compris : planelle, chaînage périphérique et refend et dalle de compression en béton dosé à 350 kg, armatures.",construction,,,145.0,,,TND,m²,,,Tunis,SM Devis (source blog),True,,https://www.sm-devis.tn/guide-des-prix-maconnerie-prix-travaux-de-gros-oeuvre-tunisie/,2026-04-05 09:40:52.686760,0.00019943465814268164,,
blog_article,"Réalisation de dallage en béton armé sur terre-plein (entre 12 et 15 cm)Compris : film polyane, coffrage, armature, béton Tunis .",construction,,,90.0,,,TND,m²,,,Tunis,SM Devis (source blog),True,,https://www.sm-devis.tn/guide-des-prix-maconnerie-prix-travaux-de-gros-oeuvre-tunisie/,2026-04-05 09:40:52.685235,0.0001232616984354074,,
blog_article,Moins d'un mois,construction,,,2.0,1.0,3.0,TND,unité,,,Tunis,SM Devis (source blog),True,Fourchette estimée : 1.0 – 3.0 DT/unité,http://www.sm-devis.tn/architecte-projet-de-construction/,2026-04-05 09:33:43.853880,1.3849629037686226e-06,0.0,6.206922235540285e-06
blog_article,non électrique,electricite,,,180.0,150.0,210.0,TND,unité,,,Tunis,SM Devis (source blog),True,Fourchette estimée : 150.0 – 210.0 DT/unité,http://www.sm-devis.tn/devis-electricite/,2026-04-05 09:34:01.394140,0.0002479083597745834,2.8106849035472917e-05,0.0007200029793226732
blog_article,Avec chauffage électrique,electricite,,,11.52,,,TND,unité,,,Tunis,SM Devis (source blog),True,Avec chauffage électrique | de 2.592dt à 3.628dt | de 5.040dt à 7.056dt | de 7.200dt à 10.080dt,http://www.sm-devis.tn/devis-electricite/,2026-04-05 09:34:01.390147,1.4569809747645908e-05,,
blog_article,Sans chauffage électrique,electricite,,,11.04,,,TND,unité,,,Tunis,SM Devis (source blog),True,Sans chauffage électrique | de 1.728dt à 2.764dt | de 3.360dt à 5.376dt | de 4.800dt à 7.680dt,http://www.sm-devis.tn/devis-electricite/,2026-04-05 09:34:01.389144,1.3905027553836969e-05,,
blog_article,Installation d’une prise de terre (dans cloison avant doublage),electricite,,,140.0,80.0,200.0,TND,unité,,,Tunis,SM Devis (source blog),True,Fourchette : 80.0 – 200.0 DT/unité,http://www.sm-devis.tn/devis-electricite/,2026-04-05 09:34:01.390147,0.00019250984362383853,1.4902289085921883e-05,0.000685520078014116
blog_article,Veuillez entrer uniquement 2 chiffres * Exemple,electricite,,,12.0,,,TND,unité,,,Tunis,SM Devis (source blog),True,Veuillez entrer uniquement 2 chiffres * Exemple: 12 Cette boîte est pour la protection contre le spam - Veuillez laisser en blanc :,http://www.sm-devis.tn/devis-electricite/,2026-04-05 09:34:01.391145,1.5234591941454847e-05,,
blog_article,Prix d’une prise électrique de terre standard,electricite,,,15.0,,,TND,unité,,,Tunis,SM Devis (source blog),True,"Prix d’une prise électrique de terre standard :
 environ 15 dt",http://www.sm-devis.tn/devis-electricite/,2026-04-05 09:34:01.392142,1.9389480652760716e-05,,
blog_article,Pour avoir une idée globale du coût d’une rénovation électrique il faut compter environ,electricite,,,130.0,100.0,160.0,TND,unité,,,Tunis,SM Devis (source blog),True,Fourchette estimée : 100.0 – 160.0 DT/unité,http://www.sm-devis.tn/devis-electricite/,2026-04-05 09:34:01.394140,0.00017866021458615231,1.8675020500079322e-05,0.0005475884727798874
blog_article,Prix d’un tableau électrique,electricite,,,2500.0,,,TND,unité,,,Tunis,SM Devis (source blog),True,"Prix d’un tableau électrique :
 environ 2 500dt",http://www.sm-devis.tn/devis-electricite/,2026-04-05 09:34:01.392142,0.003461022296517788,,
blog_article,de 1.728dt à 2.764dt,electricite,,,4.37,3.36,5.376,TND,unité,,,Tunis,SM Devis (source blog),True,Fourchette estimée : 3.36 – 5.376 DT/unité,http://www.sm-devis.tn/devis-electricite/,2026-04-05 09:34:01.394140,4.667324985700258e-06,4.4518230687057773e-07,1.4400059586453462e-05
blog_article,en Tunisie varie entre 32 dt/m,electricite,,,61.0,2.0,120.0,TND,m,,,Tunis,SM Devis (source blog),True,Fourchette estimée : 2.0 – 120.0 DT/m,https://www.sm-devis.tn/prix-pose-electricite-securite-tunis/,2026-04-05 09:42:00.966137,8.309777422611735e-05,1.8863657070787194e-07,0.00040965686754565884
blog_article,"En moyenne pour un T3, il faut prévoir",electricite,,,14.25,12.5,16.0,TND,unité,,,Tunis,SM Devis (source blog),True,Fourchette estimée : 12.5 – 16.0 DT/unité,https://www.sm-devis.tn/prix-pose-electricite-securite-tunis/,2026-04-05 09:42:00.966137,1.835075847493425e-05,2.1693205631405273e-06,5.103469393666457e-05
blog_article,Entre 3 et 6 mois,electricite,,,9.0,6.0,12.0,TND,unité,,,Tunis,SM Devis (source blog),True,Fourchette estimée : 6.0 – 12.0 DT/unité,http://www.sm-devis.tn/devis-electricite/,2026-04-05 09:34:01.396261,1.107970323014898e-05,9.431828535393596e-07,3.7241533413241716e-05
blog_article,Entre 1 et 3 mois,electricite,,,4.5,3.0,6.0,TND,unité,,,Tunis,SM Devis (source blog),True,Fourchette estimée : 3.0 – 6.0 DT/unité,http://www.sm-devis.tn/devis-electricite/,2026-04-05 09:34:01.396261,4.847370163190179e-06,3.772731414157439e-07,1.6551792628107427e-05
blog_article,Moins d'un mois,electricite,,,2.0,1.0,3.0,TND,unité,,,Tunis,SM Devis (source blog),True,Fourchette estimée : 1.0 – 3.0 DT/unité,http://www.sm-devis.tn/devis-electricite/,2026-04-05 09:34:01.396261,1.3849629037686226e-06,0.0,6.206922235540285e-06
blog_article,Même si une installation d’il y a,electricite,,,12.5,10.0,15.0,TND,unité,,,Tunis,SM Devis (source blog),True,Fourchette estimée : 10.0 – 15.0 DT/unité,http://www.sm-devis.tn/devis-electricite/,2026-04-05 09:34:01.395248,1.5927073393339158e-05,1.6977291363708474e-06,4.7586403805808854e-05
blog_article,en moyenne,electricite,,,75.0,50.0,100.0,TND,unité,,,Tunis,SM Devis (source blog),True,Fourchette estimée : 50.0 – 100.0 DT/unité,http://www.sm-devis.tn/devis-electricite/,2026-04-05 09:34:01.394140,0.00010248725487887806,9.243191964685726e-06,0.00034069106492854454
blog_article,de 11.520dt à 16.128dt,electricite,,,19.87,16.56,23.184,TND,unité,,,Tunis,SM Devis (source blog),True,Fourchette estimée : 16.56 – 23.184 DT/unité,http://www.sm-devis.tn/devis-electricite/,2026-04-05 09:34:01.394140,2.613424999411391e-05,2.935185040214487e-06,7.580721023673202e-05
blog_article,de 7.200dt à 10.080dt,electricite,,,13.82,11.52,16.128,TND,unité,,,Tunis,SM Devis (source blog),True,Fourchette estimée : 11.52 – 16.128 DT/unité,http://www.sm-devis.tn/devis-electricite/,2026-04-05 09:34:01.394140,1.775522442631374e-05,1.9844567238468128e-06,5.14760750734141e-05
blog_article,de 16.560dt à 23.184dt,electricite,,,25.06,20.88,29.232,TND,unité,,,Tunis,SM Devis (source blog),True,Fourchette estimée : 20.88 – 29.232 DT/unité,http://www.sm-devis.tn/devis-electricite/,2026-04-05 09:34:01.394140,3.3322207464673056e-05,3.7500950256724937e-06,9.666246894814738e-05
blog_article,de 2.592dt à 3.628dt,electricite,,,6.05,5.04,7.056,TND,unité,,,Tunis,SM Devis (source blog),True,Fourchette estimée : 5.04 – 7.056 DT/unité,http://www.sm-devis.tn/devis-electricite/,2026-04-05 09:34:01.394140,6.994062664031543e-06,7.620917456598027e-07,2.0193187006291062e-05
blog_article,Avec chauffage électrique,electricite,,,3.11,2.592,3.628,TND,unité,,,Tunis,SM Devis (source blog),True,Fourchette estimée : 2.592 – 3.628 DT/unité,http://www.sm-devis.tn/devis-electricite/,2026-04-05 09:34:01.394140,2.9222717269517932e-06,3.0030942056693216e-07,8.372448437717673e-06
blog_article,de 11.040dt à 17.664dt,electricite,,,18.1,13.92,22.272,TND,unité,,,Tunis,SM Devis (source blog),True,Fourchette estimée : 13.92 – 22.272 DT/unité,http://www.sm-devis.tn/devis-electricite/,2026-04-05 09:34:01.394140,2.3682865654443446e-05,2.4371844935457053e-06,7.266236963739161e-05
blog_article,de 7.680dt  à 12.288dt,electricite,,,14.35,11.04,17.664,TND,unité,,,Tunis,SM Devis (source blog),True,Fourchette estimée : 11.04 – 17.664 DT/unité,http://www.sm-devis.tn/devis-electricite/,2026-04-05 09:34:01.394140,1.848925476531111e-05,1.8939111699070342e-06,5.677264871440848e-05
blog_article,de 4.800dt à 7.680dt,electricite,,,9.98,7.68,12.288,TND,unité,,,Tunis,SM Devis (source blog),True,Fourchette estimée : 7.68 – 12.288 DT/unité,http://www.sm-devis.tn/devis-electricite/,2026-04-05 09:34:01.394140,1.2436966875842232e-05,1.2600922923285844e-06,3.823464097092816e-05
blog_article,de 3.360dt à 5.376dt,electricite,,,6.24,4.8,7.68,TND,unité,,,Tunis,SM Devis (source blog),True,Fourchette estimée : 4.8 – 7.68 DT/unité,http://www.sm-devis.tn/devis-electricite/,2026-04-05 09:34:01.394140,7.257205615747582e-06,7.168189686899134e-07,2.2344920047945024e-05
blog_article,de 5.040dt à 7.056dt,electricite,,,8.64,7.2,10.08,TND,unité,,,Tunis,SM Devis (source blog),True,Fourchette estimée : 7.2 – 10.08 DT/unité,http://www.sm-devis.tn/devis-electricite/,2026-04-05 09:34:01.394140,1.0581116584792277e-05,1.169546738388806e-06,3.062081636199874e-05
blog_article,Sans chauffage électrique,electricite,,,2.25,1.728,2.764,TND,unité,,,Tunis,SM Devis (source blog),True,Fourchette estimée : 1.728 – 2.764 DT/unité,http://www.sm-devis.tn/devis-electricite/,2026-04-05 09:34:01.394140,1.7312036297107781e-06,1.3732742347533077e-07,5.393125764658336e-06
blog_article,entre 330dt et 840dt,estimation_construction,,,945.0,530.0,1360.0,TND,unité,,,Tunis,SM Devis (source blog),True,Fourchette estimée : 530.0 – 1360.0 DT/unité,https://www.sm-devis.tn/tarifs-pose-fenetre-alu-pvc-bois-tunis/,2026-04-05 09:42:33.990360,0.0013074049811575797,9.978874590446425e-05,0.004685536629806744
blog_article,entre 530 dt et 1 360dt,estimation_construction,,,945.0,520.0,1370.0,TND,unité,,,Tunis,SM Devis (source blog),True,Fourchette estimée : 520.0 – 1370.0 DT/unité,https://www.sm-devis.tn/tarifs-pose-fenetre-alu-pvc-bois-tunis/,2026-04-05 09:42:33.990360,0.0013074049811575797,9.790238019738554e-05,0.004720019531115301
blog_article,Porte-fenêtre bois Tunis,estimation_construction,,,585.0,330.0,840.0,TND,unité,,,Tunis,SM Devis (source blog),True,Fourchette estimée : 330.0 – 840.0 DT/unité,https://www.sm-devis.tn/tarifs-pose-fenetre-alu-pvc-bois-tunis/,2026-04-05 09:42:33.990360,0.0008088183358008756,6.206143176288987e-05,0.0028924257617617727
blog_article,Porte-fenêtre aluminium Tunis,estimation_construction,,,865.0,530.0,1200.0,TND,unité,,,Tunis,SM Devis (source blog),True,Fourchette estimée : 530.0 – 1200.0 DT/unité,https://www.sm-devis.tn/tarifs-pose-fenetre-alu-pvc-bois-tunis/,2026-04-05 09:42:33.990360,0.00119660794885609,9.978874590446425e-05,0.00413381020886983
blog_article,entre 530dt et 1 200dt,estimation_construction,,,1160.0,790.0,1530.0,TND,unité,,,Tunis,SM Devis (source blog),True,Fourchette estimée : 790.0 – 1530.0 DT/unité,https://www.sm-devis.tn/tarifs-pose-fenetre-alu-pvc-bois-tunis/,2026-04-05 09:42:33.990360,0.0016051720054678336,0.00014883425428851096,0.005271745952052215
blog_article,entre 790dt et 1 530dt,estimation_construction,,,1170.0,760.0,1580.0,TND,unité,,,Tunis,SM Devis (source blog),True,Fourchette estimée : 760.0 – 1580.0 DT/unité,https://www.sm-devis.tn/tarifs-pose-fenetre-alu-pvc-bois-tunis/,2026-04-05 09:42:33.990360,0.0016190216345055197,0.0001431751571672748,0.005444160458595001
blog_article,en Tunisie varie,estimation_construction,,,7300.0,3200.0,11400.0,TND,unité,,,Tunis,SM Devis (source blog),True,Fourchette estimée : 3200.0 – 11400.0 DT/unité,https://www.sm-devis.tn/prix-pose-assainissement-viabilisation-et-terrain-tunis/,2026-04-05 09:41:55.309479,0.010108844234607176,0.0006034483896944823,0.03930636954359811
blog_article,", ne dépasse pas 30 m, le prix du raccordement sera compris",estimation_construction,,,805.5,411.0,1200.0,TND,unité,,,Tunis,SM Devis (source blog),True,Fourchette estimée : 411.0 – 1200.0 DT/unité,https://www.sm-devis.tn/prix-pose-assainissement-viabilisation-et-terrain-tunis/,2026-04-05 09:41:55.309479,0.001114202656081857,7.734099399022749e-05,0.00413381020886983
blog_article,Prix réseaux d’assainissement Tunis,estimation_construction,,,7300.0,3200.0,11400.0,TND,unité,,,Tunis,SM Devis (source blog),True,Fourchette estimée : 3200.0 – 11400.0 DT/unité,https://www.sm-devis.tn/prix-pose-assainissement-viabilisation-et-terrain-tunis/,2026-04-05 09:41:55.310480,0.010108844234607176,0.0006034483896944823,0.03930636954359811
blog_article,Prix raccordement réseaux de gaz Tunis,estimation_construction,,,865.0,430.0,1300.0,TND,unité,,,Tunis,SM Devis (source blog),True,Fourchette estimée : 430.0 – 1300.0 DT/unité,https://www.sm-devis.tn/prix-pose-assainissement-viabilisation-et-terrain-tunis/,2026-04-05 09:41:55.310480,0.00119660794885609,8.092508883367706e-05,0.0044786392219554015
blog_article,Prix raccordement réseaux d’eau Tunis,estimation_construction,,,1025.0,850.0,1200.0,TND,unité,,,Tunis,SM Devis (source blog),True,Fourchette estimée : 850.0 – 1200.0 DT/unité,https://www.sm-devis.tn/prix-pose-assainissement-viabilisation-et-terrain-tunis/,2026-04-05 09:41:55.310480,0.0014182020134590695,0.00016015244853098326,0.00413381020886983
blog_article,Prix raccordement réseaux d’eau Tunis,estimation_construction,,,1025.0,,,TND,unité,,,Tunis,SM Devis (source blog),True,,https://www.sm-devis.tn/prix-pose-assainissement-viabilisation-et-terrain-tunis/,2026-04-05 09:41:55.304466,0.0014182020134590695,,
blog_article,Prix raccordement réseaux de gaz Tunis,estimation_construction,,,865.0,,,TND,unité,,,Tunis,SM Devis (source blog),True,,https://www.sm-devis.tn/prix-pose-assainissement-viabilisation-et-terrain-tunis/,2026-04-05 09:41:55.304466,0.00119660794885609,,
blog_article,"ne Tunisie, varie",estimation_construction,,,7300.0,3200.0,11400.0,TND,unité,,,Tunis,SM Devis (source blog),True,Fourchette estimée : 3200.0 – 11400.0 DT/unité,https://www.sm-devis.tn/prix-pose-assainissement-viabilisation-et-terrain-tunis/,2026-04-05 09:41:55.310480,0.010108844234607176,0.0006034483896944823,0.03930636954359811
blog_article,Prix réseaux d’assainissement Tunis,estimation_construction,,,7300.0,,,TND,unité,,,Tunis,SM Devis (source blog),True,,https://www.sm-devis.tn/prix-pose-assainissement-viabilisation-et-terrain-tunis/,2026-04-05 09:41:55.304466,0.010108844234607176,,
blog_article,entre 350dt et 930dt,estimation_construction,,,660.0,340.0,980.0,TND,unité,,,Tunis,SM Devis (source blog),True,Fourchette estimée : 340.0 – 980.0 DT/unité,https://www.sm-devis.tn/tarifs-pose-fenetre-alu-pvc-bois-tunis/,2026-04-05 09:42:33.990360,0.0009126905535835223,6.394779746996859e-05,0.0033751863800815726
blog_article,Prix raccordement réseaux d’électricité Tunis,estimation_construction,,,1400.0,,,TND,unité,,,Tunis,SM Devis (source blog),True,,https://www.sm-devis.tn/prix-pose-assainissement-viabilisation-et-terrain-tunis/,2026-04-05 09:41:55.304466,0.001937563102372303,,
blog_article,Porte-fenêtre PVC Tunis,estimation_construction,,,345.0,140.0,550.0,TND,unité,,,Tunis,SM Devis (source blog),True,Fourchette estimée : 140.0 – 550.0 DT/unité,https://www.sm-devis.tn/tarifs-pose-fenetre-alu-pvc-bois-tunis/,2026-04-05 09:42:33.990360,0.00047642723889640615,2.62204833283942e-05,0.0018924216238136156
blog_article,supplémentaire compris entre 2 500dt et 4 000dt TTC pour l’installation d’une PAC géothermique à capteurs verticaux et,estimation_construction,,,2400.0,1800.0,3000.0,TND,unité,,,Tunis,SM Devis (source blog),True,Fourchette estimée : 1800.0 – 3000.0 DT/unité,"https://www.sm-devis.tn/prix-pompes-a-chaleur-tunisie/#:~:text=Prix%20des%20pompes%20%C3%A0%20chaleur%20Tunisie,que%20des%20caract%C3%A9ristiques%20du%20logement./",2026-04-05 09:41:53.958286,0.0033225260061409256,0.00033935719070346163,0.010340732444410116
blog_article,Fenêtre ouvrant à la française 1 vantail,estimation_construction,,,354.0,178.0,530.0,TND,unité,,,Tunis,SM Devis (source blog),True,Fourchette estimée : 178.0 – 530.0 DT/unité,https://www.sm-devis.tn/tarifs-pose-fenetre-alu-pvc-bois-tunis/,2026-04-05 09:42:33.990360,0.0004888919050303238,3.338867301529333e-05,0.0018234558211965015
blog_article,Fenêtre châssis à soufflet 1 vantail,estimation_construction,,,357.0,155.0,559.0,TND,unité,,,Tunis,SM Devis (source blog),True,Fourchette estimée : 155.0 – 559.0 DT/unité,https://www.sm-devis.tn/tarifs-pose-fenetre-alu-pvc-bois-tunis/,2026-04-05 09:42:33.989361,0.0004930467937416296,2.905003188901228e-05,0.001923456234991317
blog_article,"le cadre d’origine, la durée de vie de la fenêtre est réduite et la luminosité est moins importante (on perd une bande",estimation_construction,,,4.0,3.0,5.0,TND,unité,,,Tunis,SM Devis (source blog),True,Fourchette estimée : 3.0 – 5.0 DT/unité,https://www.sm-devis.tn/tarifs-pose-fenetre-alu-pvc-bois-tunis/,2026-04-05 09:42:33.989361,4.154888711305868e-06,3.772731414157439e-07,1.3103502497251713e-05
blog_article,"est généralement plus élevé que celui d’une pose en neuf, oscillant",estimation_construction,,,365.0,250.0,480.0,TND,unité,,,Tunis,SM Devis (source blog),True,Fourchette estimée : 250.0 – 480.0 DT/unité,https://www.sm-devis.tn/tarifs-pose-fenetre-alu-pvc-bois-tunis/,2026-04-05 09:42:33.989361,0.0005041264969717786,4.697050610626011e-05,0.0016510413146537159
blog_article,oscille,estimation_construction,,,828.0,256.0,1400.0,TND,unité,,,Tunis,SM Devis (source blog),True,Fourchette estimée : 256.0 – 1400.0 DT/unité,https://www.sm-devis.tn/tarifs-pose-fenetre-alu-pvc-bois-tunis/,2026-04-05 09:42:33.989361,0.001145364321416651,4.810232553050734e-05,0.004823468235040973
blog_article,d  varie,estimation_construction,,,1527.5,155.0,2900.0,TND,unité,,,Tunis,SM Devis (source blog),True,Fourchette estimée : 155.0 – 2900.0 DT/unité,https://www.sm-devis.tn/tarifs-pose-fenetre-alu-pvc-bois-tunis/,2026-04-05 09:42:33.989361,0.0021141458726028025,2.905003188901228e-05,0.009995903431324544
blog_article,Porte-fenêtre 1 vantail,estimation_construction,,,1062.5,,,TND,unité,,,Tunis,SM Devis (source blog),True,,https://www.sm-devis.tn/tarifs-pose-fenetre-alu-pvc-bois-tunis/,2026-04-05 09:42:33.980364,0.0014701381223503928,,
blog_article,Porte-fenêtre 2 vantaux,estimation_construction,,,1888.5,,,TND,unité,,,Tunis,SM Devis (source blog),True,,https://www.sm-devis.tn/tarifs-pose-fenetre-alu-pvc-bois-tunis/,2026-04-05 09:42:33.981369,0.002614117480863275,,
blog_article,Fenêtre châssis à soufflet 1 vantail,estimation_construction,,,528859.0,,,TND,unité,,,Tunis,SM Devis (source blog),True,,https://www.sm-devis.tn/tarifs-pose-fenetre-alu-pvc-bois-tunis/,2026-04-05 09:42:33.981369,0.7324487113612662,,
blog_article,Fenêtre ouvrant à la française 1 vantail,estimation_construction,,,554940.0,,,TND,unité,,,Tunis,SM Devis (source blog),True,,https://www.sm-devis.tn/tarifs-pose-fenetre-alu-pvc-bois-tunis/,2026-04-05 09:42:33.981369,0.7685699288544556,,
blog_article,Tarifs d’une fenêtre en PVC à 2 vantaux de taille standard à Tunis,estimation_construction,,,627.5,296.0,959.0,TND,unité,,,Tunis,SM Devis (source blog),True,Tarifs d’une fenêtre en PVC à 2 vantaux de taille standard à Tunis : entre 296 dt et 959 dt,https://www.sm-devis.tn/tarifs-pose-fenetre-alu-pvc-bois-tunis/,2026-04-05 09:42:33.986360,0.0008676792592110421,5.564778835882222e-05,0.003302772287333603
blog_article,Prix d’une fenêtre en bois à 2 vantaux de taille standard à Tunis,estimation_construction,,,1390.0,980.0,1800.0,TND,unité,,,Tunis,SM Devis (source blog),True,"Prix d’une fenêtre en bois à 2 vantaux de taille standard à Tunis : 
entre 980 dt et 1 800 dt",https://www.sm-devis.tn/tarifs-pose-fenetre-alu-pvc-bois-tunis/,2026-04-05 09:42:33.986360,0.0019237134733346168,0.00018467520272300662,0.006202784287383258
blog_article,Fenêtre ouvrant à la française 2 vantaux,estimation_construction,,,1327.5,,,TND,unité,,,Tunis,SM Devis (source blog),True,,https://www.sm-devis.tn/tarifs-pose-fenetre-alu-pvc-bois-tunis/,2026-04-05 09:42:33.981369,0.001837153291849078,,
blog_article,Porte-fenêtre 1 vantail,estimation_construction,,,1066.5,,,TND,unité,,,Tunis,SM Devis (source blog),True,,https://www.sm-devis.tn/tarifs-pose-fenetre-alu-pvc-bois-tunis/,2026-04-05 09:42:33.981369,0.0014756779739654674,,
blog_article,Porte-fenêtre 2 vantaux,estimation_construction,,,1742.5,,,TND,unité,,,Tunis,SM Devis (source blog),True,,https://www.sm-devis.tn/tarifs-pose-fenetre-alu-pvc-bois-tunis/,2026-04-05 09:42:33.981369,0.002411912896913056,,
blog_article,Porte-fenêtre PVC Tunis,estimation_construction,,,350930.0,140550.0,,TND,unité,,,Tunis,SM Devis (source blog),True,entre 340dt et 980dt,https://www.sm-devis.tn/tarifs-pose-fenetre-alu-pvc-bois-tunis/,2026-04-05 09:42:33.982368,0.4860236468566189,0.026512681376420693,
blog_article,Porte-fenêtre bois Tunis,estimation_construction,,,945.0,330840.0,,TND,unité,,,Tunis,SM Devis (source blog),True,entre 520dt et 1 370dt,https://www.sm-devis.tn/tarifs-pose-fenetre-alu-pvc-bois-tunis/,2026-04-05 09:42:33.982368,0.0013074049811575797,0.06240833441642164,
blog_article,Porte-fenêtre aluminium Tunis,estimation_construction,,,1160.0,5301200.0,,TND,unité,,,Tunis,SM Devis (source blog),True,entre 760dt et 1 580dt,https://www.sm-devis.tn/tarifs-pose-fenetre-alu-pvc-bois-tunis/,2026-04-05 09:42:33.982368,0.0016051720054678336,1.0,
blog_article,Tarifs d’une pose de fenêtre en rénovation à Tunis,estimation_construction,,,210.0,130.0,290.0,TND,unité,,,Tunis,SM Devis (source blog),True,"Tarifs d’une pose de fenêtre en rénovation à Tunis :


Entre 130 dt et 290 dt",https://www.sm-devis.tn/tarifs-pose-fenetre-alu-pvc-bois-tunis/,2026-04-05 09:42:33.986360,0.00028945724688764213,2.433411762131548e-05,0.0009958661897911303
blog_article,Prix d’une pose de fenêtre  à Tunis en dépose totale,estimation_construction,,,272.0,154.0,390.0,TND,unité,,,Tunis,SM Devis (source blog),True,"Prix d’une pose de fenêtre  à Tunis en dépose totale  :


Entre 154  dt et 390 dt",https://www.sm-devis.tn/tarifs-pose-fenetre-alu-pvc-bois-tunis/,2026-04-05 09:42:33.986360,0.0003753249469212967,2.8861395318304405e-05,0.0013406952028767016
blog_article,Tarifs d’une fenêtre en bois/alu à 2 vantaux à Tunis de taille standard,estimation_construction,,,1404.5,859.0,1950.0,TND,unité,,,Tunis,SM Devis (source blog),True,"Tarifs d’une fenêtre en bois/alu à 2 vantaux à Tunis de taille standard : 
entre 859 dt et 1 950 dt",https://www.sm-devis.tn/tarifs-pose-fenetre-alu-pvc-bois-tunis/,2026-04-05 09:42:33.986360,0.0019437954354392618,0.0001618501776673541,0.0067200278070116155
blog_article,Fenêtre ouvrant à la française 2 vantaux,estimation_construction,,,642.5,295.0,990.0,TND,unité,,,Tunis,SM Devis (source blog),True,Fourchette estimée : 295.0 – 990.0 DT/unité,https://www.sm-devis.tn/tarifs-pose-fenetre-alu-pvc-bois-tunis/,2026-04-05 09:42:33.990360,0.0008884537027675713,5.545915178811435e-05,0.0034096692813901297
blog_article,Porte-fenêtre 1 vantail,estimation_construction,,,789.0,278.0,1300.0,TND,unité,,,Tunis,SM Devis (source blog),True,Fourchette estimée : 278.0 – 1300.0 DT/unité,https://www.sm-devis.tn/tarifs-pose-fenetre-alu-pvc-bois-tunis/,2026-04-05 09:42:33.990360,0.0010913507681696746,5.2252330086080526e-05,0.0044786392219554015
blog_article,PAC géothermique à capteurs horizontaux,estimation_construction,,,2400.0,1800.0,3000.0,TND,unité,,,Tunis,SM Devis (source blog),True,,"https://www.sm-devis.tn/prix-pompes-a-chaleur-tunisie/#:~:text=Prix%20des%20pompes%20%C3%A0%20chaleur%20Tunisie,que%20des%20caract%C3%A9ristiques%20du%20logement./",2026-04-05 09:41:53.951768,0.0033225260061409256,0.00033935719070346163,0.010340732444410116
blog_article,PAC géothermique à capteurs verticaux,estimation_construction,,,3250.0,2500.0,4000.0,TND,unité,,,Tunis,SM Devis (source blog),True,,"https://www.sm-devis.tn/prix-pompes-a-chaleur-tunisie/#:~:text=Prix%20des%20pompes%20%C3%A0%20chaleur%20Tunisie,que%20des%20caract%C3%A9ristiques%20du%20logement./",2026-04-05 09:41:53.951768,0.004499744474344255,0.00047140279019897195,0.01378902257526583
blog_article,Il faudra compter un investissement supplémentaire compris,estimation_construction,,,3250.0,2500.0,4000.0,TND,unité,,,Tunis,SM Devis (source blog),True,Fourchette estimée : 2500.0 – 4000.0 DT/unité,"https://www.sm-devis.tn/prix-pompes-a-chaleur-tunisie/#:~:text=Prix%20des%20pompes%20%C3%A0%20chaleur%20Tunisie,que%20des%20caract%C3%A9ristiques%20du%20logement./",2026-04-05 09:41:53.958286,0.004499744474344255,0.00047140279019897195,0.01378902257526583
blog_article,Le prix moyen d’une pompe à chaleur géothermique est compris,estimation_construction,,,8750.0,6000.0,11500.0,TND,unité,,,Tunis,SM Devis (source blog),True,Fourchette estimée : 6000.0 – 11500.0 DT/unité,"https://www.sm-devis.tn/prix-pompes-a-chaleur-tunisie/#:~:text=Prix%20des%20pompes%20%C3%A0%20chaleur%20Tunisie,que%20des%20caract%C3%A9ristiques%20du%20logement./",2026-04-05 09:41:53.958286,0.012117040445071678,0.0011316307876765238,0.039651198556683684
blog_article,Le prix d’une pompe à chaleur eau/eau est en moyenne compris,estimation_construction,,,8750.0,6000.0,11500.0,TND,unité,,,Tunis,SM Devis (source blog),True,Fourchette estimée : 6000.0 – 11500.0 DT/unité,"https://www.sm-devis.tn/prix-pompes-a-chaleur-tunisie/#:~:text=Prix%20des%20pompes%20%C3%A0%20chaleur%20Tunisie,que%20des%20caract%C3%A9ristiques%20du%20logement./",2026-04-05 09:41:53.958286,0.012117040445071678,0.0011316307876765238,0.039651198556683684
blog_article,Le prix moyen d’une pompe à chaleur air-eau est compris,estimation_construction,,,9550.0,6300.0,12800.0,TND,unité,,,Tunis,SM Devis (source blog),True,Fourchette estimée : 6300.0 – 12800.0 DT/unité,"https://www.sm-devis.tn/prix-pompes-a-chaleur-tunisie/#:~:text=Prix%20des%20pompes%20%C3%A0%20chaleur%20Tunisie,que%20des%20caract%C3%A9ristiques%20du%20logement./",2026-04-05 09:41:53.958286,0.013225010768086578,0.0011882217588888853,0.04413397572679611
blog_article,entre 140dt et 550dt,estimation_construction,,,640.0,350.0,930.0,TND,unité,,,Tunis,SM Devis (source blog),True,Fourchette estimée : 350.0 – 930.0 DT/unité,https://www.sm-devis.tn/tarifs-pose-fenetre-alu-pvc-bois-tunis/,2026-04-05 09:42:33.990360,0.0008849912955081499,6.583416317704731e-05,0.003202771873538787
blog_article,Porte-fenêtre 2 vantaux,estimation_construction,,,1742.5,1185.0,2300.0,TND,unité,,,Tunis,SM Devis (source blog),True,Fourchette estimée : 1185.0 – 2300.0 DT/unité,https://www.sm-devis.tn/tarifs-pose-fenetre-alu-pvc-bois-tunis/,2026-04-05 09:42:33.990360,0.002411912896913056,0.00022334569971812037,0.007926929352811116
blog_article,Porte-fenêtre 1 vantail,estimation_construction,,,1066.5,753.0,1380.0,TND,unité,,,Tunis,SM Devis (source blog),True,Fourchette estimée : 753.0 – 1380.0 DT/unité,https://www.sm-devis.tn/tarifs-pose-fenetre-alu-pvc-bois-tunis/,2026-04-05 09:42:33.990360,0.0014756779739654674,0.00014185470117231968,0.004754502432423859
blog_article,Fenêtre ouvrant à la française 2 vantaux,estimation_construction,,,1327.5,955.0,1700.0,TND,unité,,,Tunis,SM Devis (source blog),True,Fourchette estimée : 955.0 – 1700.0 DT/unité,https://www.sm-devis.tn/tarifs-pose-fenetre-alu-pvc-bois-tunis/,2026-04-05 09:42:33.990360,0.001837153291849078,0.00017995928845530984,0.005857955274297687
blog_article,Fenêtre ouvrant à la française 1 vantail,estimation_construction,,,747.0,554.0,940.0,TND,unité,,,Tunis,SM Devis (source blog),True,Fourchette estimée : 554.0 – 940.0 DT/unité,https://www.sm-devis.tn/tarifs-pose-fenetre-alu-pvc-bois-tunis/,2026-04-05 09:42:33.990360,0.0010331823262113924,0.00010431602360145318,0.003237254774847344
blog_article,Fenêtre châssis à soufflet 1 vantail,estimation_construction,,,693.5,528.0,859.0,TND,unité,,,Tunis,SM Devis (source blog),True,Fourchette estimée : 528.0 – 859.0 DT/unité,https://www.sm-devis.tn/tarifs-pose-fenetre-alu-pvc-bois-tunis/,2026-04-05 09:42:33.990360,0.0009590868108597711,9.94114727630485e-05,0.002957943274248031
blog_article,"Pour aller plus loin : en fonctionnement, une pompe à chaleur coûte",estimation_construction,,,5.0,3.0,7.0,TND,unité,,,Tunis,SM Devis (source blog),True,Fourchette estimée : 3.0 – 7.0 DT/unité,"https://www.sm-devis.tn/prix-pompes-a-chaleur-tunisie/#:~:text=Prix%20des%20pompes%20%C3%A0%20chaleur%20Tunisie,que%20des%20caract%C3%A9ristiques%20du%20logement./",2026-04-05 09:41:53.959287,5.53985161507449e-06,3.772731414157439e-07,2.000008275896314e-05
blog_article,Porte-fenêtre 2 vantaux,estimation_construction,,,1888.5,877.0,2900.0,TND,unité,,,Tunis,SM Devis (source blog),True,Fourchette estimée : 877.0 – 2900.0 DT/unité,https://www.sm-devis.tn/tarifs-pose-fenetre-alu-pvc-bois-tunis/,2026-04-05 09:42:33.990360,0.002614117480863275,0.0001652456359400958,0.009995903431324544
blog_article,Fenêtre ouvrant à la française 2 vantaux,estimation_construction,,,966.5,633.0,1300.0,TND,unité,,,Tunis,SM Devis (source blog),True,Fourchette estimée : 633.0 – 1300.0 DT/unité,https://www.sm-devis.tn/tarifs-pose-fenetre-alu-pvc-bois-tunis/,2026-04-05 09:42:33.990360,0.001337181683588605,0.00011921831268737507,0.0044786392219554015
blog_article,Fenêtre ouvrant à la française 1 vantail,estimation_construction,,,505.0,330.0,680.0,TND,unité,,,Tunis,SM Devis (source blog),True,Fourchette estimée : 330.0 – 680.0 DT/unité,https://www.sm-devis.tn/tarifs-pose-fenetre-alu-pvc-bois-tunis/,2026-04-05 09:42:33.990360,0.0006980213034993857,6.206143176288987e-05,0.0023406993408248587
blog_article,Fenêtre châssis à soufflet 1 vantail,estimation_construction,,,455.0,340.0,570.0,TND,unité,,,Tunis,SM Devis (source blog),True,Fourchette estimée : 340.0 – 570.0 DT/unité,https://www.sm-devis.tn/tarifs-pose-fenetre-alu-pvc-bois-tunis/,2026-04-05 09:42:33.990360,0.0006287731583109546,6.394779746996859e-05,0.00196138742643073
blog_article,Porte-fenêtre 2 vantaux,estimation_construction,,,1127.5,455.0,1800.0,TND,unité,,,Tunis,SM Devis (source blog),True,Fourchette estimée : 455.0 – 1800.0 DT/unité,https://www.sm-devis.tn/tarifs-pose-fenetre-alu-pvc-bois-tunis/,2026-04-05 09:42:33.990360,0.0015601607110953533,8.564100310137386e-05,0.006202784287383258
blog_article,Le prix moyen d’une pompe à chaleur air-air est compris,estimation_construction,,,6500.0,5000.0,8000.0,TND,unité,,,Tunis,SM Devis (source blog),True,Fourchette estimée : 5000.0 – 8000.0 DT/unité,"https://www.sm-devis.tn/prix-pompes-a-chaleur-tunisie/#:~:text=Prix%20des%20pompes%20%C3%A0%20chaleur%20Tunisie,que%20des%20caract%C3%A9ristiques%20du%20logement./",2026-04-05 09:41:53.958286,0.009000873911592279,0.0009429942169686518,0.027582183098688685
blog_article,"ve à 10 125dt TTC, pour une fourchette moyenne comprise entre 7 395dt et 12 856dt TTC et des coûts minimums et maximums",estimation_construction,,,12256.0,7512.0,17000.0,TND,unité,,,Tunis,SM Devis (source blog),True,Fourchette estimée : 7512.0 – 17000.0 DT/unité,"https://www.sm-devis.tn/prix-pompes-a-chaleur-tunisie/#:~:text=Prix%20des%20pompes%20%C3%A0%20chaleur%20Tunisie,que%20des%20caract%C3%A9ristiques%20du%20logement./",2026-04-05 09:41:53.958286,0.01697272038568447,0.001416849282586826,0.05861679427639011
blog_article,"En moyenne, le prix moyen d’une PAC s’élève à 10 125dt TTC, pour une fourchette moyenne comprise",estimation_construction,,,10125.5,7395.0,12856.0,TND,unité,,,Tunis,SM Devis (source blog),True,Fourchette estimée : 7395.0 – 12856.0 DT/unité,"https://www.sm-devis.tn/prix-pompes-a-chaleur-tunisie/#:~:text=Prix%20des%20pompes%20%C3%A0%20chaleur%20Tunisie,que%20des%20caract%C3%A9ristiques%20du%20logement./",2026-04-05 09:41:53.958286,0.01402205691920542,0.001394778803814005,0.04432707997412403
blog_article,« de l’ordre,estimation_construction,,,3.5,3.0,4.0,TND,unité,,,Tunis,SM Devis (source blog),True,Fourchette estimée : 3.0 – 4.0 DT/unité,"https://www.sm-devis.tn/prix-pompes-a-chaleur-tunisie/#:~:text=Prix%20des%20pompes%20%C3%A0%20chaleur%20Tunisie,que%20des%20caract%C3%A9ristiques%20du%20logement./",2026-04-05 09:41:53.958286,3.4624072594215563e-06,3.772731414157439e-07,9.655212366395999e-06
blog_article,"ème, du type de pompe choisi ainsi que des caractéristiques du logement. Le coût pompe à chaleur est en moyenne compris",estimation_construction,,,8250.0,5000.0,11500.0,TND,unité,,,Tunis,SM Devis (source blog),True,Fourchette estimée : 5000.0 – 11500.0 DT/unité,"https://www.sm-devis.tn/prix-pompes-a-chaleur-tunisie/#:~:text=Prix%20des%20pompes%20%C3%A0%20chaleur%20Tunisie,que%20des%20caract%C3%A9ristiques%20du%20logement./",2026-04-05 09:41:53.958286,0.011424558993187367,0.0009429942169686518,0.039651198556683684
blog_article,Le prix d’une pompe à chaleur en Tunisie varie,estimation_construction,,,2900.0,1800.0,4000.0,TND,unité,,,Tunis,SM Devis (source blog),True,Fourchette estimée : 1800.0 – 4000.0 DT/unité,"https://www.sm-devis.tn/prix-pompes-a-chaleur-tunisie/#:~:text=Prix%20des%20pompes%20%C3%A0%20chaleur%20Tunisie,que%20des%20caract%C3%A9ristiques%20du%20logement./",2026-04-05 09:41:53.957286,0.004015007458025237,0.00033935719070346163,0.01378902257526583
blog_article,Porte-fenêtre 1 vantail,estimation_construction,,,1062.5,525.0,1600.0,TND,unité,,,Tunis,SM Devis (source blog),True,Fourchette estimée : 525.0 – 1600.0 DT/unité,https://www.sm-devis.tn/tarifs-pose-fenetre-alu-pvc-bois-tunis/,2026-04-05 09:42:33.990360,0.0014701381223503928,9.884556305092489e-05,0.0055131262612121154
blog_article,Tarifs d’une fenêtre en alu à 2 vantaux de taille standard à Tunis,estimation_construction,,,1090.0,680.0,1500.0,TND,unité,,,Tunis,SM Devis (source blog),True,Tarifs d’une fenêtre en alu à 2 vantaux de taille standard à Tunis : entre 680 dt et 1 500 dt,https://www.sm-devis.tn/tarifs-pose-fenetre-alu-pvc-bois-tunis/,2026-04-05 09:42:33.986360,0.00150822460220403,0.00012808423151064503,0.005168297248126544
blog_article,Chauffe-eau électrique,estimation_construction,,,975.0,,,TND,unité,,,Tunis,SM Devis (source blog),True,Chauffe-eau électrique,https://www.sm-devis.tn/prixchaudiere-chauffe-eau-ballon-deau-chaude-tunis/,2026-04-05 09:42:28.819391,0.0013489538682706383,,
blog_article,Prix cuisine « Premium » Tunis,estimation_construction,,,6300.0,,,TND,unité,,,Tunis,SM Devis (source blog),True,Prix cuisine « Premium » Tunis,https://www.sm-devis.tn/prix-pose-cuisine-et-salle-de-bain-tunis/,2026-04-05 09:41:59.193857,0.008723881330838554,,
blog_article,Prix finition avec joints,estimation_construction,,,45.0,36.0,54.0,TND,unité,,,Tunis,SM Devis (source blog),True,Fourchette estimée : 36.0 – 54.0 DT/unité,https://www.sm-devis.tn/prix-pose-placoplatre-au-m2-tunis/,2026-04-05 09:42:09.506491,6.093836776581939e-05,6.602279974775518e-06,0.00018206971890918168
blog_article,36dt à 54dt,estimation_construction,,,15.0,9.0,21.0,TND,unité,,,Tunis,SM Devis (source blog),True,Fourchette estimée : 9.0 – 21.0 DT/unité,https://www.sm-devis.tn/prix-pose-placoplatre-au-m2-tunis/,2026-04-05 09:42:09.506491,1.9389480652760716e-05,1.5090925656629756e-06,6.827614459094314e-05
blog_article,Prix finition enduit et lissage,estimation_construction,,,46.5,36.0,57.0,TND,unité,,,Tunis,SM Devis (source blog),True,Fourchette estimée : 36.0 – 57.0 DT/unité,https://www.sm-devis.tn/prix-pose-placoplatre-au-m2-tunis/,2026-04-05 09:42:09.506491,6.301581212147233e-05,6.602279974775518e-06,0.00019241458930174883
blog_article,36dt à 57dt,estimation_construction,,,51.5,33.0,70.0,TND,unité,,,Tunis,SM Devis (source blog),True,Fourchette estimée : 33.0 – 70.0 DT/unité,https://www.sm-devis.tn/prix-pose-placoplatre-au-m2-tunis/,2026-04-05 09:42:09.506491,6.994062664031544e-05,6.036370262651902e-06,0.0002372423610028731
blog_article,Tarifs placoplatre ignifuge (anti-feu) ou hydrofuge (anti-humidité),estimation_construction,,,34.5,18.0,51.0,TND,m,,,Tunis,SM Devis (source blog),True,Fourchette estimée : 18.0 – 51.0 DT/m,https://www.sm-devis.tn/prix-pose-placoplatre-au-m2-tunis/,2026-04-05 09:42:09.506491,4.6396257276248856e-05,3.206821702033823e-06,0.00017172484851661455
blog_article,Tarifs placoplatre isolant,estimation_construction,,,55.5,33.0,78.0,TND,m,,,Tunis,SM Devis (source blog),True,Fourchette estimée : 33.0 – 78.0 DT/m,https://www.sm-devis.tn/prix-pose-placoplatre-au-m2-tunis/,2026-04-05 09:42:09.506491,7.548047825538992e-05,6.036370262651902e-06,0.00026482868204971883
blog_article,Plancher chauffant électrique,estimation_construction,,,50600.0,,,TND,unité,,,Tunis,SM Devis (source blog),True,,https://www.sm-devis.tn/prix-pose-plancher-chauffant-eau-chaude-en-tunisie/,2026-04-05 09:42:11.010957,0.07007773796778853,,
blog_article,Plancher chauffant hydraulique,estimation_construction,,,40300.0,,,TND,unité,,,Tunis,SM Devis (source blog),True,,https://www.sm-devis.tn/prix-pose-plancher-chauffant-eau-chaude-en-tunisie/,2026-04-05 09:42:11.010957,0.055812620058971724,,
blog_article,Le prix d’un  plancher chauffant (eau chaude)Tunisie varie,estimation_construction,,,325.0,50.0,600.0,TND,M,,,Tunis,SM Devis (source blog),True,Fourchette estimée : 50.0 – 600.0 DT/M,https://www.sm-devis.tn/prix-pose-plancher-chauffant-eau-chaude-en-tunisie/,2026-04-05 09:42:11.014126,0.0004487279808210337,9.243191964685726e-06,0.0020648361303564015
blog_article,Plancher chauffant hydraulique,estimation_construction,,,170.0,40.0,300.0,TND,unité,,,Tunis,SM Devis (source blog),True,Fourchette estimée : 40.0 – 300.0 DT/unité,https://www.sm-devis.tn/prix-pose-plancher-chauffant-eau-chaude-en-tunisie/,2026-04-05 09:42:11.014126,0.00023405873073689722,7.356826257607005e-06,0.0010303490910996873
blog_article,condensation fioul Tunis,estimation_construction,,,3.1,,,TND,unité,,,Tunis,SM Devis (source blog),True,,https://www.sm-devis.tn/prix-pose-remplacement-chauffage-tunis/,2026-04-05 09:42:12.267198,2.9084220979141073e-06,,
blog_article,condensation gaz Tunis,estimation_construction,,,4.1,,,TND,unité,,,Tunis,SM Devis (source blog),True,,https://www.sm-devis.tn/prix-pose-remplacement-chauffage-tunis/,2026-04-05 09:42:12.268112,4.293385001682729e-06,,
blog_article,condensation gaz + chauffe eau solaire  Tunis,estimation_construction,,,6.2,,,TND,unité,,,Tunis,SM Devis (source blog),True,,https://www.sm-devis.tn/prix-pose-remplacement-chauffage-tunis/,2026-04-05 09:42:12.268112,7.201807099596838e-06,,
blog_article,convecteur + chauffe-eau thermodynamique ou chaudière électrique avec production eau chaude Tunis,estimation_construction,,,6.8,,,TND,unité,,,Tunis,SM Devis (source blog),True,,https://www.sm-devis.tn/prix-pose-remplacement-chauffage-tunis/,2026-04-05 09:42:12.268112,8.032784841858011e-06,,
blog_article,Remplacement d’une chaudière murale Tunis,estimation_construction,,,3700.0,3100.0,5000.0,TND,unité,,,Tunis,SM Devis (source blog),True,Remplacement d’une chaudière murale Tunis,https://www.sm-devis.tn/prix-pose-remplacement-chauffage-tunis/,2026-04-05 09:42:12.268112,0.005122977781040135,0.0005845847326236951,0.017237312706121544
blog_article,36dt à 57dt,estimation_construction,,,121.5,96.0,147.0,TND,unité,,,Tunis,SM Devis (source blog),True,Fourchette estimée : 96.0 – 147.0 DT/unité,https://www.sm-devis.tn/prix-pose-placoplatre-au-m2-tunis/,2026-04-05 09:42:09.506491,0.00016688802990411902,1.7920474217247835e-05,0.0005027607010787632
blog_article,Remplacement d’une chaudière au sol Tunis,estimation_construction,,,5900.0,4300.0,8000.0,TND,unité,,,Tunis,SM Devis (source blog),True,Remplacement d’une chaudière au sol Tunis,https://www.sm-devis.tn/prix-pose-remplacement-chauffage-tunis/,2026-04-05 09:42:12.268112,0.008169896169331104,0.0008109486174731414,0.027582183098688685
blog_article,Prix placo pliable,estimation_construction,,,46.5,36.0,57.0,TND,unité,,,Tunis,SM Devis (source blog),True,Fourchette estimée : 36.0 – 57.0 DT/unité,https://www.sm-devis.tn/prix-pose-placoplatre-au-m2-tunis/,2026-04-05 09:42:09.506491,6.301581212147233e-05,6.602279974775518e-06,0.00019241458930174883
blog_article,Prix placo doublé d’un isolant,estimation_construction,,,64.0,29.0,99.0,TND,unité,,,Tunis,SM Devis (source blog),True,Fourchette estimée : 29.0 – 99.0 DT/unité,https://www.sm-devis.tn/prix-pose-placoplatre-au-m2-tunis/,2026-04-05 09:42:09.506491,8.725266293742322e-05,5.281823979820414e-06,0.0003372427747976888
blog_article,Prix placo doublé d’un isolant,estimation_construction,,,29.0,,,TND,unité,,,Tunis,SM Devis (source blog),True,29dt à 99dt | 78dt à 189dt,https://www.sm-devis.tn/prix-pose-placoplatre-au-m2-tunis/,2026-04-05 09:42:09.501490,3.877896130552143e-05,,
blog_article,Prix placo pliable,estimation_construction,,,36.0,,,TND,unité,,,Tunis,SM Devis (source blog),True,36dt à 57dt | 96dt à 147dt,https://www.sm-devis.tn/prix-pose-placoplatre-au-m2-tunis/,2026-04-05 09:42:09.501490,4.847370163190179e-05,,
blog_article,Prix finition avec joints,estimation_construction,,,36.0,,,TND,unité,,,Tunis,SM Devis (source blog),True,36dt à 54dt | 9dt à 21dt,https://www.sm-devis.tn/prix-pose-placoplatre-au-m2-tunis/,2026-04-05 09:42:09.501490,4.847370163190179e-05,,
blog_article,Prix finition enduit et lissage,estimation_construction,,,36.0,,,TND,unité,,,Tunis,SM Devis (source blog),True,36dt à 57dt | 33dt  à 70dt,https://www.sm-devis.tn/prix-pose-placoplatre-au-m2-tunis/,2026-04-05 09:42:09.501490,4.847370163190179e-05,,
blog_article,Tarifs placoplatre standard ou BA13,estimation_construction,,,21302.0,,,TND,m²,,,Tunis,SM Devis (source blog),True,,https://www.sm-devis.tn/prix-pose-placoplatre-au-m2-tunis/,2026-04-05 09:42:09.501490,0.02950109481317543,,
blog_article,Tarifs placoplatre ignifuge (anti-feu) ou hydrofuge (anti-humidité),estimation_construction,,,18512.0,,,TND,m²,,,Tunis,SM Devis (source blog),True,,https://www.sm-devis.tn/prix-pose-placoplatre-au-m2-tunis/,2026-04-05 09:42:09.502485,0.025637048311660974,,
blog_article,Tarifs placoplatre isolant,estimation_construction,,,33782.0,,,TND,m²,,,Tunis,SM Devis (source blog),True,,https://www.sm-devis.tn/prix-pose-placoplatre-au-m2-tunis/,2026-04-05 09:42:09.502485,0.04678543185220784,,
blog_article,en Tunisie varie entre 30 dt/m,estimation_construction,,,40.0,2.0,78.0,TND,m,,,Tunis,SM Devis (source blog),True,Fourchette estimée : 2.0 – 78.0 DT/m,https://www.sm-devis.tn/prix-pose-placoplatre-au-m2-tunis/,2026-04-05 09:42:09.505486,5.401355324697628e-05,1.8863657070787194e-07,0.00026482868204971883
blog_article,Prix placo standard BA13 (Type A),estimation_construction,,,63.0,45.0,81.0,TND,unité,,,Tunis,SM Devis (source blog),True,Fourchette estimée : 45.0 – 81.0 DT/unité,https://www.sm-devis.tn/prix-pose-placoplatre-au-m2-tunis/,2026-04-05 09:42:09.505486,8.58677000336546e-05,8.300009111146365e-06,0.00027517355244228596
blog_article,45dt à 81dt,estimation_construction,,,85.5,57.0,114.0,TND,unité,,,Tunis,SM Devis (source blog),True,Fourchette estimée : 57.0 – 114.0 DT/unité,https://www.sm-devis.tn/prix-pose-placoplatre-au-m2-tunis/,2026-04-05 09:42:09.506491,0.00011702936536844861,1.0563647959640828e-05,0.00038896712676052454
blog_article,36dt à 36dt,estimation_construction,,,100.5,66.0,135.0,TND,unité,,,Tunis,SM Devis (source blog),True,Fourchette estimée : 66.0 – 135.0 DT/unité,https://www.sm-devis.tn/prix-pose-placoplatre-au-m2-tunis/,2026-04-05 09:42:09.506491,0.00013780380892497795,1.2261377096011675e-05,0.00046138121950849457
blog_article,Prix placo ignifugé (Type F),estimation_construction,,,45.0,21.0,69.0,TND,unité,,,Tunis,SM Devis (source blog),True,Fourchette estimée : 21.0 – 69.0 DT/unité,https://www.sm-devis.tn/prix-pose-placoplatre-au-m2-tunis/,2026-04-05 09:42:09.506491,6.093836776581939e-05,3.7727314141574386e-06,0.0002337940708720174
blog_article,21dt à 69dt,estimation_construction,,,118.5,78.0,159.0,TND,unité,,,Tunis,SM Devis (source blog),True,Fourchette estimée : 78.0 – 159.0 DT/unité,https://www.sm-devis.tn/prix-pose-placoplatre-au-m2-tunis/,2026-04-05 09:42:09.506491,0.00016273314119281314,1.452501594450614e-05,0.0005441401826490317
blog_article,Prix placo renforcé (Type I),estimation_construction,,,38.5,29.0,48.0,TND,unité,,,Tunis,SM Devis (source blog),True,Fourchette estimée : 29.0 – 48.0 DT/unité,https://www.sm-devis.tn/prix-pose-placoplatre-au-m2-tunis/,2026-04-05 09:42:09.506491,5.1936108891323346e-05,5.281823979820414e-06,0.0001613799781240474
blog_article,29dt à 48dt,estimation_construction,,,116.0,78.0,154.0,TND,unité,,,Tunis,SM Devis (source blog),True,Fourchette estimée : 78.0 – 154.0 DT/unité,https://www.sm-devis.tn/prix-pose-placoplatre-au-m2-tunis/,2026-04-05 09:42:09.506491,0.00015927073393339158,1.452501594450614e-05,0.0005268987319947532
blog_article,29dt à 99dt,estimation_construction,,,133.5,78.0,189.0,TND,unité,,,Tunis,SM Devis (source blog),True,Fourchette estimée : 78.0 – 189.0 DT/unité,https://www.sm-devis.tn/prix-pose-placoplatre-au-m2-tunis/,2026-04-05 09:42:09.506491,0.0001835075847493425,1.452501594450614e-05,0.0006475888865747031
blog_article,Remplacement pour un modèle neuf à condensation gaz ou fioul Tunis,estimation_construction,,,5000.0,4200.0,9000.0,TND,unité,,,Tunis,SM Devis (source blog),True,Remplacement pour un modèle neuf à condensation gaz ou fioul Tunis,https://www.sm-devis.tn/prix-pose-remplacement-chauffage-tunis/,2026-04-05 09:42:12.268112,0.006923429555939344,0.0007920849604023543,0.031030473229544397
blog_article,chaudière Tunisie varie entre en moyenne,estimation_construction,,,4750.0,1500.0,8000.0,TND,unité,,,Tunis,SM Devis (source blog),True,Fourchette estimée : 1500.0 – 8000.0 DT/unité,https://www.sm-devis.tn/prix-pose-remplacement-chauffage-tunis/,2026-04-05 09:42:12.272196,0.0065771888299971885,0.00028276621949110004,0.027582183098688685
blog_article,mplacement d’une vieille chaudière en Tunisie  de plus de 10 ans par un modèle neuf à condensation gaz ou fioul coûtera,estimation_construction,,,4750.0,1500.0,8000.0,TND,unité,,,Tunis,SM Devis (source blog),True,Fourchette estimée : 1500.0 – 8000.0 DT/unité,https://www.sm-devis.tn/prix-pose-remplacement-chauffage-tunis/,2026-04-05 09:42:12.272196,0.0065771888299971885,0.00028276621949110004,0.027582183098688685
blog_article,Le prix d’un installation Télésurveillance Tunisie varie entre en moyenne,estimation_construction,,,1100.0,200.0,2000.0,TND,unité,,,Tunis,SM Devis (source blog),True,Fourchette estimée : 200.0 – 2000.0 DT/unité,https://www.sm-devis.tn/prix-pose-telesurveillance-tunis/,2026-04-05 09:42:19.766283,0.001522074231241716,3.753867757086651e-05,0.006892442313554401
blog_article,Télésurveillance autonome,estimation_construction,,,1200.0,300.0,2100.0,TND,unité,,,Tunis,SM Devis (source blog),True,Fourchette estimée : 300.0 – 2100.0 DT/unité,https://www.sm-devis.tn/prix-pose-telesurveillance-tunis/,2026-04-05 09:42:19.766283,0.0016605705216185785,5.640233464165371e-05,0.007237271326639973
blog_article,Télésurveillance standard,estimation_construction,,,26.0,17.0,35.0,TND,mois,,,Tunis,SM Devis (source blog),True,Fourchette estimée : 17.0 – 35.0 DT/mois,https://www.sm-devis.tn/prix-pose-telesurveillance-tunis/,2026-04-05 09:42:19.767288,3.4624072594215564e-05,3.018185131325951e-06,0.00011655220642292313
blog_article,Chauffe-eau à gaz,estimation_construction,,,1140.0,380.0,1900.0,TND,unité,,,Tunis,SM Devis (source blog),True,Fourchette estimée : 380.0 – 1900.0 DT/unité,https://www.sm-devis.tn/prixchaudiere-chauffe-eau-ballon-deau-chaude-tunis/,2026-04-05 09:42:28.827379,0.0015774727473924612,7.149326029828346e-05,0.006547613300468829
blog_article,Chauffe-eau thermodynamique,estimation_construction,,,2550.0,1200.0,3900.0,TND,unité,,,Tunis,SM Devis (source blog),True,Fourchette estimée : 1200.0 – 3900.0 DT/unité,https://www.sm-devis.tn/prixchaudiere-chauffe-eau-ballon-deau-chaude-tunis/,2026-04-05 09:42:28.827379,0.0035302704417062188,0.00022617524827873845,0.013444193562180259
blog_article,Télésurveillance haut de gamme,estimation_construction,,,186.0,58.0,314.0,TND,mois,,,Tunis,SM Devis (source blog),True,Fourchette estimée : 58.0 – 314.0 DT/mois,https://www.sm-devis.tn/prix-pose-telesurveillance-tunis/,2026-04-05 09:42:19.767288,0.0002562181371971952,1.07522845303487e-05,0.0010786251529316675
blog_article,Vidéosurveillance,estimation_construction,,,132.0,19.0,245.0,TND,mois,,,Tunis,SM Devis (source blog),True,Fourchette estimée : 19.0 – 245.0 DT/mois,https://www.sm-devis.tn/prix-pose-telesurveillance-tunis/,2026-04-05 09:42:19.767288,0.00018143014039368954,3.395458272741695e-06,0.0008406931339026231
blog_article,Télésurveillance factice,estimation_construction,,,25.5,6.0,45.0,TND,unité,,,Tunis,SM Devis (source blog),True,Fourchette estimée : 6.0 – 45.0 DT/unité,https://www.sm-devis.tn/prix-pose-telesurveillance-tunis/,2026-04-05 09:42:19.767288,3.393159114233125e-05,9.431828535393596e-07,0.00015103510773148025
blog_article,Chauffe-eau électrique,estimation_construction,,,975.0,350.0,1600.0,TND,unité,,,Tunis,SM Devis (source blog),True,Fourchette estimée : 350.0 – 1600.0 DT/unité,https://www.sm-devis.tn/prixchaudiere-chauffe-eau-ballon-deau-chaude-tunis/,2026-04-05 09:42:28.827379,0.0013489538682706383,6.583416317704731e-05,0.0055131262612121154
blog_article,Tunisie varie entre en moyenne,estimation_construction,,,2175.0,350.0,4000.0,TND,unité,,,Tunis,SM Devis (source blog),True,Fourchette estimée : 350.0 – 4000.0 DT/unité,https://www.sm-devis.tn/prixchaudiere-chauffe-eau-ballon-deau-chaude-tunis/,2026-04-05 09:42:28.827379,0.0030109093527929853,6.583416317704731e-05,0.01378902257526583
blog_article,Chauffe-eau instantané,estimation_construction,,,120600.0,,,TND,unité,,,Tunis,SM Devis (source blog),True,Chauffe-eau instantané,https://www.sm-devis.tn/prixchaudiere-chauffe-eau-ballon-deau-chaude-tunis/,2026-04-05 09:42:28.819391,0.16702514123159212,,
blog_article,Chauffe-eau solaire,estimation_construction,,,4100.0,,,TND,unité,,,Tunis,SM Devis (source blog),True,Chauffe-eau solaire,https://www.sm-devis.tn/prixchaudiere-chauffe-eau-ballon-deau-chaude-tunis/,2026-04-05 09:42:28.819391,0.005676962942547584,,
blog_article,Chauffe-eau gaz à accumulation,estimation_construction,,,1650.0,,,TND,unité,,,Tunis,SM Devis (source blog),True,Chauffe-eau gaz à accumulation,https://www.sm-devis.tn/prixchaudiere-chauffe-eau-ballon-deau-chaude-tunis/,2026-04-05 09:42:28.819391,0.0022838038283144587,,
blog_article,Chauffe-eau à gaz,estimation_construction,,,1140.0,,,TND,unité,,,Tunis,SM Devis (source blog),True,Chauffe-eau à gaz,https://www.sm-devis.tn/prixchaudiere-chauffe-eau-ballon-deau-chaude-tunis/,2026-04-05 09:42:28.819391,0.0015774727473924612,,
blog_article,Chauffe-eau thermodynamique,estimation_construction,,,2550.0,,,TND,unité,,,Tunis,SM Devis (source blog),True,Chauffe-eau thermodynamique,https://www.sm-devis.tn/prixchaudiere-chauffe-eau-ballon-deau-chaude-tunis/,2026-04-05 09:42:28.819391,0.0035302704417062188,,
blog_article,Télésurveillance factice,estimation_construction,,,645.0,,,TND,unité,,,Tunis,SM Devis (source blog),True,,https://www.sm-devis.tn/prix-pose-telesurveillance-tunis/,2026-04-05 09:42:19.763305,0.0008919161100269929,,
blog_article,Vidéosurveillance,estimation_construction,,,19245.0,,,TND,unité,,,Tunis,SM Devis (source blog),True,,https://www.sm-devis.tn/prix-pose-telesurveillance-tunis/,2026-04-05 09:42:19.763305,0.026652226120123374,,
blog_article,Télésurveillance haut de gamme,estimation_construction,,,58314.0,,,TND,unité,,,Tunis,SM Devis (source blog),True,,https://www.sm-devis.tn/prix-pose-telesurveillance-tunis/,2026-04-05 09:42:19.763305,0.08076134180745968,,
blog_article,Télésurveillance standard,estimation_construction,,,1735.0,,,TND,unité,,,Tunis,SM Devis (source blog),True,,https://www.sm-devis.tn/prix-pose-telesurveillance-tunis/,2026-04-05 09:42:19.763305,0.0024015256751347917,,
blog_article,Installation neuve alarme Tunis,estimation_construction,,,2300.0,130.0,10100.0,TND,unité,,,Tunis,SM Devis (source blog),True,,https://www.sm-devis.tn/prix-pose-reparation-dalarme-tunis/,2026-04-05 09:42:15.396777,0.003184029715764063,2.433411762131548e-05,0.03482359237348568
blog_article,Réparation simple alarme Tunis,estimation_construction,,,420.0,310.0,540.0,TND,unité,,,Tunis,SM Devis (source blog),True,,https://www.sm-devis.tn/prix-pose-reparation-dalarme-tunis/,2026-04-05 09:42:15.396777,0.0005802994566790528,5.8288700348732426e-05,0.0018579387225050586
blog_article,Remplacement d’une alarme Tunis,estimation_construction,,,1500.0,710.0,2600.0,TND,unité,,,Tunis,SM Devis (source blog),True,,https://www.sm-devis.tn/prix-pose-reparation-dalarme-tunis/,2026-04-05 09:42:15.397788,0.002076059392749165,0.0001337433286318812,0.00896141639206783
blog_article,Tunisie varie entre en moyenne,estimation_construction,,,4300.0,100.0,8500.0,TND,unité,,,Tunis,SM Devis (source blog),True,Fourchette estimée : 100.0 – 8500.0 DT/unité,https://www.sm-devis.tn/prix-pose-reparation-dalarme-tunis/,2026-04-05 09:42:15.402776,0.005953955523301308,1.8675020500079322e-05,0.02930632816411654
blog_article,Fenêtre ouvrant à la française 2 vantaux,estimation_construction,,,966.5,,,TND,unité,,,Tunis,SM Devis (source blog),True,,https://www.sm-devis.tn/tarifs-pose-fenetre-alu-pvc-bois-tunis/,2026-04-05 09:42:33.980364,0.001337181683588605,,
blog_article,Fenêtre ouvrant à la française 1 vantail,estimation_construction,,,330680.0,,,TND,unité,,,Tunis,SM Devis (source blog),True,,https://www.sm-devis.tn/tarifs-pose-fenetre-alu-pvc-bois-tunis/,2026-04-05 09:42:33.980364,0.45797814805530435,,
blog_article,Fenêtre châssis à soufflet 1 vantail,estimation_construction,,,340570.0,,,TND,unité,,,Tunis,SM Devis (source blog),True,,https://www.sm-devis.tn/tarifs-pose-fenetre-alu-pvc-bois-tunis/,2026-04-05 09:42:33.980364,0.471675431173576,,
blog_article,Prix placo renforcé (Type I),estimation_construction,,,29.0,,,TND,unité,,,Tunis,SM Devis (source blog),True,29dt à 48dt | 78dt à 154dt,https://www.sm-devis.tn/prix-pose-placoplatre-au-m2-tunis/,2026-04-05 09:42:09.501490,3.877896130552143e-05,,
blog_article,Porte-fenêtre 2 vantaux,estimation_construction,,,1127.5,,,TND,unité,,,Tunis,SM Devis (source blog),True,,https://www.sm-devis.tn/tarifs-pose-fenetre-alu-pvc-bois-tunis/,2026-04-05 09:42:33.980364,0.0015601607110953533,,
blog_article,Fenêtre ouvrant à la française 2 vantaux,estimation_construction,,,295990.0,,,TND,unité,,,Tunis,SM Devis (source blog),True,,https://www.sm-devis.tn/tarifs-pose-fenetre-alu-pvc-bois-tunis/,2026-04-05 09:42:33.980364,0.4099337849235708,,
blog_article,Fenêtre ouvrant à la française 1 vantail,estimation_construction,,,178530.0,,,TND,unité,,,Tunis,SM Devis (source blog),True,,https://www.sm-devis.tn/tarifs-pose-fenetre-alu-pvc-bois-tunis/,2026-04-05 09:42:33.980364,0.24725604224690842,,
blog_article,Fenêtre châssis à soufflet 1 vantail,estimation_construction,,,155559.0,,,TND,unité,,,Tunis,SM Devis (source blog),True,,https://www.sm-devis.tn/tarifs-pose-fenetre-alu-pvc-bois-tunis/,2026-04-05 09:42:33.979368,0.2154420593844394,,
blog_article,Chauffe-eau instantané,estimation_construction,,,360.0,120.0,600.0,TND,unité,,,Tunis,SM Devis (source blog),True,Fourchette estimée : 120.0 – 600.0 DT/unité,https://www.sm-devis.tn/prixchaudiere-chauffe-eau-ballon-deau-chaude-tunis/,2026-04-05 09:42:28.827379,0.0004972016824529355,2.244775191423676e-05,0.0020648361303564015
blog_article,Chauffe-eau solaire,estimation_construction,,,4100.0,1200.0,7000.0,TND,unité,,,Tunis,SM Devis (source blog),True,Fourchette estimée : 1200.0 – 7000.0 DT/unité,https://www.sm-devis.tn/prixchaudiere-chauffe-eau-ballon-deau-chaude-tunis/,2026-04-05 09:42:28.827379,0.005676962942547584,0.00022617524827873845,0.02413389296783297
blog_article,Chauffe-eau gaz à accumulation,estimation_construction,,,1650.0,600.0,2700.0,TND,unité,,,Tunis,SM Devis (source blog),True,Fourchette estimée : 600.0 – 2700.0 DT/unité,https://www.sm-devis.tn/prixchaudiere-chauffe-eau-ballon-deau-chaude-tunis/,2026-04-05 09:42:28.827379,0.0022838038283144587,0.00011299330585401529,0.009306245405153402
blog_article,Télésurveillance autonome,estimation_construction,,,1200.0,,,TND,unité,,,Tunis,SM Devis (source blog),True,,https://www.sm-devis.tn/prix-pose-telesurveillance-tunis/,2026-04-05 09:42:19.763305,0.0016605705216185785,,
blog_article,Porte-fenêtre 1 vantail,estimation_construction,,,789.0,,,TND,unité,,,Tunis,SM Devis (source blog),True,,https://www.sm-devis.tn/tarifs-pose-fenetre-alu-pvc-bois-tunis/,2026-04-05 09:42:33.980364,0.0010913507681696746,,
blog_article,Prix cuisine « Classique » Tunis,estimation_construction,,,2750.0,,,TND,unité,,,Tunis,SM Devis (source blog),True,Prix cuisine « Classique » Tunis,https://www.sm-devis.tn/prix-pose-cuisine-et-salle-de-bain-tunis/,2026-04-05 09:41:59.193857,0.0038072630224599436,,
blog_article,Prix placo ignifugé (Type F),estimation_construction,,,21.0,,,TND,unité,,,Tunis,SM Devis (source blog),True,21dt à 69dt | 78dt à 159dt,https://www.sm-devis.tn/prix-pose-placoplatre-au-m2-tunis/,2026-04-05 09:42:09.500483,2.769925807537245e-05,,
blog_article,Prix placo standard BA13 (Type A),estimation_construction,,,13.0,,,TND,unité,,,Tunis,SM Devis (source blog),True,45dt à 81dt | 57dt à 114dt,https://www.sm-devis.tn/prix-pose-placoplatre-au-m2-tunis/,2026-04-05 09:42:09.500483,1.661955484522347e-05,,
blog_article,100 x 215 cm,estimation_construction,,,1400.0,1300.0,1500.0,TND,unité,,,Tunis,SM Devis (source blog),True,Fourchette estimée : 1300.0 – 1500.0 DT/unité,https://www.sm-devis.tn/prix-pose-fenetre-porte-et-veranda-tunis/,2026-04-05 09:42:02.521877,0.001937563102372303,0.00024503890534952565,0.005168297248126544
blog_article,Entre 1300 dt et 1500 dt,estimation_construction,,,1550.0,1500.0,1600.0,TND,unité,,,Tunis,SM Devis (source blog),True,Fourchette estimée : 1500.0 – 1600.0 DT/unité,https://www.sm-devis.tn/prix-pose-fenetre-porte-et-veranda-tunis/,2026-04-05 09:42:02.521877,0.0021453075379375963,0.00028276621949110004,0.0055131262612121154
blog_article,110 x 215 cm,estimation_construction,,,1700.0,1600.0,1800.0,TND,unité,,,Tunis,SM Devis (source blog),True,Fourchette estimée : 1600.0 – 1800.0 DT/unité,https://www.sm-devis.tn/prix-pose-fenetre-porte-et-veranda-tunis/,2026-04-05 09:42:02.521877,0.0023530519735028895,0.00030162987656188724,0.006202784287383258
blog_article,Entre 1600 dt et 1800 dt,estimation_construction,,,1750.0,1600.0,1900.0,TND,unité,,,Tunis,SM Devis (source blog),True,Fourchette estimée : 1600.0 – 1900.0 DT/unité,https://www.sm-devis.tn/prix-pose-fenetre-porte-et-veranda-tunis/,2026-04-05 09:42:02.521877,0.0024223001186913207,0.00030162987656188724,0.006547613300468829
blog_article,100 x 235 cm,estimation_construction,,,1300.0,1200.0,1400.0,TND,unité,,,Tunis,SM Devis (source blog),True,Fourchette estimée : 1200.0 – 1400.0 DT/unité,https://www.sm-devis.tn/prix-pose-fenetre-porte-et-veranda-tunis/,2026-04-05 09:42:02.521877,0.0017990668119954407,0.00022617524827873845,0.004823468235040973
blog_article,Entre 1200 dt et  1400 dt,estimation_construction,,,1650.0,1600.0,1700.0,TND,unité,,,Tunis,SM Devis (source blog),True,Fourchette estimée : 1600.0 – 1700.0 DT/unité,https://www.sm-devis.tn/prix-pose-fenetre-porte-et-veranda-tunis/,2026-04-05 09:42:02.521877,0.0022838038283144587,0.00030162987656188724,0.005857955274297687
blog_article,110 x 235 cm,estimation_construction,,,1650.0,1500.0,1800.0,TND,unité,,,Tunis,SM Devis (source blog),True,Fourchette estimée : 1500.0 – 1800.0 DT/unité,https://www.sm-devis.tn/prix-pose-fenetre-porte-et-veranda-tunis/,2026-04-05 09:42:02.521877,0.0022838038283144587,0.00028276621949110004,0.006202784287383258
blog_article,Entre 1500 dt  et 1800 dt,estimation_construction,,,1875.0,1800.0,1950.0,TND,unité,,,Tunis,SM Devis (source blog),True,Fourchette estimée : 1800.0 – 1950.0 DT/unité,https://www.sm-devis.tn/prix-pose-fenetre-porte-et-veranda-tunis/,2026-04-05 09:42:02.521877,0.0025954204816623985,0.00033935719070346163,0.0067200278070116155
blog_article,Fenêtre PVC  Tunis 1 vantail (45 x 60),estimation_construction,,,175290.0,,,TND,unité,,,Tunis,SM Devis (source blog),True,240dt à 580dt,https://www.sm-devis.tn/prix-pose-installation-menuiserie-alu-tunis/,2026-04-05 09:42:03.934859,0.24276876243869808,,
blog_article,Fenêtre PVC Tunis 1 vantail (60 x 60),estimation_construction,,,154390.0,,,TND,unité,,,Tunis,SM Devis (source blog),True,330dt à 650€,https://www.sm-devis.tn/prix-pose-installation-menuiserie-alu-tunis/,2026-04-05 09:42:03.934859,0.21382303774993386,,
blog_article,Fenêtre PVC Tunis 1 vantail (75 x 60),estimation_construction,,,177339.0,,,TND,unité,,,Tunis,SM Devis (source blog),True,250dt à 590dt,https://www.sm-devis.tn/prix-pose-installation-menuiserie-alu-tunis/,2026-04-05 09:42:03.934859,0.24560655142851998,,
blog_article,Fenêtre PVC Tunis 1 vantail (95 x 60),estimation_construction,,,199440.0,,,TND,unité,,,Tunis,SM Devis (source blog),True,250dt à 670dt,https://www.sm-devis.tn/prix-pose-installation-menuiserie-alu-tunis/,2026-04-05 09:42:03.934859,0.27621561656471033,,
blog_article,Fenêtre PVC Tunis 2 vantaux (75 x 100),estimation_construction,,,250570.0,,,TND,unité,,,Tunis,SM Devis (source blog),True,370dt à 890€,https://www.sm-devis.tn/prix-pose-installation-menuiserie-alu-tunis/,2026-04-05 09:42:03.934859,0.3470287698344,,
blog_article,Fenêtre PVC Tunis 2 vantaux (125 x 100),estimation_construction,,,240670.0,,,TND,unité,,,Tunis,SM Devis (source blog),True,440dt à 960dt,https://www.sm-devis.tn/prix-pose-installation-menuiserie-alu-tunis/,2026-04-05 09:42:03.934859,0.3333176370870906,,
blog_article,Fenêtre PVC Tunis 2 vantaux (135 x 100),estimation_construction,,,330750.0,,,TND,unité,,,Tunis,SM Devis (source blog),True,450dt à 990dt,https://www.sm-devis.tn/prix-pose-installation-menuiserie-alu-tunis/,2026-04-05 09:42:03.935859,0.4580750954585681,,
blog_article,le prix de pose d’une porte-fenêtre 1 vantail en alu Tunisie se situe,estimation_construction,,,1600.0,1300.0,1900.0,TND,unité,,,Tunis,SM Devis (source blog),True,Fourchette estimée : 1300.0 – 1900.0 DT/unité,https://www.sm-devis.tn/prix-pose-fenetre-porte-et-veranda-tunis/,2026-04-05 09:42:02.521877,0.0022145556831260275,0.00024503890534952565,0.006547613300468829
blog_article,Fenêtre PVC Tunis 2 vantaux (135 x 120),estimation_construction,,,370790.0,,,TND,unité,,,Tunis,SM Devis (source blog),True,520dt à 1300dt,https://www.sm-devis.tn/prix-pose-installation-menuiserie-alu-tunis/,2026-04-05 09:42:03.935859,0.5135290101254638,,
blog_article,en Tunisie varie,estimation_construction,,,1025.0,550.0,1500.0,TND,unité,,,Tunis,SM Devis (source blog),True,Fourchette estimée : 550.0 – 1500.0 DT/unité,https://www.sm-devis.tn/prix-pose-fenetre-porte-et-veranda-tunis/,2026-04-05 09:42:02.521877,0.0014182020134590695,0.00010356147731862169,0.005168297248126544
blog_article,215 ¹100cm,estimation_construction,,,364.0,233.0,495.0,TND,unité,,,Tunis,SM Devis (source blog),True,,https://www.sm-devis.tn/prix-pose-fenetre-porte-et-veranda-tunis/,2026-04-05 09:42:02.517877,0.00050274153406801,4.3763684404226286e-05,0.0017027656666165516
blog_article,Prix cuisine « Chef » Tunis,estimation_construction,,,12000.0,,,TND,unité,,,Tunis,SM Devis (source blog),True,Prix cuisine « Chef » Tunis,https://www.sm-devis.tn/prix-pose-cuisine-et-salle-de-bain-tunis/,2026-04-05 09:41:59.193857,0.016618169882319702,,
blog_article,Prix rafraîchissement de salle de bain Tunis,estimation_construction,,,550700.0,,,TND,unité,,,Tunis,SM Devis (source blog),True,Douche – Lavabo – Carrelage sol et mur – Peinture plafond,https://www.sm-devis.tn/prix-pose-cuisine-et-salle-de-bain-tunis/,2026-04-05 09:41:59.195287,0.7626976861424767,,
blog_article,Prix rénovation de salle de bain Tunis,estimation_construction,,,1005.0,,,TND,unité,,,Tunis,SM Devis (source blog),True,Transformation baignoire en douche – Lavabo – Carrelage sol et mur – Peinture plafond – WC – Petite plomberie,https://www.sm-devis.tn/prix-pose-cuisine-et-salle-de-bain-tunis/,2026-04-05 09:41:59.196293,0.001390502755383697,,
blog_article,Prix création salle de bain confort Tunis,estimation_construction,,,1900.0,,,TND,unité,,,Tunis,SM Devis (source blog),True,Douche à l’italienne – Double lavabo – Carrelage sol et mur – Peinture plafond – WC suspendu – Plomberie – Baignoire – Chauffage au sol,https://www.sm-devis.tn/prix-pose-cuisine-et-salle-de-bain-tunis/,2026-04-05 09:41:59.196293,0.0026300445542566143,,
blog_article,Cuisine  en Tunisie varie,estimation_construction,,,6600.0,1200.0,12000.0,TND,unité,,,Tunis,SM Devis (source blog),True,Fourchette estimée : 1200.0 – 12000.0 DT/unité,https://www.sm-devis.tn/prix-pose-cuisine-et-salle-de-bain-tunis/,2026-04-05 09:41:59.209166,0.00913937020196914,0.00022617524827873845,0.04137534362211154
blog_article,varie entre 550 dt/m,estimation_construction,,,1251.0,2.0,2500.0,TND,m,,,Tunis,SM Devis (source blog),True,Fourchette estimée : 2.0 – 2500.0 DT/m,https://www.sm-devis.tn/prix-pose-cuisine-et-salle-de-bain-tunis/,2026-04-05 09:41:59.210173,0.0017312036297107783,1.8863657070787194e-07,0.008616587378982259
blog_article,Prix cuisine « Classique » Tunis,estimation_construction,,,2750.0,1200.0,4300.0,TND,unité,,,Tunis,SM Devis (source blog),True,Fourchette estimée : 1200.0 – 4300.0 DT/unité,https://www.sm-devis.tn/prix-pose-cuisine-et-salle-de-bain-tunis/,2026-04-05 09:41:59.210173,0.0038072630224599436,0.00022617524827873845,0.014823509614522544
blog_article,Prix cuisine « Premium » Tunis,estimation_construction,,,6300.0,4300.0,8300.0,TND,unité,,,Tunis,SM Devis (source blog),True,Fourchette estimée : 4300.0 – 8300.0 DT/unité,https://www.sm-devis.tn/prix-pose-cuisine-et-salle-de-bain-tunis/,2026-04-05 09:41:59.210173,0.008723881330838554,0.0008109486174731414,0.0286166701379454
blog_article,Douche – Lavabo – Carrelage sol et mur – Peinture plafond,estimation_construction,,,625.0,550.0,700.0,TND,unité,,,Tunis,SM Devis (source blog),True,Fourchette estimée : 550.0 – 700.0 DT/unité,https://www.sm-devis.tn/prix-pose-cuisine-et-salle-de-bain-tunis/,2026-04-05 09:41:59.210173,0.0008642168519516205,0.00010356147731862169,0.0024096651434419728
blog_article,Transformation baignoire en douche – Lavabo – Carrelage sol et mur – Peinture plafond – WC – Petite plomberie,estimation_construction,,,1005.0,860.0,1150.0,TND,unité,,,Tunis,SM Devis (source blog),True,Fourchette estimée : 860.0 – 1150.0 DT/unité,https://www.sm-devis.tn/prix-pose-cuisine-et-salle-de-bain-tunis/,2026-04-05 09:41:59.210173,0.001390502755383697,0.000162038814238062,0.003961395702327044
blog_article,enne – Double lavabo – Carrelage sol et mur – Peinture plafond – WC suspendu – Plomberie – Baignoire – Chauffage au sol,estimation_construction,,,1900.0,1300.0,2500.0,TND,unité,,,Tunis,SM Devis (source blog),True,Fourchette estimée : 1300.0 – 2500.0 DT/unité,https://www.sm-devis.tn/prix-pose-cuisine-et-salle-de-bain-tunis/,2026-04-05 09:41:59.210173,0.0026300445542566143,0.00024503890534952565,0.008616587378982259
blog_article,100 x 215 cm,estimation_construction,,,100.0,,,TND,unité,,,Tunis,SM Devis (source blog),True,100 x 215 cm | Entre 1300 dt et 1500 dt | Entre 1500 dt et 1600 dt,https://www.sm-devis.tn/prix-pose-fenetre-porte-et-veranda-tunis/,2026-04-05 09:42:02.517877,0.00013711132747309363,,
blog_article,110 x 215 cm,estimation_construction,,,110.0,,,TND,unité,,,Tunis,SM Devis (source blog),True,110 x 215 cm | Entre 1600 dt et 1800 dt | Entre 1600 dt et 1900 dt,https://www.sm-devis.tn/prix-pose-fenetre-porte-et-veranda-tunis/,2026-04-05 09:42:02.517877,0.00015096095651077985,,
blog_article,100 x 235 cm,estimation_construction,,,100.0,,,TND,unité,,,Tunis,SM Devis (source blog),True,100 x 235 cm | Entre 1200 dt et  1400 dt | Entre 1600 dt et 1700 dt,https://www.sm-devis.tn/prix-pose-fenetre-porte-et-veranda-tunis/,2026-04-05 09:42:02.517877,0.00013711132747309363,,
blog_article,110 x 235 cm,estimation_construction,,,110.0,,,TND,unité,,,Tunis,SM Devis (source blog),True,110 x 235 cm | Entre 1500 dt  et 1800 dt | Entre 1800 dt et 1950 dt,https://www.sm-devis.tn/prix-pose-fenetre-porte-et-veranda-tunis/,2026-04-05 09:42:02.517877,0.00015096095651077985,,
blog_article,215 ¹120cm,estimation_construction,,,371.5,243.0,500.0,TND,unité,,,Tunis,SM Devis (source blog),True,,https://www.sm-devis.tn/prix-pose-fenetre-porte-et-veranda-tunis/,2026-04-05 09:42:02.518864,0.0005131287558462746,4.565005011130501e-05,0.0017200071172708302
blog_article,Fenêtre PVC Tunis Fixe (45 x 40),estimation_construction,,,153190.0,,,TND,unité,,,Tunis,SM Devis (source blog),True,320dt à 470dt,https://www.sm-devis.tn/prix-pose-installation-menuiserie-alu-tunis/,2026-04-05 09:42:03.935859,0.21216108226541153,,
blog_article,Fenêtre PVC Tunis Fixe (75 x 60),estimation_construction,,,199290.0,,,TND,unité,,,Tunis,SM Devis (source blog),True,244dt à 560€,https://www.sm-devis.tn/prix-pose-installation-menuiserie-alu-tunis/,2026-04-05 09:42:03.935859,0.276007872129145,,
blog_article,Fenêtre PVC Tunis Fixe (95 x 60),estimation_construction,,,250299.0,,,TND,unité,,,Tunis,SM Devis (source blog),True,380dt à 560dt,https://www.sm-devis.tn/prix-pose-installation-menuiserie-alu-tunis/,2026-04-05 09:42:03.935859,0.3466534448874787,,
blog_article,Fenêtre PVC Tunis Fixe (45 x 80),estimation_construction,,,215.0,190.0,240.0,TND,unité,,,Tunis,SM Devis (source blog),True,Fourchette estimée : 190.0 – 240.0 DT/unité,https://www.sm-devis.tn/prix-pose-installation-menuiserie-alu-tunis/,2026-04-05 09:42:03.941856,0.00029638206140648524,3.5652311863787795e-05,0.0008234516832483445
blog_article,190dt à 240dt,estimation_construction,,,415.0,340.0,490.0,TND,unité,,,Tunis,SM Devis (source blog),True,Fourchette estimée : 340.0 – 490.0 DT/unité,https://www.sm-devis.tn/prix-pose-installation-menuiserie-alu-tunis/,2026-04-05 09:42:03.941856,0.0005733746421602097,6.394779746996859e-05,0.0016855242159622731
blog_article,Fenêtre PVC Tunis Fixe (75 x 60),estimation_construction,,,244.5,199.0,290.0,TND,unité,,,Tunis,SM Devis (source blog),True,Fourchette estimée : 199.0 – 290.0 DT/unité,https://www.sm-devis.tn/prix-pose-installation-menuiserie-alu-tunis/,2026-04-05 09:42:03.941856,0.00033723846706765957,3.7350041000158645e-05,0.0009958661897911303
blog_article,199dt à 290dt,estimation_construction,,,402.0,244.0,560.0,TND,unité,,,Tunis,SM Devis (source blog),True,Fourchette estimée : 244.0 – 560.0 DT/unité,https://www.sm-devis.tn/prix-pose-installation-menuiserie-alu-tunis/,2026-04-05 09:42:03.941856,0.0005553701244112177,4.583868668201288e-05,0.0019269045251221729
blog_article,Fenêtre PVC Tunis Fixe (95 x 60),estimation_construction,,,274.5,250.0,299.0,TND,unité,,,Tunis,SM Devis (source blog),True,Fourchette estimée : 250.0 – 299.0 DT/unité,https://www.sm-devis.tn/prix-pose-installation-menuiserie-alu-tunis/,2026-04-05 09:42:03.941856,0.0003787873541807183,4.697050610626011e-05,0.0010269008009688317
blog_article,250dt à 299dt,estimation_construction,,,470.0,380.0,560.0,TND,unité,,,Tunis,SM Devis (source blog),True,Fourchette estimée : 380.0 – 560.0 DT/unité,https://www.sm-devis.tn/prix-pose-installation-menuiserie-alu-tunis/,2026-04-05 09:42:03.942857,0.000649547601867484,7.149326029828346e-05,0.0019269045251221729
blog_article,Fenêtre PVC Tunis Sur mesure,estimation_construction,,,724.0,148.0,1300.0,TND,unité,,,Tunis,SM Devis (source blog),True,Fourchette estimée : 148.0 – 1300.0 DT/unité,https://www.sm-devis.tn/prix-pose-installation-menuiserie-alu-tunis/,2026-04-05 09:42:03.942857,0.0010013281794247141,2.7729575894057175e-05,0.0044786392219554015
blog_article,148dt à 1300dt,estimation_construction,,,874.5,299.0,1450.0,TND,unité,,,Tunis,SM Devis (source blog),True,Fourchette estimée : 299.0 – 1450.0 DT/unité,https://www.sm-devis.tn/prix-pose-installation-menuiserie-alu-tunis/,2026-04-05 09:42:03.942857,0.0012097650964418918,5.6213698070945834e-05,0.004995882741583758
blog_article,Ouverture d’une porte classique Tunis,estimation_construction,,,80.0,70.0,90.0,TND,unité,,,Tunis,SM Devis (source blog),True,Fourchette : 70.0 – 90.0 DT/unité,https://www.sm-devis.tn/prix-pose-installation-serrurier-tunis/,2026-04-05 09:42:05.637875,0.00010941206939772119,1.3015923378843163e-05,0.0003062081636199874
blog_article,Ouverture d’une porte blindée ou haute sécurité Tunis,estimation_construction,,,105.0,60.0,150.0,TND,unité,,,Tunis,SM Devis (source blog),True,Fourchette : 60.0 – 150.0 DT/unité,https://www.sm-devis.tn/prix-pose-installation-serrurier-tunis/,2026-04-05 09:42:05.638886,0.00014403614199193674,1.1129557671764444e-05,0.0005131055714713302
blog_article,Remplacement total d’une serrure Tunis,estimation_construction,,,155.0,120.0,190.0,TND,unité,,,Tunis,SM Devis (source blog),True,Fourchette : 120.0 – 190.0 DT/unité,https://www.sm-devis.tn/prix-pose-installation-serrurier-tunis/,2026-04-05 09:42:05.638886,0.00021328428718036786,2.244775191423676e-05,0.0006510371767055589
blog_article,Remplacement d’une clé Tunis,estimation_construction,,,10.0,,,TND,unité,,,Tunis,SM Devis (source blog),True,Remplacement d’une clé Tunis  : de 10dt à plus de 90dt.,https://www.sm-devis.tn/prix-pose-installation-serrurier-tunis/,2026-04-05 09:42:05.638886,1.2464666133917603e-05,,
blog_article,Tunisie varie entre en moyenne,estimation_construction,,,150.0,50.0,250.0,TND,unité,,,Tunis,SM Devis (source blog),True,Fourchette estimée : 50.0 – 250.0 DT/unité,https://www.sm-devis.tn/prix-pose-installation-serrurier-tunis/,2026-04-05 09:42:05.640876,0.00020635947266152475,9.243191964685726e-06,0.0008579345845569017
blog_article,"Dans la très grande majorité des cas, l’intervention à domicile d’un serrurier à Tunis est facturée",estimation_construction,,,170.0,90.0,250.0,TND,unité,,,Tunis,SM Devis (source blog),True,Fourchette estimée : 90.0 – 250.0 DT/unité,https://www.sm-devis.tn/prix-pose-installation-serrurier-tunis/,2026-04-05 09:42:05.640876,0.00023405873073689722,1.6788654793000602e-05,0.0008579345845569017
blog_article,en Tunisie varie entre 90 dt/m,estimation_construction,,,176.0,2.0,350.0,TND,m,,,Tunis,SM Devis (source blog),True,Fourchette estimée : 2.0 – 350.0 DT/m,https://www.sm-devis.tn/prix-pose-jardin-terrasse-piscine-tunis/,2026-04-05 09:42:06.958085,0.00024236850815950896,1.8863657070787194e-07,0.0012027635976424732
blog_article,153dt à 190dt,estimation_construction,,,395.0,320.0,470.0,TND,unité,,,Tunis,SM Devis (source blog),True,Fourchette estimée : 320.0 – 470.0 DT/unité,https://www.sm-devis.tn/prix-pose-installation-menuiserie-alu-tunis/,2026-04-05 09:42:03.941856,0.0005456753840848373,6.017506605581115e-05,0.0016165584133451588
blog_article,Fenêtre PVC Tunis Fixe (45 x 40),estimation_construction,,,171.5,153.0,190.0,TND,unité,,,Tunis,SM Devis (source blog),True,Fourchette estimée : 153.0 – 190.0 DT/unité,https://www.sm-devis.tn/prix-pose-installation-menuiserie-alu-tunis/,2026-04-05 09:42:03.941856,0.00023613617509255015,2.8672758747596534e-05,0.0006510371767055589
blog_article,370dt à 790dt,estimation_construction,,,910.0,520.0,1300.0,TND,unité,,,Tunis,SM Devis (source blog),True,Fourchette estimée : 520.0 – 1300.0 DT/unité,https://www.sm-devis.tn/prix-pose-installation-menuiserie-alu-tunis/,2026-04-05 09:42:03.941856,0.0012589312795256778,9.790238019738554e-05,0.0044786392219554015
blog_article,Fenêtre PVC Tunis 2 vantaux (135 x 120),estimation_construction,,,580.0,370.0,790.0,TND,unité,,,Tunis,SM Devis (source blog),True,Fourchette estimée : 370.0 – 790.0 DT/unité,https://www.sm-devis.tn/prix-pose-installation-menuiserie-alu-tunis/,2026-04-05 09:42:03.941856,0.0008018935212820324,6.960689459120474e-05,0.002720011255218987
blog_article,Fenêtre PVC Tunis Sur mesure,estimation_construction,,,724.0,,,TND,unité,,,Tunis,SM Devis (source blog),True,299dt à 1450dt,https://www.sm-devis.tn/prix-pose-installation-menuiserie-alu-tunis/,2026-04-05 09:42:03.936857,0.0010013281794247141,,
blog_article,Tunisie varie entre en moyenne,estimation_construction,,,1237.5,175.0,2300.0,TND,unité,,,Tunis,SM Devis (source blog),True,Fourchette estimée : 175.0 – 2300.0 DT/unité,https://www.sm-devis.tn/prix-pose-installation-menuiserie-alu-tunis/,2026-04-05 09:42:03.941856,0.0017125066305099018,3.282276330316972e-05,0.007926929352811116
blog_article,Fenêtre PVC  Tunis 1 vantail (45 x 60),estimation_construction,,,232.5,175.0,290.0,TND,unité,,,Tunis,SM Devis (source blog),True,Fourchette estimée : 175.0 – 290.0 DT/unité,https://www.sm-devis.tn/prix-pose-installation-menuiserie-alu-tunis/,2026-04-05 09:42:03.941856,0.0003206189122224361,3.282276330316972e-05,0.0009958661897911303
blog_article,175dt à 290dt,estimation_construction,,,410.0,240.0,580.0,TND,unité,,,Tunis,SM Devis (source blog),True,Fourchette estimée : 240.0 – 580.0 DT/unité,https://www.sm-devis.tn/prix-pose-installation-menuiserie-alu-tunis/,2026-04-05 09:42:03.941856,0.0005664498276413666,4.5084140399181394e-05,0.001995870327739287
blog_article,Fenêtre PVC Tunis 1 vantail (60 x 60),estimation_construction,,,272.0,154.0,390.0,TND,unité,,,Tunis,SM Devis (source blog),True,Fourchette estimée : 154.0 – 390.0 DT/unité,https://www.sm-devis.tn/prix-pose-installation-menuiserie-alu-tunis/,2026-04-05 09:42:03.941856,0.0003753249469212967,2.8861395318304405e-05,0.0013406952028767016
blog_article,154dt à 390dt,estimation_construction,,,490.0,330.0,650.0,TND,unité,,,Tunis,SM Devis (source blog),True,Fourchette estimée : 330.0 – 650.0 DT/unité,https://www.sm-devis.tn/prix-pose-installation-menuiserie-alu-tunis/,2026-04-05 09:42:03.941856,0.0006772468599428565,6.206143176288987e-05,0.002237250636899187
blog_article,Fenêtre PVC Tunis 1 vantail (75 x 60),estimation_construction,,,258.0,177.0,339.0,TND,unité,,,Tunis,SM Devis (source blog),True,Fourchette estimée : 177.0 – 339.0 DT/unité,https://www.sm-devis.tn/prix-pose-installation-menuiserie-alu-tunis/,2026-04-05 09:42:03.941856,0.000355935466268536,3.320003644458546e-05,0.0011648324062030603
blog_article,Prix Placo hydrofuge (Type H),estimation_construction,,,36.0,,,TND,heure,,,Tunis,SM Devis (source blog),True,36dt à 36dt | 66dt à 135dt,https://www.sm-devis.tn/prix-pose-placoplatre-au-m2-tunis/,2026-04-05 09:42:09.500483,4.847370163190179e-05,,
blog_article,177dt à 339dt,estimation_construction,,,420.0,250.0,590.0,TND,unité,,,Tunis,SM Devis (source blog),True,Fourchette estimée : 250.0 – 590.0 DT/unité,https://www.sm-devis.tn/prix-pose-installation-menuiserie-alu-tunis/,2026-04-05 09:42:03.941856,0.0005802994566790528,4.697050610626011e-05,0.0020303532290478444
blog_article,199dt à 440dt,estimation_construction,,,460.0,250.0,670.0,TND,unité,,,Tunis,SM Devis (source blog),True,Fourchette estimée : 250.0 – 670.0 DT/unité,https://www.sm-devis.tn/prix-pose-installation-menuiserie-alu-tunis/,2026-04-05 09:42:03.941856,0.0006356979728297978,4.697050610626011e-05,0.002306216439516301
blog_article,Fenêtre PVC Tunis 2 vantaux (75 x 100),estimation_construction,,,410.0,250.0,570.0,TND,unité,,,Tunis,SM Devis (source blog),True,Fourchette estimée : 250.0 – 570.0 DT/unité,https://www.sm-devis.tn/prix-pose-installation-menuiserie-alu-tunis/,2026-04-05 09:42:03.941856,0.0005664498276413666,4.697050610626011e-05,0.00196138742643073
blog_article,250dt à 570dt,estimation_construction,,,630.0,370.0,890.0,TND,unité,,,Tunis,SM Devis (source blog),True,Fourchette estimée : 370.0 – 890.0 DT/unité,https://www.sm-devis.tn/prix-pose-installation-menuiserie-alu-tunis/,2026-04-05 09:42:03.941856,0.0008711416664704636,6.960689459120474e-05,0.0030648402683045584
blog_article,Fenêtre PVC Tunis 2 vantaux (125 x 100),estimation_construction,,,455.0,240.0,670.0,TND,unité,,,Tunis,SM Devis (source blog),True,Fourchette estimée : 240.0 – 670.0 DT/unité,https://www.sm-devis.tn/prix-pose-installation-menuiserie-alu-tunis/,2026-04-05 09:42:03.941856,0.0006287731583109546,4.5084140399181394e-05,0.002306216439516301
blog_article,240dt à 670dt,estimation_construction,,,700.0,440.0,960.0,TND,unité,,,Tunis,SM Devis (source blog),True,Fourchette estimée : 440.0 – 960.0 DT/unité,https://www.sm-devis.tn/prix-pose-installation-menuiserie-alu-tunis/,2026-04-05 09:42:03.941856,0.0009680890697342672,8.281145454075577e-05,0.0033062205774644585
blog_article,Fenêtre PVC Tunis 2 vantaux (135 x 100),estimation_construction,,,540.0,330.0,750.0,TND,unité,,,Tunis,SM Devis (source blog),True,Fourchette estimée : 330.0 – 750.0 DT/unité,https://www.sm-devis.tn/prix-pose-installation-menuiserie-alu-tunis/,2026-04-05 09:42:03.941856,0.0007464950051312876,6.206143176288987e-05,0.0025820796499847584
blog_article,330dt à 750dt,estimation_construction,,,720.0,450.0,990.0,TND,unité,,,Tunis,SM Devis (source blog),True,Fourchette estimée : 450.0 – 990.0 DT/unité,https://www.sm-devis.tn/prix-pose-installation-menuiserie-alu-tunis/,2026-04-05 09:42:03.941856,0.0009957883278096395,8.46978202478345e-05,0.0034096692813901297
blog_article,Fenêtre PVC Tunis 1 vantail (95 x 60),estimation_construction,,,319.5,199.0,440.0,TND,unité,,,Tunis,SM Devis (source blog),True,Fourchette estimée : 199.0 – 440.0 DT/unité,https://www.sm-devis.tn/prix-pose-installation-menuiserie-alu-tunis/,2026-04-05 09:42:03.941856,0.0004411106848503063,3.7350041000158645e-05,0.0015131097094194875
blog_article,Fenêtre PVC Tunis Fixe (45 x 80),estimation_construction,,,190240.0,,,TND,unité,,,Tunis,SM Devis (source blog),True,340dt à 490dt,https://www.sm-devis.tn/prix-pose-installation-menuiserie-alu-tunis/,2026-04-05 09:42:03.935859,0.26347395785003896,,
blog_article,"nement au sein de la pièce. Ce type de radiateur diffuse une chaleur douce, agréable et homogène, et permet de réaliser",estimation_construction,,,32.5,20.0,45.0,TND,unité,,,Tunis,SM Devis (source blog),True,Fourchette estimée : 20.0 – 45.0 DT/unité,https://www.sm-devis.tn/prix-installation-chauffagiste-tunis/,2026-04-05 09:41:30.148000,4.362633146871161e-05,3.5840948434495667e-06,0.00015103510773148025
blog_article,Entre 3 500 dt et 5 800 dt,estimation_construction,,,4650.0,,,TND,unité,,,Tunis,SM Devis (source blog),True,940 dt à 1 900 dt,http://www.sm-devis.tn/devis-cuisine-tunisie/,2026-04-05 09:33:59.914693,0.006438692539620326,,
blog_article,Prix chauffe-eau gaz à accumulation Tunis,estimation_construction,,,1515.0,730.0,2300.0,TND,unité,,,Tunis,SM Devis (source blog),True,Fourchette estimée : 730.0 – 2300.0 DT/unité,https://www.sm-devis.tn/prix-chauffage-eau-chaude-en-tunis/,2026-04-05 09:41:08.475840,0.0020968338363056946,0.00013751606004603863,0.007926929352811116
blog_article,Prix chauffe-eau à gaz Tunis,estimation_construction,,,1120.0,380.0,1860.0,TND,unité,,,Tunis,SM Devis (source blog),True,Fourchette estimée : 380.0 – 1860.0 DT/unité,https://www.sm-devis.tn/prix-chauffage-eau-chaude-en-tunis/,2026-04-05 09:41:08.475840,0.0015497734893170887,7.149326029828346e-05,0.006409681695234601
blog_article,Prix chauffe-eau thermodynamique Tunis,estimation_construction,,,2650.0,1600.0,3700.0,TND,unité,,,Tunis,SM Devis (source blog),True,Fourchette estimée : 1600.0 – 3700.0 DT/unité,https://www.sm-devis.tn/prix-chauffage-eau-chaude-en-tunis/,2026-04-05 09:41:08.475840,0.003668766732083081,0.00030162987656188724,0.012754535536009116
blog_article,Prix chauffe-eau électrique Tunis,estimation_construction,,,878.0,256.0,1500.0,TND,unité,,,Tunis,SM Devis (source blog),True,Fourchette estimée : 256.0 – 1500.0 DT/unité,https://www.sm-devis.tn/prix-chauffage-eau-chaude-en-tunis/,2026-04-05 09:41:08.475840,0.001214612466605082,4.810232553050734e-05,0.005168297248126544
blog_article,", alors que le coût d’une chauffe-eau gaz va",estimation_construction,,,1128.0,356.0,1900.0,TND,unité,,,Tunis,SM Devis (source blog),True,Fourchette estimée : 356.0 – 1900.0 DT/unité,https://www.sm-devis.tn/prix-chauffage-eau-chaude-en-tunis/,2026-04-05 09:41:08.474819,0.0015608531925472376,6.696598260129454e-05,0.006547613300468829
blog_article,en solaire. Le tarif d’un chauffe-eau électrique instantané va,estimation_construction,,,294.0,138.0,450.0,TND,unité,,,Tunis,SM Devis (source blog),True,Fourchette estimée : 138.0 – 450.0 DT/unité,https://www.sm-devis.tn/prix-chauffage-eau-chaude-en-tunis/,2026-04-05 09:41:08.474819,0.0004057941308042064,2.5843210186978455e-05,0.0015475926107280445
blog_article,pour un système thermodynamique et,estimation_construction,,,5300.0,1600.0,9000.0,TND,unité,,,Tunis,SM Devis (source blog),True,Fourchette estimée : 1600.0 – 9000.0 DT/unité,https://www.sm-devis.tn/prix-chauffage-eau-chaude-en-tunis/,2026-04-05 09:41:08.474819,0.007338918427069931,0.00030162987656188724,0.031030473229544397
blog_article,dt pour un modèle électrique (200l),estimation_construction,,,2600.0,1500.0,3700.0,TND,unité,,,Tunis,SM Devis (source blog),True,Fourchette estimée : 1500.0 – 3700.0 DT/unité,https://www.sm-devis.tn/prix-chauffage-eau-chaude-en-tunis/,2026-04-05 09:41:08.474819,0.00359951858689465,0.00028276621949110004,0.012754535536009116
blog_article,Le prix d’un chauffe-eau en Tunisie varie,estimation_construction,,,875.0,250.0,1500.0,TND,unité,,,Tunis,SM Devis (source blog),True,Fourchette estimée : 250.0 – 1500.0 DT/unité,https://www.sm-devis.tn/prix-chauffage-eau-chaude-en-tunis/,2026-04-05 09:41:08.474819,0.001210457577893776,4.697050610626011e-05,0.005168297248126544
blog_article,Le prix chauffage & Eau chaude en Tunisie varie,estimation_construction,,,875.0,250.0,1500.0,TND,unité,,,Tunis,SM Devis (source blog),True,Fourchette estimée : 250.0 – 1500.0 DT/unité,https://www.sm-devis.tn/prix-chauffage-eau-chaude-en-tunis/,2026-04-05 09:41:08.474819,0.001210457577893776,4.697050610626011e-05,0.005168297248126544
blog_article,Prix chauffe-eau instantané Tunis,estimation_construction,,,160430.0,,,TND,unité,,,Tunis,SM Devis (source blog),True,Prix chauffe-eau instantané Tunis,https://www.sm-devis.tn/prix-chauffage-eau-chaude-en-tunis/,2026-04-05 09:41:08.469395,0.22218821368869635,,
blog_article,Prix chauffe-eau solaire Tunis,estimation_construction,,,5075.0,,,TND,unité,,,Tunis,SM Devis (source blog),True,Prix chauffe-eau solaire Tunis,https://www.sm-devis.tn/prix-chauffage-eau-chaude-en-tunis/,2026-04-05 09:41:08.469395,0.007027301773721991,,
blog_article,Prix chauffe-eau gaz à accumulation Tunis,estimation_construction,,,1515.0,,,TND,unité,,,Tunis,SM Devis (source blog),True,Prix chauffe-eau gaz à accumulation Tunis,https://www.sm-devis.tn/prix-chauffage-eau-chaude-en-tunis/,2026-04-05 09:41:08.469395,0.0020968338363056946,,
blog_article,Prix chauffe-eau à gaz Tunis,estimation_construction,,,1120.0,,,TND,unité,,,Tunis,SM Devis (source blog),True,Prix chauffe-eau à gaz Tunis,https://www.sm-devis.tn/prix-chauffage-eau-chaude-en-tunis/,2026-04-05 09:41:08.468386,0.0015497734893170887,,
blog_article,Prix chauffe-eau thermodynamique Tunis,estimation_construction,,,2650.0,,,TND,unité,,,Tunis,SM Devis (source blog),True,Prix chauffe-eau thermodynamique Tunis,https://www.sm-devis.tn/prix-chauffage-eau-chaude-en-tunis/,2026-04-05 09:41:08.468386,0.003668766732083081,,
blog_article,Prix chauffe-eau électrique Tunis,estimation_construction,,,878.0,,,TND,unité,,,Tunis,SM Devis (source blog),True,Prix chauffe-eau électrique Tunis,https://www.sm-devis.tn/prix-chauffage-eau-chaude-en-tunis/,2026-04-05 09:41:08.468386,0.001214612466605082,,
blog_article,Convecteurs,estimation_construction,,,220.0,40.0,400.0,TND,unité,,,Tunis,SM Devis (source blog),True,,https://www.sm-devis.tn/devis-chauffage-electrique-tunis/,2026-04-05 09:36:30.772606,0.00030330687592532835,7.356826257607005e-06,0.0013751781041852588
blog_article,"ère générale, le prix de l’évacuation de la terre coute entre 16dt et 57dt par m3 enlevé et de l’évacuation des gravats",estimation_construction,,,33.5,22.0,45.0,TND,unité,,,Tunis,SM Devis (source blog),True,Fourchette estimée : 22.0 – 45.0 DT/unité,https://www.sm-devis.tn/cout-installation-terrassement-tunisie/,2026-04-05 09:36:03.480446,4.5011294372480235e-05,3.961367984865311e-06,0.00015103510773148025
blog_article,". De manière générale, le prix de l’évacuation de la terre coute",estimation_construction,,,36.5,16.0,57.0,TND,unité,,,Tunis,SM Devis (source blog),True,Fourchette estimée : 16.0 – 57.0 DT/unité,https://www.sm-devis.tn/cout-installation-terrassement-tunisie/,2026-04-05 09:36:03.480446,4.91661830837861e-05,2.8295485606180792e-06,0.00019241458930174883
blog_article,Prix chauffe-eau solaire Tunis,estimation_construction,,,5075.0,1450.0,8700.0,TND,unité,,,Tunis,SM Devis (source blog),True,Fourchette estimée : 1450.0 – 8700.0 DT/unité,https://www.sm-devis.tn/prix-chauffage-eau-chaude-en-tunis/,2026-04-05 09:41:08.475840,0.007027301773721991,0.0002733343909557064,0.029995986190287684
blog_article,Le coût d’un terrassement peut varier,estimation_construction,,,75.0,60.0,90.0,TND,unité,,,Tunis,SM Devis (source blog),True,Fourchette estimée : 60.0 – 90.0 DT/unité,https://www.sm-devis.tn/cout-installation-terrassement-tunisie/,2026-04-05 09:36:03.479444,0.00010248725487887806,1.1129557671764444e-05,0.0003062081636199874
blog_article,"ider, voici un exemple d’aménagement de combles perdus de 40 à 60 m2 au sol entre jambettes, avec des pentes de toiture",estimation_construction,,,40.0,35.0,45.0,TND,unité,,,Tunis,SM Devis (source blog),True,Fourchette estimée : 35.0 – 45.0 DT/unité,https://www.sm-devis.tn/cout-installation-amenagement-de-combles-tunisie/,2026-04-05 09:34:55.850529,5.401355324697628e-05,6.413643404067646e-06,0.00015103510773148025
blog_article,"e la surface de votre logement. En fonction, la portée des détecteurs sera différente. Un modèle à large portée coûtera",estimation_construction,,,85.0,70.0,100.0,TND,unité,,,Tunis,SM Devis (source blog),True,Fourchette estimée : 70.0 – 100.0 DT/unité,https://www.sm-devis.tn/prix-installation-alarme-incendie-tunisie/,2026-04-05 09:41:26.070391,0.0001163368839165643,1.3015923378843163e-05,0.00034069106492854454
blog_article,Radiateur électrique,estimation_construction,,,1015.0,30.0,2000.0,TND,unité,,,Tunis,SM Devis (source blog),True,Fourchette estimée : 30.0 – 2000.0 DT/unité,https://www.sm-devis.tn/prix-installation-chauffagiste-tunis/,2026-04-05 09:41:30.149999,0.0014043523844213832,5.470460550528286e-06,0.006892442313554401
blog_article,Chauffage solaire,estimation_construction,,,9000.0,3000.0,15000.0,TND,unité,,,Tunis,SM Devis (source blog),True,Fourchette estimée : 3000.0 – 15000.0 DT/unité,https://www.sm-devis.tn/prix-installation-chauffagiste-tunis/,2026-04-05 09:41:30.148000,0.012463281171013835,0.0005657210755529079,0.05172021401467868
blog_article,Pompe à chaleur,estimation_construction,,,12500.0,5000.0,20000.0,TND,unité,,,Tunis,SM Devis (source blog),True,Fourchette estimée : 5000.0 – 20000.0 DT/unité,https://www.sm-devis.tn/prix-installation-chauffagiste-tunis/,2026-04-05 09:41:30.148000,0.017310651334204015,0.0009429942169686518,0.06896166466895726
blog_article,Chauffage au bois,estimation_construction,,,11000.0,2000.0,20000.0,TND,unité,,,Tunis,SM Devis (source blog),True,Fourchette estimée : 2000.0 – 20000.0 DT/unité,https://www.sm-devis.tn/prix-installation-chauffagiste-tunis/,2026-04-05 09:41:30.148000,0.01523320697855108,0.000377084504845036,0.06896166466895726
blog_article,Chauffage au fioul,estimation_construction,,,5750.0,3000.0,8500.0,TND,unité,,,Tunis,SM Devis (source blog),True,Fourchette estimée : 3000.0 – 8500.0 DT/unité,https://www.sm-devis.tn/prix-installation-chauffagiste-tunis/,2026-04-05 09:41:30.148000,0.007962151733765811,0.0005657210755529079,0.02930632816411654
blog_article,Chauffage électrique,estimation_construction,,,3500.0,2000.0,5000.0,TND,unité,,,Tunis,SM Devis (source blog),True,Fourchette estimée : 2000.0 – 5000.0 DT/unité,https://www.sm-devis.tn/prix-installation-chauffagiste-tunis/,2026-04-05 09:41:30.148000,0.00484598520028641,0.000377084504845036,0.017237312706121544
blog_article,Chauffage au gaz naturel,estimation_construction,,,6000.0,2000.0,10000.0,TND,unité,,,Tunis,SM Devis (source blog),True,Fourchette estimée : 2000.0 – 10000.0 DT/unité,https://www.sm-devis.tn/prix-installation-chauffagiste-tunis/,2026-04-05 09:41:30.148000,0.008308392459707967,0.000377084504845036,0.03447876336040011
blog_article,Chauffage mural,estimation_construction,,,60100.0,,,TND,m²,,,Tunis,SM Devis (source blog),True,Chauffage mural,https://www.sm-devis.tn/prix-installation-chauffagiste-tunis/,2026-04-05 09:41:30.142487,0.08323488555359045,,
blog_article,Plafond chauffant,estimation_construction,,,6090.0,,,TND,m²,,,Tunis,SM Devis (source blog),True,Plafond chauffant,https://www.sm-devis.tn/prix-installation-chauffagiste-tunis/,2026-04-05 09:41:30.141486,0.008433039121047143,,
blog_article,Plancher chauffant à eau,estimation_construction,,,70110.0,,,TND,m²,,,Tunis,SM Devis (source blog),True,Plancher chauffant à eau,https://www.sm-devis.tn/prix-installation-chauffagiste-tunis/,2026-04-05 09:41:30.141486,0.09709836422031436,,
blog_article,Plancher chauffant électrique,estimation_construction,,,4060.0,,,TND,m²,,,Tunis,SM Devis (source blog),True,Plancher chauffant électrique,https://www.sm-devis.tn/prix-installation-chauffagiste-tunis/,2026-04-05 09:41:30.141486,0.005621564426396839,,
blog_article,Radiateur à eau,estimation_construction,,,301500.0,,,TND,unité,,,Tunis,SM Devis (source blog),True,Radiateur à eau,https://www.sm-devis.tn/prix-installation-chauffagiste-tunis/,2026-04-05 09:41:30.141486,0.41756493052333593,,
blog_article,Radiateur électrique,estimation_construction,,,302000.0,,,TND,unité,,,Tunis,SM Devis (source blog),True,Radiateur électrique,https://www.sm-devis.tn/prix-installation-chauffagiste-tunis/,2026-04-05 09:41:30.141486,0.41825741197522026,,
blog_article,Chauffage solaire,estimation_construction,,,9000.0,,,TND,unité,,,Tunis,SM Devis (source blog),True,Chauffage solaire | Très faible,https://www.sm-devis.tn/prix-installation-chauffagiste-tunis/,2026-04-05 09:41:30.141486,0.012463281171013835,,
blog_article,Pompe à chaleur,estimation_construction,,,12500.0,,,TND,unité,,,Tunis,SM Devis (source blog),True,"Pompe à chaleur | 52,50 € / MWh",https://www.sm-devis.tn/prix-installation-chauffagiste-tunis/,2026-04-05 09:41:30.141486,0.017310651334204015,,
blog_article,Chauffage au bois,estimation_construction,,,11000.0,,,TND,unité,,,Tunis,SM Devis (source blog),True,"Chauffage au bois | 55,30 € / MWh",https://www.sm-devis.tn/prix-installation-chauffagiste-tunis/,2026-04-05 09:41:30.141486,0.01523320697855108,,
blog_article,Chauffage au fioul,estimation_construction,,,5750.0,,,TND,unité,,,Tunis,SM Devis (source blog),True,"Chauffage au fioul | 74,60 € / MWh",https://www.sm-devis.tn/prix-installation-chauffagiste-tunis/,2026-04-05 09:41:30.141486,0.007962151733765811,,
blog_article,Chauffage électrique,estimation_construction,,,3500.0,,,TND,unité,,,Tunis,SM Devis (source blog),True,"Chauffage électrique | 158,90 € / MWh",https://www.sm-devis.tn/prix-installation-chauffagiste-tunis/,2026-04-05 09:41:30.141486,0.00484598520028641,,
blog_article,Chauffage au gaz naturel,estimation_construction,,,6000.0,,,TND,unité,,,Tunis,SM Devis (source blog),True,"Chauffage au gaz naturel | 69,60 € / MWh",https://www.sm-devis.tn/prix-installation-chauffagiste-tunis/,2026-04-05 09:41:30.140488,0.008308392459707967,,
blog_article,"de bricolage. Si vous souhaitez vous équiper d’un système plus élaboré et complet, prévoyez un budget plus conséquent",estimation_construction,,,600.0,200.0,1000.0,TND,unité,,,Tunis,SM Devis (source blog),True,Fourchette estimée : 200.0 – 1000.0 DT/unité,https://www.sm-devis.tn/prix-installation-alarme-incendie-tunisie/,2026-04-05 09:41:26.070391,0.0008295927793574049,3.753867757086651e-05,0.003444152182698687
blog_article,Veuillez entrer uniquement 2 chiffres * Exemple,estimation_construction,,,12.0,,,TND,unité,,,Tunis,SM Devis (source blog),True,Veuillez entrer uniquement 2 chiffres * Exemple: 12 Cette boîte est pour la protection contre le spam - Veuillez laisser en blanc :,http://www.sm-devis.tn/demandez-un-devis-gratuitement/,2026-04-05 09:33:48.810076,1.5234591941454847e-05,,
blog_article,Moins d'un mois,estimation_construction,,,2.0,1.0,3.0,TND,unité,,,Tunis,SM Devis (source blog),True,Fourchette estimée : 1.0 – 3.0 DT/unité,http://www.sm-devis.tn/demandez-un-devis-gratuitement/,2026-04-05 09:33:48.815170,1.3849629037686226e-06,0.0,6.206922235540285e-06
blog_article,Entre 1 et 3 mois,estimation_construction,,,4.5,3.0,6.0,TND,unité,,,Tunis,SM Devis (source blog),True,Fourchette estimée : 3.0 – 6.0 DT/unité,http://www.sm-devis.tn/demandez-un-devis-gratuitement/,2026-04-05 09:33:48.815170,4.847370163190179e-06,3.772731414157439e-07,1.6551792628107427e-05
blog_article,"est assez similaire à celui de l’aluminium mais supérieur à celui du PVC. Pour un sas d’entrée en bois, il faut compter",estimation_construction,,,1.12,1.0,1.25,TND,unité,,,Tunis,SM Devis (source blog),True,Fourchette estimée : 1.0 – 1.25 DT/unité,https://www.sm-devis.tn/cout-installation-sas-dentree-tunisie/,2026-04-05 09:35:55.027747,1.6619554845223485e-07,0.0,1.7241450654278587e-07
blog_article,"ndre, divisé par 2 ou par 3 en comparaison d’une véranda. a fourchette des prix pour des sas d’entrée standards s’élève",estimation_construction,,,6000.0,4000.0,8000.0,TND,unité,,,Tunis,SM Devis (source blog),True,Fourchette estimée : 4000.0 – 8000.0 DT/unité,https://www.sm-devis.tn/cout-installation-sas-dentree-tunisie/,2026-04-05 09:35:55.026745,0.008308392459707967,0.0007543576462607799,0.027582183098688685
blog_article,• L’hygrométrie doit être comprise,estimation_construction,,,50.0,40.0,60.0,TND,unité,,,Tunis,SM Devis (source blog),True,Fourchette estimée : 40.0 – 60.0 DT/unité,https://www.sm-devis.tn/cout-installation-pose-dun-parquet-tunisie/,2026-04-05 09:35:43.382746,6.78631822846625e-05,7.356826257607005e-06,0.00020275945969431598
blog_article,prix d’un nettoyage de façade de maison Tunisie  est compris,estimation_construction,,,60.0,30.0,90.0,TND,unité,,,Tunis,SM Devis (source blog),True,Fourchette estimée : 30.0 – 90.0 DT/unité,https://www.sm-devis.tn/cout-installation-nettoyage-de-facade-tunisie/,2026-04-05 09:35:33.244115,8.171281132234873e-05,5.470460550528286e-06,0.0003062081636199874
blog_article,"Sablage, ponçage, peeling ou nébulisation",estimation_construction,,,40.0,30.0,90.0,TND,unité,,,Tunis,SM Devis (source blog),True,"Sablage, ponçage, peeling ou nébulisation",https://www.sm-devis.tn/cout-installation-nettoyage-de-facade-tunisie/,2026-04-05 09:35:33.241558,5.401355324697628e-05,5.470460550528286e-06,0.0003062081636199874
blog_article,Nettoyage par haute pression,estimation_construction,,,28.0,15.0,50.0,TND,unité,,,Tunis,SM Devis (source blog),True,Nettoyage par haute pression,https://www.sm-devis.tn/cout-installation-nettoyage-de-facade-tunisie/,2026-04-05 09:35:33.241558,3.739399840175281e-05,2.640911989910207e-06,0.00016827655838575883
blog_article,"Pour du premier prix (fauteuil simple pour escalier droit), le tarif oscille",estimation_construction,,,3000.0,2500.0,3500.0,TND,unité,,,Tunis,SM Devis (source blog),True,Fourchette estimée : 2500.0 – 3500.0 DT/unité,https://www.sm-devis.tn/cout-installation-monte-escalier-tunisie/,2026-04-05 09:35:32.270131,0.004153503748402099,0.00047140279019897195,0.012064877509837972
blog_article,"lent facilement dans un immeuble existant, consomment peu d’énergie et demandent peu d’entretien (leur durée de vie est",estimation_construction,,,22.5,20.0,25.0,TND,unité,,,Tunis,SM Devis (source blog),True,Fourchette estimée : 20.0 – 25.0 DT/unité,https://www.sm-devis.tn/cout-installation-ascenseur-tunisie/,2026-04-05 09:35:03.792555,2.9776702431025385e-05,3.5840948434495667e-06,8.2069305114366e-05
blog_article,--Séléctionnez--ImmédiatMoins d'un mois,estimation_construction,,,2.0,1.0,3.0,TND,unité,,,Tunis,SM Devis (source blog),True,Fourchette estimée : 1.0 – 3.0 DT/unité,https://www.sm-devis.tn/category/devis-assurance-de-multirisque-tunisie/,2026-04-05 09:34:35.614488,1.3849629037686226e-06,0.0,6.206922235540285e-06
blog_article,--Séléctionnez--ImmédiatMoins d'un moisEntre 1 et 3 mois,estimation_construction,,,4.5,3.0,6.0,TND,unité,,,Tunis,SM Devis (source blog),True,Fourchette estimée : 3.0 – 6.0 DT/unité,https://www.sm-devis.tn/category/devis-assurance-de-multirisque-tunisie/,2026-04-05 09:34:35.614488,4.847370163190179e-06,3.772731414157439e-07,1.6551792628107427e-05
blog_article,--Séléctionnez--ImmédiatMoins d'un moisEntre 1 et 3 moisEntre 3 et 6 mois,estimation_construction,,,9.0,6.0,12.0,TND,unité,,,Tunis,SM Devis (source blog),True,Fourchette estimée : 6.0 – 12.0 DT/unité,https://www.sm-devis.tn/category/devis-assurance-de-multirisque-tunisie/,2026-04-05 09:34:35.614488,1.107970323014898e-05,9.431828535393596e-07,3.7241533413241716e-05
blog_article,-----------Par versement libreUne somme uniqueIndifférentDurée désirée de votre épargne ? *-------------Entre 0 et 4 ans,estimation_construction,,,6.0,4.0,8.0,TND,unité,,,Tunis,SM Devis (source blog),True,Fourchette estimée : 4.0 – 8.0 DT/unité,https://www.sm-devis.tn/category/devis-assurance-de-multirisque-tunisie/,2026-04-05 09:34:35.614488,6.9248145188431126e-06,5.659097121236158e-07,2.3448372889818856e-05
blog_article,varie,estimation_construction,,,125.0,50.0,200.0,TND,m,,,Tunis,SM Devis (source blog),True,Fourchette estimée : 50.0 – 200.0 DT/m,https://www.sm-devis.tn/cout-creation-de-jardin-et-despaces-verts-tunisie/,2026-04-05 09:34:47.442455,0.0001717354000673092,9.243191964685726e-06,0.000685520078014116
blog_article,varie,estimation_construction,,,1025.0,50.0,2000.0,TND,m,,,Tunis,SM Devis (source blog),True,Fourchette estimée : 50.0 – 2000.0 DT/m,https://www.sm-devis.tn/cout-installation-amenagement-bureaux-tunisie/,2026-04-05 09:34:53.850421,0.0014182020134590695,9.243191964685726e-06,0.006892442313554401
blog_article,"Le plus économique, la formule Prêt-à-construire (en kit)",estimation_construction,,,15500.0,13000.0,18000.0,TND,unité,,,Tunis,SM Devis (source blog),True,Fourchette : 13000.0 – 18000.0 DT/unité,https://www.sm-devis.tn/cout-installation-amenagement-de-combles-tunisie/,2026-04-05 09:34:55.848531,0.021465540045509882,0.0024520867826316275,0.06206508440724582
blog_article,Formule Prêt-à-finir,estimation_construction,,,27000.0,22000.0,32000.0,TND,unité,,,Tunis,SM Devis (source blog),True,Fourchette : 22000.0 – 32000.0 DT/unité,https://www.sm-devis.tn/cout-installation-amenagement-de-combles-tunisie/,2026-04-05 09:34:55.848531,0.03739261343884904,0.004149815919002475,0.11034114623922582
blog_article,Formule Clé-en-main,estimation_construction,,,50000.0,40000.0,60000.0,TND,unité,,,Tunis,SM Devis (source blog),True,Fourchette : 40000.0 – 60000.0 DT/unité,https://www.sm-devis.tn/cout-installation-amenagement-de-combles-tunisie/,2026-04-05 09:34:55.848531,0.06924676022552737,0.007545274191744169,0.20689326990318582
blog_article,Coût installation Aménagement de combles Tunisie varie,estimation_construction,,,30025.0,50.0,60000.0,TND,unité,,,Tunis,SM Devis (source blog),True,Fourchette estimée : 50.0 – 60000.0 DT/unité,https://www.sm-devis.tn/cout-installation-amenagement-de-combles-tunisie/,2026-04-05 09:34:55.850529,0.04158212622274912,9.243191964685726e-06,0.20689326990318582
blog_article,"ans engagement de votre part. Ne vous en privez pas. Pour vous guider, voici un exemple d’aménagement de combles perdus",estimation_construction,,,50.0,40.0,60.0,TND,unité,,,Tunis,SM Devis (source blog),True,Fourchette estimée : 40.0 – 60.0 DT/unité,https://www.sm-devis.tn/cout-installation-amenagement-de-combles-tunisie/,2026-04-05 09:34:55.850529,6.78631822846625e-05,7.356826257607005e-06,0.00020275945969431598
blog_article,teur sous plafond d’au moins 2 mètres. Cette hauteur peut varier selon le modèle choisi. Laissez également une distance,estimation_construction,,,7.5,5.0,10.0,TND,unité,,,Tunis,SM Devis (source blog),True,Fourchette estimée : 5.0 – 10.0 DT/unité,https://www.sm-devis.tn/cout-installation-sauna-tunisie/,2026-04-05 09:35:57.691055,9.002258874496046e-06,7.545462828314878e-07,3.0344953151530288e-05
blog_article,Choix quasi-illimité,estimation_construction,,,73750.0,27500.0,120000.0,TND,unité,,,Tunis,SM Devis (source blog),True,Fourchette estimée : 27500.0 – 120000.0 DT/unité,http://www.sm-devis.tn/devis-cuisine-tunisie/,2026-04-05 09:33:59.919700,0.10213962919003214,0.00518731705789577,0.41379067775452866
blog_article,"Large choix, y compris matériaux nobles",estimation_construction,,,21550.0,13600.0,29500.0,TND,unité,,,Tunis,SM Devis (source blog),True,Fourchette estimée : 13600.0 – 29500.0 DT/unité,http://www.sm-devis.tn/devis-cuisine-tunisie/,2026-04-05 09:33:59.919700,0.02984456561331005,0.0025652687250563504,0.10172042091208654
blog_article,Large choix,estimation_construction,,,11000.0,8500.0,13500.0,TND,unité,,,Tunis,SM Devis (source blog),True,Fourchette estimée : 8500.0 – 13500.0 DT/unité,http://www.sm-devis.tn/devis-cuisine-tunisie/,2026-04-05 09:33:59.919700,0.01523320697855108,0.0016032222144462035,0.04654777881839511
blog_article,Entre 3 et 6 mois,estimation_construction,,,9.0,6.0,12.0,TND,unité,,,Tunis,SM Devis (source blog),True,Fourchette estimée : 6.0 – 12.0 DT/unité,http://www.sm-devis.tn/demandez-un-devis-gratuitement/,2026-04-05 09:33:48.815170,1.107970323014898e-05,9.431828535393596e-07,3.7241533413241716e-05
blog_article,"En France, le coût moyen d’une cheminée à foyer ouvert varie",estimation_construction,,,3000.0,1000.0,5000.0,TND,unité,,,Tunis,SM Devis (source blog),True,Fourchette estimée : 1000.0 – 5000.0 DT/unité,http://www.sm-devis.tn/devis-cheminee/,2026-04-05 09:33:57.800453,0.004153503748402099,0.00018844793413716406,0.017237312706121544
blog_article,"ne cheminée à foyer ouvert varie entre 1 000 et 5 000 euros. Pour l’installation d’ une cheminée à gaz, il faut compter",estimation_construction,,,2000.0,1000.0,3000.0,TND,unité,,,Tunis,SM Devis (source blog),True,Fourchette estimée : 1000.0 – 3000.0 DT/unité,http://www.sm-devis.tn/devis-cheminee/,2026-04-05 09:33:57.800453,0.0027685408446334763,0.00018844793413716406,0.010340732444410116
blog_article,Jusqu’à 3 400 dt,estimation_construction,,,3400.0,,,TND,unité,,,Tunis,SM Devis (source blog),True,580 dt à 990 dt,http://www.sm-devis.tn/devis-cuisine-tunisie/,2026-04-05 09:33:59.914693,0.004707488909909548,,
blog_article,"nombreux avantages. Qu’il s’agisse de stores classiques ou de stores sur-mesure, ces équipements permettent de réduire",estimation_construction,,,3.5,2.0,5.0,TND,unité,,,Tunis,SM Devis (source blog),True,Fourchette estimée : 2.0 – 5.0 DT/unité,https://www.sm-devis.tn/cout-installation-store-exterieur-tunisie/,2026-04-05 09:36:01.947295,3.4624072594215563e-06,1.8863657070787194e-07,1.3103502497251713e-05
blog_article,Entre 5 900 dt et 13 000 dt,estimation_construction,,,9450.0,,,TND,unité,,,Tunis,SM Devis (source blog),True,1 800 dt à 3 900 dt,http://www.sm-devis.tn/devis-cuisine-tunisie/,2026-04-05 09:33:59.914693,0.013086514477709714,,
blog_article,Entrée de gamme Tunis,estimation_construction,,,2350.0,,,TND,unité,,,Tunis,SM Devis (source blog),True,"Cuisine en kit ou standard, qualité modeste à acceptable | Restreint | SM Devis",http://www.sm-devis.tn/devis-cuisine-tunisie/,2026-04-05 09:33:59.914693,0.0032532778609524944,,
blog_article,Milieu de gamme – Confort Tunis,estimation_construction,,,5650.0,,,TND,unité,,,Tunis,SM Devis (source blog),True,Cuisine standard de bonne qualité | Bonne sélection | SM Devis,http://www.sm-devis.tn/devis-cuisine-tunisie/,2026-04-05 09:33:59.915696,0.00782365544338895,,
blog_article,Milieu de gamme – Confort Plus Tunis,estimation_construction,,,11000.0,,,TND,unité,,,Tunis,SM Devis (source blog),True,Cuisine de qualité supérieure | Large choix | SM Devis,http://www.sm-devis.tn/devis-cuisine-tunisie/,2026-04-05 09:33:59.915696,0.01523320697855108,,
blog_article,Radiateur à eau,estimation_construction,,,765.0,30.0,1500.0,TND,unité,,,Tunis,SM Devis (source blog),True,Fourchette estimée : 30.0 – 1500.0 DT/unité,https://www.sm-devis.tn/prix-installation-chauffagiste-tunis/,2026-04-05 09:41:30.149999,0.0010581116584792276,5.470460550528286e-06,0.005168297248126544
blog_article,Haut de gamme Tunis,estimation_construction,,,21550.0,,,TND,unité,,,Tunis,SM Devis (source blog),True,"Cuisine de qualité premium | Large choix, y compris matériaux nobles | SM Devis",http://www.sm-devis.tn/devis-cuisine-tunisie/,2026-04-05 09:33:59.915696,0.02984456561331005,,
blog_article,représente une rentrée d’argent non négligeable pour les cuisinistes,estimation_construction,,,27.5,17.0,38.0,TND,unité,,,Tunis,SM Devis (source blog),True,"représente une rentrée d’argent non négligeable pour les cuisinistes : de 
17 à 38",http://www.sm-devis.tn/devis-cuisine-tunisie/,2026-04-05 09:33:59.917690,3.67015169498685e-05,3.018185131325951e-06,0.00012689707681549028
blog_article,Le prix final d’une cuisine  en Tunisie varie,estimation_construction,,,12000.0,2000.0,22000.0,TND,unité,,,Tunis,SM Devis (source blog),True,Fourchette estimée : 2000.0 – 22000.0 DT/unité,http://www.sm-devis.tn/devis-cuisine-tunisie/,2026-04-05 09:33:59.919700,0.016618169882319702,0.000377084504845036,0.07585824493066867
blog_article,Jusqu’à 3 400 dt,estimation_construction,,,785.0,580.0,990.0,TND,unité,,,Tunis,SM Devis (source blog),True,Fourchette estimée : 580.0 – 990.0 DT/unité,http://www.sm-devis.tn/devis-cuisine-tunisie/,2026-04-05 09:33:59.919700,0.0010858109165546,0.00010922057443985785,0.0034096692813901297
blog_article,580 dt à 990 dt,estimation_construction,,,4650.0,3500.0,5800.0,TND,unité,,,Tunis,SM Devis (source blog),True,Fourchette estimée : 3500.0 – 5800.0 DT/unité,http://www.sm-devis.tn/devis-cuisine-tunisie/,2026-04-05 09:33:59.919700,0.006438692539620326,0.0006600393609068439,0.019995944810806115
blog_article,Entre 3 500 dt et 5 800 dt,estimation_construction,,,1420.0,940.0,1900.0,TND,unité,,,Tunis,SM Devis (source blog),True,Fourchette estimée : 940.0 – 1900.0 DT/unité,http://www.sm-devis.tn/devis-cuisine-tunisie/,2026-04-05 09:33:59.919700,0.0019652623604476754,0.00017712973989469176,0.006547613300468829
blog_article,940 dt à 1 900 dt,estimation_construction,,,9450.0,5900.0,13000.0,TND,unité,,,Tunis,SM Devis (source blog),True,Fourchette estimée : 5900.0 – 13000.0 DT/unité,http://www.sm-devis.tn/devis-cuisine-tunisie/,2026-04-05 09:33:59.919700,0.013086514477709714,0.0011127671306057365,0.04482363375296725
blog_article,Devis cuisine en tunisie,estimation_construction,,,2850.0,1800.0,3900.0,TND,unité,,,Tunis,SM Devis (source blog),True,Fourchette estimée : 1800.0 – 3900.0 DT/unité,http://www.sm-devis.tn/devis-cuisine-tunisie/,2026-04-05 09:33:59.919700,0.003945759312836806,0.00033935719070346163,0.013444193562180259
blog_article,Restreint,estimation_construction,,,2350.0,1300.0,3400.0,TND,unité,,,Tunis,SM Devis (source blog),True,Fourchette estimée : 1300.0 – 3400.0 DT/unité,http://www.sm-devis.tn/devis-cuisine-tunisie/,2026-04-05 09:33:59.919700,0.0032532778609524944,0.00024503890534952565,0.011720048496752402
blog_article,Bonne sélection,estimation_construction,,,5650.0,3300.0,8000.0,TND,unité,,,Tunis,SM Devis (source blog),True,Fourchette estimée : 3300.0 – 8000.0 DT/unité,http://www.sm-devis.tn/devis-cuisine-tunisie/,2026-04-05 09:33:59.919700,0.00782365544338895,0.0006223120467652695,0.027582183098688685
blog_article,Luxe Tunis,estimation_construction,,,73750.0,,,TND,unité,,,Tunis,SM Devis (source blog),True,Cuisine de qualité exceptionnelle | Choix quasi-illimité | SM Devis,http://www.sm-devis.tn/devis-cuisine-tunisie/,2026-04-05 09:33:59.915696,0.10213962919003214,,
blog_article,Plancher chauffant électrique,estimation_construction,,,50.0,40.0,60.0,TND,unité,,,Tunis,SM Devis (source blog),True,Fourchette estimée : 40.0 – 60.0 DT/unité,https://www.sm-devis.tn/prix-installation-chauffagiste-tunis/,2026-04-05 09:41:30.149999,6.78631822846625e-05,7.356826257607005e-06,0.00020275945969431598
blog_article,Prix chauffe-eau instantané Tunis,estimation_construction,,,295.0,160.0,430.0,TND,unité,,,Tunis,SM Devis (source blog),True,Fourchette estimée : 160.0 – 430.0 DT/unité,https://www.sm-devis.tn/prix-chauffage-eau-chaude-en-tunis/,2026-04-05 09:41:08.475840,0.00040717909370797505,2.9993214742551638e-05,0.0014786268081109302
blog_article,Plafond chauffant,estimation_construction,,,75.0,60.0,90.0,TND,unité,,,Tunis,SM Devis (source blog),True,Fourchette estimée : 60.0 – 90.0 DT/unité,https://www.sm-devis.tn/prix-installation-chauffagiste-tunis/,2026-04-05 09:41:30.149999,0.00010248725487887806,1.1129557671764444e-05,0.0003062081636199874
blog_article,Le prix chauffe-eau thermodynamique Tunisie varie entre en moyenne,estimation_construction,,,3350.0,1700.0,5000.0,TND,unité,,,Tunis,SM Devis (source blog),True,Fourchette estimée : 1700.0 – 5000.0 DT/unité,https://www.sm-devis.tn/devis-chauffe-eau-thermodynamique-tunis/,2026-04-05 09:36:37.678333,0.004638240764721117,0.00032049353363267444,0.017237312706121544
blog_article,Sur retour de plancher chauffant,estimation_construction,,,1700.0,,,TND,unité,,,Tunis,SM Devis (source blog),True,Sur retour de plancher chauffant | 1 400dt à 3 900dt,https://www.sm-devis.tn/devis-chauffe-eau-thermodynamique-tunis/,2026-04-05 09:36:37.675259,0.0023530519735028895,,
blog_article,Split,estimation_construction,,,2300.0,,,TND,unité,,,Tunis,SM Devis (source blog),True,Split | 1 600dt à 4 600dt,https://www.sm-devis.tn/devis-chauffe-eau-thermodynamique-tunis/,2026-04-05 09:36:37.675259,0.003184029715764063,,
blog_article,Sur air extrait,estimation_construction,,,2900.0,,,TND,unité,,,Tunis,SM Devis (source blog),True,Sur air extrait | 3 300dt à 4 800dt,https://www.sm-devis.tn/devis-chauffe-eau-thermodynamique-tunis/,2026-04-05 09:36:37.675259,0.004015007458025237,,
blog_article,Sur air extérieur,estimation_construction,,,2495.0,,,TND,unité,,,Tunis,SM Devis (source blog),True,Sur air extérieur | 1 600dt à 4 800dt,https://www.sm-devis.tn/devis-chauffe-eau-thermodynamique-tunis/,2026-04-05 09:36:37.675259,0.003454097481998945,,
blog_article,Sur air intérieur,estimation_construction,,,2600.0,,,TND,unité,,,Tunis,SM Devis (source blog),True,Sur air intérieur | 2 400dt à 4 600dt,https://www.sm-devis.tn/devis-chauffe-eau-thermodynamique-tunis/,2026-04-05 09:36:37.675259,0.00359951858689465,,
blog_article,Porte blindée pour garage,estimation_construction,,,2750.0,,,TND,unité,,,Tunis,SM Devis (source blog),True,,https://www.sm-devis.tn/prix-installation-porte-blindee-tunisie/,2026-04-05 09:41:41.891150,0.0038072630224599436,,
blog_article,Porte blindée pour cave,estimation_construction,,,1625.0,,,TND,unité,,,Tunis,SM Devis (source blog),True,,https://www.sm-devis.tn/prix-installation-porte-blindee-tunisie/,2026-04-05 09:41:41.891150,0.002249179755720243,,
blog_article,Support à carreler,estimation_construction,,,130400.0,,,TND,unité,,,Tunis,SM Devis (source blog),True,Support à carreler,https://www.sm-devis.tn/prix-installation-douche-italienne-tunisie/,2026-04-05 09:41:33.295542,0.1805977776885246,,
blog_article,Siphon,estimation_construction,,,4070.0,,,TND,unité,,,Tunis,SM Devis (source blog),True,Siphon,https://www.sm-devis.tn/prix-installation-douche-italienne-tunisie/,2026-04-05 09:41:33.295542,0.005635414055434525,,
blog_article,Rigole,estimation_construction,,,300550.0,,,TND,unité,,,Tunis,SM Devis (source blog),True,Rigole,https://www.sm-devis.tn/prix-installation-douche-italienne-tunisie/,2026-04-05 09:41:33.295542,0.41624921576475576,,
blog_article,Paroi,estimation_construction,,,130700.0,,,TND,unité,,,Tunis,SM Devis (source blog),True,Paroi,https://www.sm-devis.tn/prix-installation-douche-italienne-tunisie/,2026-04-05 09:41:33.295542,0.1810132665596552,,
blog_article,Prix d’une douche à l’italienne Tunisie varie,estimation_construction,,,365.0,130.0,600.0,TND,unité,,,Tunis,SM Devis (source blog),True,Fourchette estimée : 130.0 – 600.0 DT/unité,https://www.sm-devis.tn/prix-installation-douche-italienne-tunisie/,2026-04-05 09:41:33.301564,0.0005041264969717786,2.433411762131548e-05,0.0020648361303564015
blog_article,Un receveur pourra comptera,estimation_construction,,,265.0,130.0,400.0,TND,unité,,,Tunis,SM Devis (source blog),True,Fourchette estimée : 130.0 – 400.0 DT/unité,https://www.sm-devis.tn/prix-installation-douche-italienne-tunisie/,2026-04-05 09:41:33.302573,0.00036563020659491634,2.433411762131548e-05,0.0013751781041852588
blog_article,Le siphon peut être centré ou excentré selon vos goûts et les contraintes de la douche. Il représentera,estimation_construction,,,55.0,40.0,70.0,TND,unité,,,Tunis,SM Devis (source blog),True,Fourchette estimée : 40.0 – 70.0 DT/unité,https://www.sm-devis.tn/prix-installation-douche-italienne-tunisie/,2026-04-05 09:41:33.302573,7.478799680350562e-05,7.356826257607005e-06,0.0002372423610028731
blog_article,Les canivelles se négocient,estimation_construction,,,425.0,300.0,550.0,TND,unité,,,Tunis,SM Devis (source blog),True,Fourchette estimée : 300.0 – 550.0 DT/unité,https://www.sm-devis.tn/prix-installation-douche-italienne-tunisie/,2026-04-05 09:41:33.302573,0.000587224271197896,5.640233464165371e-05,0.0018924216238136156
blog_article,Les parois et portes possèdent des prix variés allant,estimation_construction,,,415.0,130.0,700.0,TND,unité,,,Tunis,SM Devis (source blog),True,Fourchette estimée : 130.0 – 700.0 DT/unité,https://www.sm-devis.tn/prix-installation-douche-italienne-tunisie/,2026-04-05 09:41:33.302573,0.0005733746421602097,2.433411762131548e-05,0.0024096651434419728
blog_article,Blindage ajouté,estimation_construction,,,1700.0,,,TND,unité,,,Tunis,SM Devis (source blog),True,,https://www.sm-devis.tn/prix-installation-porte-blindee-tunisie/,2026-04-05 09:41:41.890145,0.0023530519735028895,,
blog_article,Bloc blindé,estimation_construction,,,3250.0,,,TND,unité,,,Tunis,SM Devis (source blog),True,,https://www.sm-devis.tn/prix-installation-porte-blindee-tunisie/,2026-04-05 09:41:41.890145,0.004499744474344255,,
blog_article,Porte blindée simple,estimation_construction,,,1375.0,,,TND,unité,,,Tunis,SM Devis (source blog),True,,https://www.sm-devis.tn/prix-installation-porte-blindee-tunisie/,2026-04-05 09:41:41.890145,0.0019029390297780873,,
blog_article,de bois en sapin contre,estimation_construction,,,14.5,10.0,19.0,TND,unité,,,Tunis,SM Devis (source blog),True,Fourchette estimée : 10.0 – 19.0 DT/unité,https://www.sm-devis.tn/prix-installation-lambris-tunisie/,2026-04-05 09:41:38.706549,1.8696999200876406e-05,1.6977291363708474e-06,6.137956432923171e-05
blog_article,Tunisie  il fait compte,estimation_construction,,,57.0,24.0,90.0,TND,m,,,Tunis,SM Devis (source blog),True,Fourchette estimée : 24.0 – 90.0 DT/m,https://www.sm-devis.tn/prix-installation-lambris-tunisie/,2026-04-05 09:41:38.706549,7.755792261104286e-05,4.338641126281055e-06,0.0003062081636199874
blog_article,Plancher chauffant à eau,estimation_construction,,,90.0,70.0,110.0,TND,unité,,,Tunis,SM Devis (source blog),True,Fourchette estimée : 70.0 – 110.0 DT/unité,https://www.sm-devis.tn/prix-installation-chauffagiste-tunis/,2026-04-05 09:41:30.149999,0.0001232616984354074,1.3015923378843163e-05,0.0003751739662371017
blog_article,Un professionnel vous facturera un tarif de pose de douche italienne,estimation_construction,,,1300.0,600.0,2000.0,TND,unité,,,Tunis,SM Devis (source blog),True,Fourchette estimée : 600.0 – 2000.0 DT/unité,https://www.sm-devis.tn/prix-installation-douche-italienne-tunisie/,2026-04-05 09:41:33.303561,0.0017990668119954407,0.00011299330585401529,0.006892442313554401
blog_article,Paroi,estimation_construction,,,415.0,130.0,700.0,TND,unité,,,Tunis,SM Devis (source blog),True,Fourchette estimée : 130.0 – 700.0 DT/unité,https://www.sm-devis.tn/prix-installation-douche-italienne-tunisie/,2026-04-05 09:41:33.302573,0.0005733746421602097,2.433411762131548e-05,0.0024096651434419728
blog_article,Rigole,estimation_construction,,,425.0,300.0,550.0,TND,unité,,,Tunis,SM Devis (source blog),True,Fourchette estimée : 300.0 – 550.0 DT/unité,https://www.sm-devis.tn/prix-installation-douche-italienne-tunisie/,2026-04-05 09:41:33.302573,0.000587224271197896,5.640233464165371e-05,0.0018924216238136156
blog_article,Siphon,estimation_construction,,,55.0,40.0,70.0,TND,unité,,,Tunis,SM Devis (source blog),True,Fourchette estimée : 40.0 – 70.0 DT/unité,https://www.sm-devis.tn/prix-installation-douche-italienne-tunisie/,2026-04-05 09:41:33.302573,7.478799680350562e-05,7.356826257607005e-06,0.0002372423610028731
blog_article,Prix d’une porte blindée Tunisie varie entre,estimation_construction,,,1375.0,750.0,2000.0,TND,unité,,,Tunis,SM Devis (source blog),True,Fourchette estimée : 750.0 – 2000.0 DT/unité,https://www.sm-devis.tn/prix-installation-porte-blindee-tunisie/,2026-04-05 09:41:41.893060,0.0019029390297780873,0.00014128879146019607,0.006892442313554401
blog_article,Le prix d’une porte blindée simple varie,estimation_construction,,,1375.0,750.0,2000.0,TND,unité,,,Tunis,SM Devis (source blog),True,Fourchette estimée : 750.0 – 2000.0 DT/unité,https://www.sm-devis.tn/prix-installation-porte-blindee-tunisie/,2026-04-05 09:41:41.893060,0.0019029390297780873,0.00014128879146019607,0.006892442313554401
blog_article,Sur air intérieur,estimation_construction,,,2600.0,1700.0,3500.0,TND,unité,,,Tunis,SM Devis (source blog),True,Fourchette estimée : 1700.0 – 3500.0 DT/unité,https://www.sm-devis.tn/devis-chauffe-eau-thermodynamique-tunis/,2026-04-05 09:36:37.678333,0.00359951858689465,0.00032049353363267444,0.012064877509837972
blog_article,"est souvent tarifé en fonction des surfaces et de la complexité de réalisation, mais on peut s’attendre à une moyenne",estimation_construction,,,1700.0,900.0,2500.0,TND,unité,,,Tunis,SM Devis (source blog),True,Fourchette estimée : 900.0 – 2500.0 DT/unité,https://www.sm-devis.tn/prix-installation-porte-blindee-tunisie/,2026-04-05 09:41:41.893060,0.0023530519735028895,0.00016958427706637686,0.008616587378982259
blog_article,Chauffage mural,estimation_construction,,,80.0,60.0,100.0,TND,unité,,,Tunis,SM Devis (source blog),True,Fourchette estimée : 60.0 – 100.0 DT/unité,https://www.sm-devis.tn/prix-installation-chauffagiste-tunis/,2026-04-05 09:41:30.149999,0.00010941206939772119,1.1129557671764444e-05,0.00034069106492854454
blog_article,"ace de rafraîchir sa maison pendant les périodes chaudes. En revanche, l’investissement de départ reste élevé : comptez",estimation_construction,,,14000.0,10000.0,18000.0,TND,unité,,,Tunis,SM Devis (source blog),True,Fourchette estimée : 10000.0 – 18000.0 DT/unité,https://www.sm-devis.tn/prix-installation-chauffagiste-tunis/,2026-04-05 09:41:30.149999,0.019388095689856947,0.0018861770705080115,0.06206508440724582
blog_article,Panneaux rayonnants,estimation_construction,,,975.0,50.0,1900.0,TND,unité,,,Tunis,SM Devis (source blog),True,,https://www.sm-devis.tn/devis-chauffage-electrique-tunis/,2026-04-05 09:36:30.772606,0.0013489538682706383,9.243191964685726e-06,0.006547613300468829
blog_article,À chaleur douce,estimation_construction,,,525.0,250.0,800.0,TND,unité,,,Tunis,SM Devis (source blog),True,,https://www.sm-devis.tn/devis-chauffage-electrique-tunis/,2026-04-05 09:36:30.773112,0.0007257205615747582,4.697050610626011e-05,0.002754494156527544
blog_article,À inertie ou accumulation,estimation_construction,,,985.0,70.0,1900.0,TND,unité,,,Tunis,SM Devis (source blog),True,,https://www.sm-devis.tn/devis-chauffage-electrique-tunis/,2026-04-05 09:36:30.773112,0.0013628034973083246,1.3015923378843163e-05,0.006547613300468829
blog_article,varie entre en moyenne,estimation_construction,,,1020.0,40.0,2000.0,TND,unité,,,Tunis,SM Devis (source blog),True,Fourchette estimée : 40.0 – 2000.0 DT/unité,https://www.sm-devis.tn/devis-chauffage-electrique-tunis/,2026-04-05 09:36:30.778128,0.0014112771989402263,7.356826257607005e-06,0.006892442313554401
blog_article,Porte blindée pour garage,estimation_construction,,,2750.0,2500.0,3000.0,TND,unité,,,Tunis,SM Devis (source blog),True,Fourchette estimée : 2500.0 – 3000.0 DT/unité,https://www.sm-devis.tn/prix-installation-porte-blindee-tunisie/,2026-04-05 09:41:41.893060,0.0038072630224599436,0.00047140279019897195,0.010340732444410116
blog_article,Porte blindée pour cave,estimation_construction,,,1625.0,750.0,2500.0,TND,unité,,,Tunis,SM Devis (source blog),True,Fourchette estimée : 750.0 – 2500.0 DT/unité,https://www.sm-devis.tn/prix-installation-porte-blindee-tunisie/,2026-04-05 09:41:41.893060,0.002249179755720243,0.00014128879146019607,0.008616587378982259
blog_article,se situe généralement,estimation_construction,,,7600.0,2200.0,13000.0,TND,unité,,,Tunis,SM Devis (source blog),True,Fourchette estimée : 2200.0 – 13000.0 DT/unité,https://www.sm-devis.tn/devis-installation-d-une-cuisine-tunisie/,2026-04-05 09:39:23.915611,0.010524333105737763,0.00041481181898661036,0.04482363375296725
blog_article,Le prix d’un bloc porte blindée oscille,estimation_construction,,,3250.0,1500.0,5000.0,TND,unité,,,Tunis,SM Devis (source blog),True,Fourchette estimée : 1500.0 – 5000.0 DT/unité,https://www.sm-devis.tn/prix-installation-porte-blindee-tunisie/,2026-04-05 09:41:41.893060,0.004499744474344255,0.00028276621949110004,0.017237312706121544
blog_article,1 200dt à 2 200dt,estimation_construction,,,2650.0,1400.0,3900.0,TND,unité,,,Tunis,SM Devis (source blog),True,Fourchette estimée : 1400.0 – 3900.0 DT/unité,https://www.sm-devis.tn/devis-chauffe-eau-thermodynamique-tunis/,2026-04-05 09:36:37.678333,0.003668766732083081,0.00026390256242031285,0.013444193562180259
blog_article,Sur retour de plancher chauffant,estimation_construction,,,1700.0,1200.0,2200.0,TND,unité,,,Tunis,SM Devis (source blog),True,Fourchette estimée : 1200.0 – 2200.0 DT/unité,https://www.sm-devis.tn/devis-chauffe-eau-thermodynamique-tunis/,2026-04-05 09:36:37.678333,0.0023530519735028895,0.00022617524827873845,0.007582100339725545
blog_article,1 300dt à 3 300dt,estimation_construction,,,3100.0,1600.0,4600.0,TND,unité,,,Tunis,SM Devis (source blog),True,Fourchette estimée : 1600.0 – 4600.0 DT/unité,https://www.sm-devis.tn/devis-chauffe-eau-thermodynamique-tunis/,2026-04-05 09:36:37.678333,0.004292000038778962,0.00030162987656188724,0.01585799665377926
blog_article,en Tunisie varie,estimation_construction,,,3525.0,550.0,6500.0,TND,unité,,,Tunis,SM Devis (source blog),True,Fourchette estimée : 550.0 – 6500.0 DT/unité,https://www.sm-devis.tn/devis-installation-d-une-cuisine-tunisie/,2026-04-05 09:39:23.914601,0.004880609272880626,0.00010356147731862169,0.022409747902405117
blog_article,2 300dt à 3 500dt,estimation_construction,,,4050.0,3300.0,4800.0,TND,unité,,,Tunis,SM Devis (source blog),True,Fourchette estimée : 3300.0 – 4800.0 DT/unité,https://www.sm-devis.tn/devis-chauffe-eau-thermodynamique-tunis/,2026-04-05 09:36:37.678333,0.005607714797359152,0.0006223120467652695,0.0165476546799504
blog_article,"ment, le prix d’une porte de cave blindée est équivalent à la moitié du prix d’une porte blindée identique, en moyenne",estimation_construction,,,1625.0,750.0,2500.0,TND,unité,,,Tunis,SM Devis (source blog),True,Fourchette estimée : 750.0 – 2500.0 DT/unité,https://www.sm-devis.tn/prix-installation-porte-blindee-tunisie/,2026-04-05 09:41:41.893060,0.002249179755720243,0.00014128879146019607,0.008616587378982259
blog_article,"otre type de garage. Cependant, on peut estimer que le prix d’une porte de garage blindée de dimensions standard varie",estimation_construction,,,2750.0,2500.0,3000.0,TND,unité,,,Tunis,SM Devis (source blog),True,Fourchette estimée : 2500.0 – 3000.0 DT/unité,https://www.sm-devis.tn/prix-installation-porte-blindee-tunisie/,2026-04-05 09:41:41.893060,0.0038072630224599436,0.00047140279019897195,0.010340732444410116
blog_article,Porte blindée simple,estimation_construction,,,1375.0,750.0,2000.0,TND,unité,,,Tunis,SM Devis (source blog),True,Fourchette estimée : 750.0 – 2000.0 DT/unité,https://www.sm-devis.tn/prix-installation-porte-blindee-tunisie/,2026-04-05 09:41:41.893060,0.0019029390297780873,0.00014128879146019607,0.006892442313554401
blog_article,Split,estimation_construction,,,2300.0,1300.0,3300.0,TND,unité,,,Tunis,SM Devis (source blog),True,Fourchette estimée : 1300.0 – 3300.0 DT/unité,https://www.sm-devis.tn/devis-chauffe-eau-thermodynamique-tunis/,2026-04-05 09:36:37.678333,0.003184029715764063,0.00024503890534952565,0.01137521948366683
blog_article,Blindage ajouté,estimation_construction,,,1700.0,900.0,2500.0,TND,unité,,,Tunis,SM Devis (source blog),True,Fourchette estimée : 900.0 – 2500.0 DT/unité,https://www.sm-devis.tn/prix-installation-porte-blindee-tunisie/,2026-04-05 09:41:41.893060,0.0023530519735028895,0.00016958427706637686,0.008616587378982259
blog_article,1 700dt à 3 500dt,estimation_construction,,,3500.0,2400.0,4600.0,TND,unité,,,Tunis,SM Devis (source blog),True,Fourchette estimée : 2400.0 – 4600.0 DT/unité,https://www.sm-devis.tn/devis-chauffe-eau-thermodynamique-tunis/,2026-04-05 09:36:37.678333,0.00484598520028641,0.00045253913312818476,0.01585799665377926
blog_article,Bloc blindé,estimation_construction,,,3250.0,1500.0,5000.0,TND,unité,,,Tunis,SM Devis (source blog),True,Fourchette estimée : 1500.0 – 5000.0 DT/unité,https://www.sm-devis.tn/prix-installation-porte-blindee-tunisie/,2026-04-05 09:41:41.893060,0.004499744474344255,0.00028276621949110004,0.017237312706121544
blog_article,Sur air extérieur,estimation_construction,,,2495.0,1790.0,3200.0,TND,unité,,,Tunis,SM Devis (source blog),True,Fourchette estimée : 1790.0 – 3200.0 DT/unité,https://www.sm-devis.tn/devis-chauffe-eau-thermodynamique-tunis/,2026-04-05 09:36:37.678333,0.003454097481998945,0.0003374708249963829,0.011030390470581259
blog_article,1 790dt à 3 200dt,estimation_construction,,,3200.0,1600.0,4800.0,TND,unité,,,Tunis,SM Devis (source blog),True,Fourchette estimée : 1600.0 – 4800.0 DT/unité,https://www.sm-devis.tn/devis-chauffe-eau-thermodynamique-tunis/,2026-04-05 09:36:37.678333,0.004430496329155823,0.00030162987656188724,0.0165476546799504
blog_article,Sur air extrait,estimation_construction,,,2900.0,2300.0,3500.0,TND,unité,,,Tunis,SM Devis (source blog),True,Fourchette estimée : 2300.0 – 3500.0 DT/unité,https://www.sm-devis.tn/devis-chauffe-eau-thermodynamique-tunis/,2026-04-05 09:36:37.678333,0.004015007458025237,0.00043367547605739756,0.012064877509837972
blog_article,Support à carreler,estimation_construction,,,265.0,130.0,400.0,TND,unité,,,Tunis,SM Devis (source blog),True,Fourchette estimée : 130.0 – 400.0 DT/unité,https://www.sm-devis.tn/prix-installation-douche-italienne-tunisie/,2026-04-05 09:41:33.302573,0.00036563020659491634,2.433411762131548e-05,0.0013751781041852588
blog_article,Veuillez entrer uniquement 2 chiffres * Exemple,faux_plafond,,,12.0,,,TND,unité,,,Tunis,SM Devis (source blog),True,Veuillez entrer uniquement 2 chiffres * Exemple: 12 Cette boîte est pour la protection contre le spam - Veuillez laisser en blanc :,http://www.sm-devis.tn/devis-faux-plafond-2/,2026-04-05 09:34:02.266608,1.5234591941454847e-05,,
blog_article,Entre 1 et 3 mois,faux_plafond,,,4.5,3.0,6.0,TND,unité,,,Tunis,SM Devis (source blog),True,Fourchette estimée : 3.0 – 6.0 DT/unité,http://www.sm-devis.tn/devis-faux-plafond-2/,2026-04-05 09:34:02.269528,4.847370163190179e-06,3.772731414157439e-07,1.6551792628107427e-05
blog_article,Moins d'un mois,faux_plafond,,,2.0,1.0,3.0,TND,unité,,,Tunis,SM Devis (source blog),True,Fourchette estimée : 1.0 – 3.0 DT/unité,http://www.sm-devis.tn/devis-faux-plafond-2/,2026-04-05 09:34:02.269528,1.3849629037686226e-06,0.0,6.206922235540285e-06
blog_article,Entre 3 et 6 mois,faux_plafond,,,9.0,6.0,12.0,TND,unité,,,Tunis,SM Devis (source blog),True,Fourchette estimée : 6.0 – 12.0 DT/unité,http://www.sm-devis.tn/devis-faux-plafond-2/,2026-04-05 09:34:02.269528,1.107970323014898e-05,9.431828535393596e-07,3.7241533413241716e-05
ecommerce,BORDURE DE TROTTOIR T3,fer,BORDURE DE TROTTOIR T3,,19.254,,,TND,M2,,,Tunisie,COMAF - Comptoir Africain,True,"Caractéristiques:

Longueur : 1m
Largeur : 17 cm
Hauteur : 28 cm
Poids : 90 kg / ml",https://www.comaf.tn/ciment-et-produits-en-beton/1248-bordure-de-trottoir-t3.html,2026-04-05 09:31:16.954040,2.5281112845392438e-05,,
ecommerce,BORDURE DE TROTTOIR T2,fer,BORDURE DE TROTTOIR T2,,7.354,,,TND,ML,,,Tunisie,COMAF - Comptoir Africain,True,"Caractéristiques du produit 

Longueur : 1m
Largeur : 15 cm
Hauteur : 25 cm
 Poids :70 kg / ml
Couleur : béton naturel",https://www.comaf.tn/ciment-et-produits-en-beton/1246-bordure-de-trottoir-t2.html,2026-04-05 09:30:20.887913,8.800054290545828e-06,,
ecommerce,CANIVEAU DE CHAUSSÉ CC2,fer,CANIVEAU DE CHAUSSÉ CC2,,7.354,,,TND,ML,,,Tunisie,COMAF - Comptoir Africain,True,"Caractéristiques du produit 

Longueur : 50 cm
Largeur : 50 cm
Hauteur : 14 / 11 cm
Poids : 130 kg / ml
Couleur : béton naturel",https://www.comaf.tn/ciment-et-produits-en-beton/1249-caniveau-de-chausse-cc2.html,2026-04-05 09:30:41.791043,8.800054290545828e-06,,
ecommerce,CANIVEAU DE CHAUSSÉ CS2,fer,CANIVEAU DE CHAUSSÉ CS2,,7.14,,,TND,ML,,,Tunisie,COMAF - Comptoir Africain,True,"Caractéristiques du produit 

Longueur : 1m
Largeur : 25 cm
Hauteur : 13,5 / 11 cm
Poids : 62 kg / ml
Couleur : béton naturel",https://www.comaf.tn/ciment-et-produits-en-beton/1250-caniveau-de-chausse-cs2.html,2026-04-05 09:30:49.692404,8.503672229139342e-06,,
ecommerce,BORDURE MINCE P2,fer,BORDURE MINCE P2,,19.254,,,TND,M2,,,Tunisie,COMAF - Comptoir Africain,True,"Caractéristiques du produit 

Longueur : 50 cm
Largeur : 6 cm
Hauteur : 28 cm
 Poids : 34 kg / ml
Couleur : béton naturel",https://www.comaf.tn/ciment-et-produits-en-beton/1247-bordure-mince-p2.html,2026-04-05 09:31:13.395771,2.5281112845392438e-05,,
blog_article,Moins d'un mois,isolation,,,2.0,1.0,3.0,TND,unité,,,Tunis,SM Devis (source blog),True,Fourchette estimée : 1.0 – 3.0 DT/unité,https://www.sm-devis.tn/devis-chauffage-geothermique-tunisie/,2026-04-05 09:36:32.285879,1.3849629037686226e-06,0.0,6.206922235540285e-06
blog_article,Pompe à chaleur géothermique eau-eau capteurs verticaux,isolation,,,12000.0,,17500.0,TND,unité,,,Tunis,SM Devis (source blog),True,25000 dt,https://www.sm-devis.tn/devis-chauffage-geothermique-tunisie/,2026-04-05 09:36:32.280346,0.016618169882319702,,0.060340939341817966
blog_article,Le prix d’une pompe à chaleur géothermique en Tunisie varie,isolation,,,17000.0,9000.0,25000.0,TND,unité,,,Tunis,SM Devis (source blog),True,Fourchette estimée : 9000.0 – 25000.0 DT/unité,https://www.sm-devis.tn/devis-chauffage-geothermique-tunisie/,2026-04-05 09:36:32.284879,0.023542984401162814,0.0016975404998001396,0.08620311532323582
blog_article,Veuillez entrer uniquement 2 chiffres * Exemple,isolation,,,12.0,,,TND,unité,,,Tunis,SM Devis (source blog),True,Veuillez entrer uniquement 2 chiffres * Exemple: 12 Cette boîte est pour la protection contre le spam - Veuillez laisser en blanc :,https://www.sm-devis.tn/devis-chauffage-geothermique-tunisie/,2026-04-05 09:36:32.281348,1.5234591941454847e-05,,
blog_article,Pompe à chaleur géothermique eau-eau capteurs horizontaux,isolation,,,9000.0,,13500.0,TND,unité,,,Tunis,SM Devis (source blog),True,17000 dt,https://www.sm-devis.tn/devis-chauffage-geothermique-tunisie/,2026-04-05 09:36:32.280346,0.012463281171013835,,0.04654777881839511
blog_article,Entre 3 et 6 mois,isolation,,,9.0,6.0,12.0,TND,unité,,,Tunis,SM Devis (source blog),True,Fourchette estimée : 6.0 – 12.0 DT/unité,https://www.sm-devis.tn/devis-chauffage-geothermique-tunisie/,2026-04-05 09:36:32.285879,1.107970323014898e-05,9.431828535393596e-07,3.7241533413241716e-05
blog_article,Entre 1 et 3 mois,isolation,,,4.5,3.0,6.0,TND,unité,,,Tunis,SM Devis (source blog),True,Fourchette estimée : 3.0 – 6.0 DT/unité,https://www.sm-devis.tn/devis-chauffage-geothermique-tunisie/,2026-04-05 09:36:32.285879,4.847370163190179e-06,3.772731414157439e-07,1.6551792628107427e-05
blog_article,Budget / Cout Rénovation de Façade (ancien),peinture,,,37.5,30.0,45.0,TND,unité,,,Tunis,SM Devis (source blog),True,Budget / Cout Rénovation de Façade (ancien): 30 à 45dt,https://www.sm-devis.tn/cout-installation-de-ravalement-de-facade-en-tunisie/,2026-04-05 09:35:17.935038,5.0551145987554725e-05,5.470460550528286e-06,0.00015103510773148025
blog_article,mise en œuvre par un de nos artisans se situent,peinture,,,22.5,15.0,30.0,TND,unité,,,Tunis,SM Devis (source blog),True,Fourchette estimée : 15.0 – 30.0 DT/unité,https://www.sm-devis.tn/cout-installation-de-ravalement-de-facade-en-tunisie/,2026-04-05 09:35:17.936084,2.9776702431025385e-05,2.640911989910207e-06,9.931075576864456e-05
blog_article,Les travaux de rénovation d’enduit de façade se situent,peinture,,,37.5,30.0,45.0,TND,unité,,,Tunis,SM Devis (source blog),True,Fourchette estimée : 30.0 – 45.0 DT/unité,https://www.sm-devis.tn/cout-installation-de-ravalement-de-facade-en-tunisie/,2026-04-05 09:35:17.936084,5.0551145987554725e-05,5.470460550528286e-06,0.00015103510773148025
blog_article,Enduit monocouche,peinture,,,20302.0,,,TND,m²,,,Tunis,SM Devis (source blog),True,,https://www.sm-devis.tn/prix-installation-ravalement-de-facade-tunis/,2026-04-05 09:41:43.359193,0.028116131909406806,,
blog_article,Badigeon de chaux,peinture,,,302.0,,,TND,m²,,,Tunis,SM Devis (source blog),True,,https://www.sm-devis.tn/prix-installation-ravalement-de-facade-tunis/,2026-04-05 09:41:43.359193,0.00041687383403435536,,
blog_article,Traitement de façade,peinture,,,10100.0,,,TND,ml,,,Tunis,SM Devis (source blog),True,,https://www.sm-devis.tn/prix-installation-ravalement-de-facade-tunis/,2026-04-05 09:41:43.358204,0.013986740365159319,,
blog_article,Traitement anti-mousse et champignons,peinture,,,301002.0,,,TND,m²,,,Tunis,SM Devis (source blog),True,,https://www.sm-devis.tn/prix-installation-ravalement-de-facade-tunis/,2026-04-05 09:41:43.358204,0.41687521899725916,,
blog_article,Budget / Cout Ravalement de Façade (neuf),peinture,,,22.5,15.0,30.0,TND,unité,,,Tunis,SM Devis (source blog),True,Budget / Cout Ravalement de Façade (neuf): entre 15 à 30 dt,https://www.sm-devis.tn/cout-installation-de-ravalement-de-facade-en-tunisie/,2026-04-05 09:35:17.935038,2.9776702431025385e-05,2.640911989910207e-06,9.931075576864456e-05
blog_article,Mise en place de l’échafaudage,peinture,,,2030.0,,,TND,unité,,,Tunis,SM Devis (source blog),True,,https://www.sm-devis.tn/prix-installation-ravalement-de-facade-tunis/,2026-04-05 09:41:43.358204,0.0028100897317465353,,
blog_article,Réparation des fissures et joints Tunis,peinture,,,73.0,18.0,128.0,TND,m²,,,Tunis,SM Devis (source blog),True,Fourchette estimée : 18.0 – 128.0 DT/m²,https://www.sm-devis.tn/tarifs-ravalement-de-facade-tunis/,2026-04-05 09:42:36.244185,9.971732907134082e-05,3.206821702033823e-06,0.00043724318859250454
blog_article,Peinture & finitions,peinture,,,4000.0,,,TND,unité,,,Tunisie,limmobilier.tn (source blog),True,Peinture & finitions,https://limmobilier.tn/article/25/prix-des-materiaux-de-construction-en-tunisie-2025-guide-complet.html,2026-04-05 09:33:34.592995,0.005538466652170722,,
blog_article,Imperméabilisation façade (peinture),peinture,,,32502.0,,,TND,m²,,,Tunis,SM Devis (source blog),True,,https://www.sm-devis.tn/prix-installation-ravalement-de-facade-tunis/,2026-04-05 09:41:43.358204,0.045012679335384005,,
blog_article,"Façades Maison, les prix varieront entre",peinture,,,24.0,18.0,30.0,TND,m²,,,Tunis,SM Devis (source blog),True,Fourchette : 18.0 – 30.0 DT/unité,https://www.sm-devis.tn/cout-installation-de-ravalement-de-facade-en-tunisie/,2026-04-05 09:35:17.934091,3.1854146786678316e-05,3.206821702033823e-06,9.931075576864456e-05
blog_article,"Mur de clôture, les prix varieront entre",peinture,,,16.5,15.0,18.0,TND,m²,,,Tunis,SM Devis (source blog),True,Fourchette : 15.0 – 18.0 DT/unité,https://www.sm-devis.tn/cout-installation-de-ravalement-de-facade-en-tunisie/,2026-04-05 09:35:17.934091,2.146692500841365e-05,2.640911989910207e-06,5.7931274198376e-05
blog_article,"Si la demande est effectué au moins 1 mois à l’avance, les prix varieront entre",peinture,,,35.0,30.0,40.0,TND,m²,,,Tunis,SM Devis (source blog),True,Fourchette : 30.0 – 40.0 DT/unité,https://www.sm-devis.tn/cout-installation-de-ravalement-de-facade-en-tunisie/,2026-04-05 09:35:17.934091,4.708873872813317e-05,5.470460550528286e-06,0.0001337936570772017
blog_article,Crépi,peinture,,,50.0,20.0,80.0,TND,unité,,,Tunis,SM Devis (source blog),True,Fourchette estimée : 20.0 – 80.0 DT/unité,https://www.sm-devis.tn/prix-installation-ravalement-de-facade-tunis/,2026-04-05 09:41:43.361184,6.78631822846625e-05,3.5840948434495667e-06,0.00027172526231143023
blog_article,Enduit multicouche,peinture,,,65.0,50.0,80.0,TND,unité,,,Tunis,SM Devis (source blog),True,Fourchette estimée : 50.0 – 80.0 DT/unité,https://www.sm-devis.tn/prix-installation-ravalement-de-facade-tunis/,2026-04-05 09:41:43.361184,8.863762584119184e-05,9.243191964685726e-06,0.00027172526231143023
blog_article,Enduit monocouche,peinture,,,25.0,20.0,30.0,TND,unité,,,Tunis,SM Devis (source blog),True,Fourchette estimée : 20.0 – 30.0 DT/unité,https://www.sm-devis.tn/prix-installation-ravalement-de-facade-tunis/,2026-04-05 09:41:43.361184,3.323910969044694e-05,3.5840948434495667e-06,9.931075576864456e-05
blog_article,Imperméabilisation façade (peinture),peinture,,,41.0,32.0,50.0,TND,unité,,,Tunis,SM Devis (source blog),True,Fourchette estimée : 32.0 – 50.0 DT/unité,https://www.sm-devis.tn/prix-installation-ravalement-de-facade-tunis/,2026-04-05 09:41:43.361184,5.53985161507449e-05,5.84773369194403e-06,0.00016827655838575883
blog_article,Traitement anti-mousse et champignons,peinture,,,65.0,30.0,100.0,TND,unité,,,Tunis,SM Devis (source blog),True,Fourchette estimée : 30.0 – 100.0 DT/unité,https://www.sm-devis.tn/prix-installation-ravalement-de-facade-tunis/,2026-04-05 09:41:43.361184,8.863762584119184e-05,5.470460550528286e-06,0.00034069106492854454
blog_article,Traitement de façade,peinture,,,55.0,10.0,100.0,TND,unité,,,Tunis,SM Devis (source blog),True,Fourchette estimée : 10.0 – 100.0 DT/unité,https://www.sm-devis.tn/prix-installation-ravalement-de-facade-tunis/,2026-04-05 09:41:43.361184,7.478799680350562e-05,1.6977291363708474e-06,0.00034069106492854454
blog_article,Nettoyage de façade,peinture,,,17.0,4.0,30.0,TND,unité,,,Tunis,SM Devis (source blog),True,Fourchette estimée : 4.0 – 30.0 DT/unité,https://www.sm-devis.tn/prix-installation-ravalement-de-facade-tunis/,2026-04-05 09:41:43.361184,2.215940646029796e-05,5.659097121236158e-07,9.931075576864456e-05
blog_article,Mise en place de l’échafaudage,peinture,,,25.0,20.0,30.0,TND,unité,,,Tunis,SM Devis (source blog),True,Fourchette estimée : 20.0 – 30.0 DT/unité,https://www.sm-devis.tn/prix-installation-ravalement-de-facade-tunis/,2026-04-05 09:41:43.361184,3.323910969044694e-05,3.5840948434495667e-06,9.931075576864456e-05
blog_article,"avec 150 m2 de murs à rénover, se situe",peinture,,,9750.0,4500.0,15000.0,TND,unité,,,Tunis,SM Devis (source blog),True,Fourchette estimée : 4500.0 – 15000.0 DT/unité,https://www.sm-devis.tn/prix-installation-ravalement-de-facade-tunis/,2026-04-05 09:41:43.361184,0.0135020033488403,0.0008486759316147158,0.05172021401467868
blog_article,Prix d’un ravalement de façade en Tunisie varie,peinture,,,95.0,30.0,160.0,TND,m,,,Tunis,SM Devis (source blog),True,Fourchette estimée : 30.0 – 160.0 DT/m,https://www.sm-devis.tn/prix-installation-ravalement-de-facade-tunis/,2026-04-05 09:41:43.361184,0.00013018651295425052,5.470460550528286e-06,0.0005475884727798874
blog_article,Crépi,peinture,,,20802.0,,,TND,m²,,,Tunis,SM Devis (source blog),True,,https://www.sm-devis.tn/prix-installation-ravalement-de-facade-tunis/,2026-04-05 09:41:43.359193,0.02880861336129112,,
blog_article,Entre 3 et 6 mois,peinture,,,9.0,6.0,12.0,TND,unité,,,Tunis,SM Devis (source blog),True,Fourchette estimée : 6.0 – 12.0 DT/unité,http://www.sm-devis.tn/peinture-3/,2026-04-05 09:34:28.370135,1.107970323014898e-05,9.431828535393596e-07,3.7241533413241716e-05
blog_article,Entre 1 et 3 mois,peinture,,,4.5,3.0,6.0,TND,unité,,,Tunis,SM Devis (source blog),True,Fourchette estimée : 3.0 – 6.0 DT/unité,http://www.sm-devis.tn/peinture-3/,2026-04-05 09:34:28.370135,4.847370163190179e-06,3.772731414157439e-07,1.6551792628107427e-05
blog_article,Moins d'un mois,peinture,,,2.0,1.0,3.0,TND,unité,,,Tunis,SM Devis (source blog),True,Fourchette estimée : 1.0 – 3.0 DT/unité,http://www.sm-devis.tn/peinture-3/,2026-04-05 09:34:28.370135,1.3849629037686226e-06,0.0,6.206922235540285e-06
blog_article,Veuillez entrer uniquement 2 chiffres * Exemple,peinture,,,12.0,,,TND,unité,,,Tunis,SM Devis (source blog),True,Veuillez entrer uniquement 2 chiffres * Exemple: 12 Cette boîte est pour la protection contre le spam - Veuillez laisser en blanc :,http://www.sm-devis.tn/peinture-3/,2026-04-05 09:34:28.365058,1.5234591941454847e-05,,
blog_article,Enduit multicouche,peinture,,,50802.0,,,TND,m²,,,Tunis,SM Devis (source blog),True,,https://www.sm-devis.tn/prix-installation-ravalement-de-facade-tunis/,2026-04-05 09:41:43.359193,0.0703575004743498,,
blog_article,"Si la demande est effectué en Mai, les prix varieront entre",peinture,,,40.0,35.0,45.0,TND,m²,,,Tunis,SM Devis (source blog),True,Fourchette : 35.0 – 45.0 DT/unité,https://www.sm-devis.tn/cout-installation-de-ravalement-de-facade-en-tunisie/,2026-04-05 09:35:17.934091,5.401355324697628e-05,6.413643404067646e-06,0.00015103510773148025
blog_article,"Nettoyage à sec (peeling, ponçage…) Tunis",peinture,,,27.5,19.0,36.0,TND,m²,,,Tunis,SM Devis (source blog),True,Fourchette estimée : 19.0 – 36.0 DT/m²,https://www.sm-devis.tn/tarifs-ravalement-de-facade-tunis/,2026-04-05 09:42:36.244185,3.67015169498685e-05,3.395458272741695e-06,0.00012000049655377884
blog_article,"Nettoyage humide (haute pression, nébulisation, nettoyage chimique…) Tunis",peinture,,,26.0,14.0,38.0,TND,m²,,,Tunis,SM Devis (source blog),True,Fourchette estimée : 14.0 – 38.0 DT/m²,https://www.sm-devis.tn/tarifs-ravalement-de-facade-tunis/,2026-04-05 09:42:36.244185,3.4624072594215564e-05,2.452275419202335e-06,0.00012689707681549028
blog_article,Location et installation échafaudage Tunis,peinture,,,58290.0,,,TND,jour,,,Tunis,SM Devis (source blog),True,,https://www.sm-devis.tn/tarifs-ravalement-de-facade-tunis/,2026-04-05 09:42:36.239191,0.08072810269776924,,
blog_article,Location et installation échafaudage Tunis,peinture,,,174.0,58.0,290.0,TND,jour,,,Tunis,SM Devis (source blog),True,Fourchette estimée : 58.0 – 290.0 DT/jour,https://www.sm-devis.tn/tarifs-ravalement-de-facade-tunis/,2026-04-05 09:42:36.244185,0.0002395985823519717,1.07522845303487e-05,0.0009958661897911303
blog_article,"Nettoyage par projection de matière (gommage, sablage…) Tunis",peinture,,,2779.0,,,TND,m²,,,Tunis,SM Devis (source blog),True,,https://www.sm-devis.tn/tarifs-ravalement-de-facade-tunis/,2026-04-05 09:42:36.239191,0.0038474269466692336,,
blog_article,"Nettoyage humide (haute pression, nébulisation, nettoyage chimique…) Tunis",peinture,,,1438.0,,,TND,m²,,,Tunis,SM Devis (source blog),True,,https://www.sm-devis.tn/tarifs-ravalement-de-facade-tunis/,2026-04-05 09:42:36.239191,0.0019901916927155105,,
blog_article,"Nettoyage à sec (peeling, ponçage…) Tunis",peinture,,,1936.0,,,TND,m²,,,Tunis,SM Devis (source blog),True,,https://www.sm-devis.tn/tarifs-ravalement-de-facade-tunis/,2026-04-05 09:42:36.239191,0.0026799032187922846,,
blog_article,Traitement anti-mousse et champignons Tunis,peinture,,,94.5,39.0,150.0,TND,m²,,,Tunis,SM Devis (source blog),True,Fourchette estimée : 39.0 – 150.0 DT/m²,https://www.sm-devis.tn/tarifs-ravalement-de-facade-tunis/,2026-04-05 09:42:36.244185,0.00012949403150236622,7.168189686899133e-06,0.0005131055714713302
blog_article,"Nettoyage par projection de matière (gommage, sablage…) Tunis",peinture,,,53.0,27.0,79.0,TND,m²,,,Tunis,SM Devis (source blog),True,Fourchette estimée : 27.0 – 79.0 DT/m²,https://www.sm-devis.tn/tarifs-ravalement-de-facade-tunis/,2026-04-05 09:42:36.244185,7.201807099596837e-05,4.90455083840467e-06,0.00026827697218057456
blog_article,Imperméabilisation Tunis,peinture,,,76.5,33.0,120.0,TND,m²,,,Tunis,SM Devis (source blog),True,Fourchette estimée : 33.0 – 120.0 DT/m²,https://www.sm-devis.tn/tarifs-ravalement-de-facade-tunis/,2026-04-05 09:42:36.244185,0.000104564699234531,6.036370262651902e-06,0.00040965686754565884
blog_article,Enduit ou crépi Tunis,peinture,,,2384.0,,,TND,m²,,,Tunis,SM Devis (source blog),True,,https://www.sm-devis.tn/tarifs-ravalement-de-facade-tunis/,2026-04-05 09:42:36.239191,0.0033003665996806275,,
blog_article,Peinture Tunis,peinture,,,36.5,24.0,49.0,TND,m²,,,Tunis,SM Devis (source blog),True,Fourchette estimée : 24.0 – 49.0 DT/m²,https://www.sm-devis.tn/tarifs-ravalement-de-facade-tunis/,2026-04-05 09:42:36.244185,4.91661830837861e-05,4.338641126281055e-06,0.00016482826825490313
blog_article,Enduit ou crépi Tunis,peinture,,,53.5,23.0,84.0,TND,m²,,,Tunis,SM Devis (source blog),True,Fourchette estimée : 23.0 – 84.0 DT/m²,https://www.sm-devis.tn/tarifs-ravalement-de-facade-tunis/,2026-04-05 09:42:36.244185,7.271055244785268e-05,4.150004555573183e-06,0.00028551842283485314
blog_article,Lasure sur bois Tunis,peinture,,,32.5,27.0,38.0,TND,m²,,,Tunis,SM Devis (source blog),True,Fourchette estimée : 27.0 – 38.0 DT/m²,https://www.sm-devis.tn/tarifs-ravalement-de-facade-tunis/,2026-04-05 09:42:36.244185,4.362633146871161e-05,4.90455083840467e-06,0.00012689707681549028
blog_article,"Bardage (bois, métal, PVC, ciment) Tunis",peinture,,,83.0,14.0,152.0,TND,m²,,,Tunis,SM Devis (source blog),True,Fourchette estimée : 14.0 – 152.0 DT/m²,https://www.sm-devis.tn/tarifs-ravalement-de-facade-tunis/,2026-04-05 09:42:36.244185,0.00011356695810902706,2.452275419202335e-06,0.0005200021517330417
blog_article,"Placage (pierre, béton, terre cuite, quartz) Tunis",peinture,,,92.5,27.0,158.0,TND,m²,,,Tunis,SM Devis (source blog),True,Fourchette estimée : 27.0 – 158.0 DT/m²,https://www.sm-devis.tn/tarifs-ravalement-de-facade-tunis/,2026-04-05 09:42:36.244185,0.00012672410569482896,4.90455083840467e-06,0.000540691892518176
blog_article,Réparation des fissures et joints Tunis,peinture,,,18128.0,,,TND,m²,,,Tunis,SM Devis (source blog),True,,https://www.sm-devis.tn/tarifs-ravalement-de-facade-tunis/,2026-04-05 09:42:36.239191,0.02510522255661382,,
blog_article,Peinture Tunis,peinture,,,2449.0,,,TND,m²,,,Tunis,SM Devis (source blog),True,,https://www.sm-devis.tn/tarifs-ravalement-de-facade-tunis/,2026-04-05 09:42:36.239191,0.0033903891884255882,,
blog_article,Imperméabilisation Tunis,peinture,,,33120.0,,,TND,m²,,,Tunis,SM Devis (source blog),True,,https://www.sm-devis.tn/tarifs-ravalement-de-facade-tunis/,2026-04-05 09:42:36.239191,0.04586858640991301,,
blog_article,Lasure sur bois Tunis,peinture,,,2738.0,,,TND,m²,,,Tunis,SM Devis (source blog),True,,https://www.sm-devis.tn/tarifs-ravalement-de-facade-tunis/,2026-04-05 09:42:36.240199,0.0037906434676147197,,
blog_article,Tarif de la peinture au m² pour la rénovation d’un T1 de 23 m²Prix,peinture,,,3000.0,,,TND,unité,,,Tunis,SM Devis (source blog),True,Tarif de la peinture au m² pour la rénovation d’un T1 de 23 m²Prix : 3 000 dt,https://www.sm-devis.tn/prix-pose-peinture-tapisserie-la-marsa-tunis/,2026-04-05 09:42:08.096643,0.004153503748402099,,
blog_article,Prix,peinture,,,4355.0,,,TND,unité,,,Tunis,SM Devis (source blog),True,Prix : 4 355 dt,https://www.sm-devis.tn/prix-pose-peinture-tapisserie-la-marsa-tunis/,2026-04-05 09:42:08.096643,0.006030128483008583,,
blog_article,Prix,peinture,,,4850.0,,,TND,unité,,,Tunis,SM Devis (source blog),True,Prix : 4850 dt,https://www.sm-devis.tn/prix-pose-peinture-tapisserie-la-marsa-tunis/,2026-04-05 09:42:08.096643,0.006715685120374051,,
blog_article,Un ravalement de façade à Tunis  coûte généralement,peinture,,,174.5,59.0,290.0,TND,m²,,,Tunis,SM Devis (source blog),True,Fourchette estimée : 59.0 – 290.0 DT/m²,https://www.sm-devis.tn/tarifs-ravalement-de-facade-tunis/,2026-04-05 09:42:36.244185,0.000240291063803856,1.0940921101056572e-05,0.0009958661897911303
blog_article,une fourchette allant,peinture,,,133.5,77.0,190.0,TND,unité,,,Tunis,SM Devis (source blog),True,Fourchette estimée : 77.0 – 190.0 DT/unité,https://www.sm-devis.tn/tarifs-ravalement-de-facade-tunis/,2026-04-05 09:42:36.244185,0.0001835075847493425,1.4336379373798267e-05,0.0006510371767055589
blog_article,"Que les copropriétaires se rassurent en Tunisie, ravaler une façade intervient en moyenne tous les",peinture,,,17.5,15.0,20.0,TND,unité,,,Tunis,SM Devis (source blog),True,Fourchette estimée : 15.0 – 20.0 DT/unité,https://www.sm-devis.tn/tarifs-ravalement-de-facade-tunis/,2026-04-05 09:42:36.243197,2.285188791218227e-05,2.640911989910207e-06,6.482785446008742e-05
blog_article,entre 59 dt/m,peinture,,,146.0,2.0,290.0,TND,m,,,Tunis,SM Devis (source blog),True,Fourchette estimée : 2.0 – 290.0 DT/m,https://www.sm-devis.tn/tarifs-ravalement-de-facade-tunis/,2026-04-05 09:42:36.243197,0.00020081962104645027,1.8863657070787194e-07,0.0009958661897911303
blog_article,"Placage (pierre, béton, terre cuite, quartz) Tunis",peinture,,,27158.0,,,TND,m²,,,Tunis,SM Devis (source blog),True,,https://www.sm-devis.tn/tarifs-ravalement-de-facade-tunis/,2026-04-05 09:42:36.240199,0.037611437577644485,,
blog_article,"Bardage (bois, métal, PVC, ciment) Tunis",peinture,,,14152.0,,,TND,m²,,,Tunis,SM Devis (source blog),True,,https://www.sm-devis.tn/tarifs-ravalement-de-facade-tunis/,2026-04-05 09:42:36.240199,0.019598610051229776,,
blog_article,"plus, vous pouvez opter pour de la peinture intérieure. Selon le type de projet, le prix peinture n’est plus élevé que",peinture,,,7.5,5.0,10.0,TND,m²,,,Tunis,SM Devis (source blog),True,Fourchette estimée : 5.0 – 10.0 DT/m²,https://www.sm-devis.tn/prix-pose-peinture-tapisserie-la-marsa-tunis/,2026-04-05 09:42:08.098648,9.002258874496046e-06,7.545462828314878e-07,3.0344953151530288e-05
blog_article,Traitement anti-mousse et champignons Tunis,peinture,,,39150.0,,,TND,m²,,,Tunis,SM Devis (source blog),True,,https://www.sm-devis.tn/tarifs-ravalement-de-facade-tunis/,2026-04-05 09:42:36.239191,0.0542199127196378,,
blog_article,"totalement imperméable lui aussi (de 6 à 35 dt), ou encore le papier peint à peindre un peu plus épais que les autres (",peinture,,,2.5,2.0,3.0,TND,unité,,,Tunis,SM Devis (source blog),True,Fourchette estimée : 2.0 – 3.0 DT/unité,https://www.sm-devis.tn/prix-pose-peinture-tapisserie-la-marsa-tunis/,2026-04-05 09:42:08.098648,2.077444355652934e-06,1.8863657070787194e-07,6.206922235540285e-06
blog_article,On le trouve sur le marché,peinture,,,15.0,5.0,25.0,TND,unité,,,Tunis,SM Devis (source blog),True,Fourchette estimée : 5.0 – 25.0 DT/unité,https://www.sm-devis.tn/prix-pose-peinture-tapisserie-la-marsa-tunis/,2026-04-05 09:42:08.098648,1.9389480652760716e-05,7.545462828314878e-07,8.2069305114366e-05
blog_article,Le prix au m² de la peinture  en Tunisie TTC sera,peinture,,,37.5,25.0,50.0,TND,unité,,,Tunis,SM Devis (source blog),True,Fourchette estimée : 25.0 – 50.0 DT/unité,https://www.sm-devis.tn/prix-pose-peinture-tapisserie-la-marsa-tunis/,2026-04-05 09:42:08.098648,5.0551145987554725e-05,4.5272776969889265e-06,0.00016827655838575883
blog_article,Prix,peinture,,,13518.0,,,TND,unité,,,Tunis,SM Devis (source blog),True,Prix : 13 518 dt,https://www.sm-devis.tn/prix-pose-peinture-tapisserie-la-marsa-tunis/,2026-04-05 09:42:08.096643,0.018720543570240472,,
blog_article,Prix,peinture,,,9150.0,,,TND,unité,,,Tunis,SM Devis (source blog),True,Prix : 9 150 dt,https://www.sm-devis.tn/prix-pose-peinture-tapisserie-la-marsa-tunis/,2026-04-05 09:42:08.096643,0.012671025606579128,,
blog_article,Prix,peinture,,,10300.0,,,TND,unité,,,Tunis,SM Devis (source blog),True,Prix : 10 300 dt,https://www.sm-devis.tn/prix-pose-peinture-tapisserie-la-marsa-tunis/,2026-04-05 09:42:08.096643,0.014263732945913044,,
blog_article,Prix,peinture,,,7005.0,,,TND,unité,,,Tunis,SM Devis (source blog),True,Prix : 7 005 dt,https://www.sm-devis.tn/prix-pose-peinture-tapisserie-la-marsa-tunis/,2026-04-05 09:42:08.096643,0.009700280177995433,,
blog_article,Prix,peinture,,,6950.0,,,TND,unité,,,Tunis,SM Devis (source blog),True,Prix : 6950 dt,https://www.sm-devis.tn/prix-pose-peinture-tapisserie-la-marsa-tunis/,2026-04-05 09:42:08.096643,0.009624107218288158,,
blog_article,"e nombreux autres papiers peints, en voici quelques exemples : le papier peint vinyle totalement imperméable lui aussi (",peinture,,,20.5,6.0,35.0,TND,unité,,,Tunis,SM Devis (source blog),True,Fourchette estimée : 6.0 – 35.0 DT/unité,https://www.sm-devis.tn/prix-pose-peinture-tapisserie-la-marsa-tunis/,2026-04-05 09:42:08.098648,2.700677662348814e-05,9.431828535393596e-07,0.00011655220642292313
blog_article,"Le prix d’une façade ravalement, enduit…. en Tunisie varie",peinture,,,18750.0,7500.0,30000.0,TND,unité,,,Tunis,SM Devis (source blog),True,Fourchette estimée : 7500.0 – 30000.0 DT/unité,https://www.sm-devis.tn/prix-installation-facade-ravalement-enduit-tunisie/,2026-04-05 09:41:36.788809,0.025966669482757904,0.0014145856437383316,0.10344456597751439
blog_article,Réparation ou remplacement de robinet Tunis,plomberie,,,115.0,70.0,160.0,TND,unité,,,Tunis,SM Devis (source blog),True,Fourchette estimée : 70.0 – 160.0 DT/unité,https://www.sm-devis.tn/prix-pose-reparation-de-fuite-plomberie-tunis/,2026-04-05 09:42:16.635490,0.00015788577102962298,1.3015923378843163e-05,0.0005475884727798874
blog_article,Débouchage canalisation Tunis,plomberie,,,60190.0,,,TND,unité,,,Tunis,SM Devis (source blog),True,,https://www.sm-devis.tn/prix-pose-reparation-de-fuite-plomberie-tunis/,2026-04-05 09:42:16.631398,0.08335953221492963,,
blog_article,Remplacement de pièce défectueuse Tunis,plomberie,,,70130.0,,,TND,pièce,,,Tunis,SM Devis (source blog),True,,https://www.sm-devis.tn/prix-pose-reparation-de-fuite-plomberie-tunis/,2026-04-05 09:42:16.631398,0.09712606347838973,,
blog_article,Réparation de l’étanchéité de la douche / baignoire Tunis,plomberie,,,130290.0,,,TND,unité,,,Tunis,SM Devis (source blog),True,,https://www.sm-devis.tn/prix-pose-reparation-de-fuite-plomberie-tunis/,2026-04-05 09:42:16.631398,0.18044543176911007,,
blog_article,Remplacement de chauffe-eau Tunis,plomberie,,,140500.0,,,TND,unité,,,Tunis,SM Devis (source blog),True,,https://www.sm-devis.tn/prix-pose-reparation-de-fuite-plomberie-tunis/,2026-04-05 09:42:16.631398,0.1945859030165877,,
blog_article,Le prix pose réparation de fuite plomberie Tunisie varie entre en moyenne,plomberie,,,290.0,80.0,500.0,TND,unité,,,Tunis,SM Devis (source blog),True,Fourchette estimée : 80.0 – 500.0 DT/unité,https://www.sm-devis.tn/prix-pose-reparation-de-fuite-plomberie-tunis/,2026-04-05 09:42:16.634487,0.00040025427918913194,1.4902289085921883e-05,0.0017200071172708302
blog_article,Dépannage de fuite Tunis,plomberie,,,355.0,160.0,550.0,TND,unité,,,Tunis,SM Devis (source blog),True,Fourchette estimée : 160.0 – 550.0 DT/unité,https://www.sm-devis.tn/prix-pose-reparation-de-fuite-plomberie-tunis/,2026-04-05 09:42:16.635490,0.0004902768679340924,2.9993214742551638e-05,0.0018924216238136156
blog_article,Débouchage canalisation Tunis,plomberie,,,125.0,60.0,190.0,TND,unité,,,Tunis,SM Devis (source blog),True,Fourchette estimée : 60.0 – 190.0 DT/unité,https://www.sm-devis.tn/prix-pose-reparation-de-fuite-plomberie-tunis/,2026-04-05 09:42:16.635490,0.0001717354000673092,1.1129557671764444e-05,0.0006510371767055589
blog_article,Remplacement de pièce défectueuse Tunis,plomberie,,,100.0,70.0,130.0,TND,unité,,,Tunis,SM Devis (source blog),True,Fourchette estimée : 70.0 – 130.0 DT/unité,https://www.sm-devis.tn/prix-pose-reparation-de-fuite-plomberie-tunis/,2026-04-05 09:42:16.635490,0.00013711132747309363,1.3015923378843163e-05,0.000444139768854216
blog_article,Réparation de l’étanchéité de la douche / baignoire Tunis,plomberie,,,210.0,130.0,290.0,TND,unité,,,Tunis,SM Devis (source blog),True,Fourchette estimée : 130.0 – 290.0 DT/unité,https://www.sm-devis.tn/prix-pose-reparation-de-fuite-plomberie-tunis/,2026-04-05 09:42:16.635490,0.00028945724688764213,2.433411762131548e-05,0.0009958661897911303
blog_article,Remplacement de chauffe-eau Tunis,plomberie,,,320.0,140.0,500.0,TND,unité,,,Tunis,SM Devis (source blog),True,Fourchette estimée : 140.0 – 500.0 DT/unité,https://www.sm-devis.tn/prix-pose-reparation-de-fuite-plomberie-tunis/,2026-04-05 09:42:16.635490,0.0004418031663021906,2.62204833283942e-05,0.0017200071172708302
blog_article,Dépannage de chasse d’eau Tunis,plomberie,,,60170.0,,,TND,unité,,,Tunis,SM Devis (source blog),True,,https://www.sm-devis.tn/prix-pose-reparation-de-fuite-plomberie-tunis/,2026-04-05 09:42:16.630493,0.08333183295685426,,
blog_article,Réparation ou remplacement de robinet Tunis,plomberie,,,70160.0,,,TND,unité,,,Tunis,SM Devis (source blog),True,,https://www.sm-devis.tn/prix-pose-reparation-de-fuite-plomberie-tunis/,2026-04-05 09:42:16.630493,0.0971676123655028,,
blog_article,e de canalisations et le changement de pièces de robinetterie défectueuses. Le coût moyen de ce type de dépannage varie,plomberie,,,135.0,80.0,190.0,TND,unité,,,Tunis,SM Devis (source blog),True,Fourchette estimée : 80.0 – 190.0 DT/unité,https://www.sm-devis.tn/prix-pose-reparation-de-fuite-plomberie-tunis/,2026-04-05 09:42:16.635490,0.00018558502910499542,1.4902289085921883e-05,0.0006510371767055589
blog_article,Carrelage,plomberie,,,157.5,15.0,300.0,TND,m²,,,Tunis,SM Devis (source blog),True,Fourchette estimée : 15.0 – 300.0 DT/m²,https://www.sm-devis.tn/prix-installation-douche-baignoire-y-compris-robinetterie-tunisie/,2026-04-05 09:41:31.770748,0.00021674669443978942,2.640911989910207e-06,0.0010303490910996873
blog_article,Plomberie,plomberie,,,5.0,1.0,9.0,TND,m,,,Tunis,SM Devis (source blog),True,Fourchette estimée : 1.0 – 9.0 DT/m,https://www.sm-devis.tn/prix-installation-douche-baignoire-y-compris-robinetterie-tunisie/,2026-04-05 09:41:31.770748,5.53985161507449e-06,0.0,2.6896663020674568e-05
blog_article,Prix d’une installation d ‘une douche en Tunisie  varie,plomberie,,,504.5,9.0,1000.0,TND,ht,,,Tunis,SM Devis (source blog),True,Fourchette estimée : 9.0 – 1000.0 DT/ht,https://www.sm-devis.tn/prix-installation-douche-baignoire-y-compris-robinetterie-tunisie/,2026-04-05 09:41:31.770748,0.0006973288220475015,1.5090925656629756e-06,0.003444152182698687
blog_article,che varie entre 9 dt à 1000 dt/ht et le prix d’une baignoire (y compris robinetterie) en Tunisie varie entre en moyenne,plomberie,,,3530.0,60.0,7000.0,TND,ht,,,Tunis,SM Devis (source blog),True,Fourchette estimée : 60.0 – 7000.0 DT/ht,https://www.sm-devis.tn/prix-installation-douche-baignoire-y-compris-robinetterie-tunisie/,2026-04-05 09:41:31.770748,0.004887534087399469,1.1129557671764444e-05,0.02413389296783297
blog_article,Le prix d’une douche varie,plomberie,,,504.5,9.0,1000.0,TND,ht,,,Tunis,SM Devis (source blog),True,Fourchette estimée : 9.0 – 1000.0 DT/ht,https://www.sm-devis.tn/prix-installation-douche-baignoire-y-compris-robinetterie-tunisie/,2026-04-05 09:41:31.770748,0.0006973288220475015,1.5090925656629756e-06,0.003444152182698687
blog_article,Veuillez entrer uniquement 2 chiffres * Exemple,plomberie,,,12.0,,,TND,unité,,,Tunis,SM Devis (source blog),True,Veuillez entrer uniquement 2 chiffres * Exemple: 12 Cette boîte est pour la protection contre le spam - Veuillez laisser en blanc :,https://www.sm-devis.tn/prix-installation-douche-baignoire-y-compris-robinetterie-tunisie/,2026-04-05 09:41:31.768748,1.5234591941454847e-05,,
blog_article,Baignoire balnéo,plomberie,,,3800.0,,,TND,unité,,,Tunis,SM Devis (source blog),True,,https://www.sm-devis.tn/prix-installation-douche-baignoire-y-compris-robinetterie-tunisie/,2026-04-05 09:41:31.767748,0.005261474071416997,,
blog_article,Baignoire fonte,plomberie,,,1750.0,,,TND,unité,,,Tunis,SM Devis (source blog),True,,https://www.sm-devis.tn/prix-installation-douche-baignoire-y-compris-robinetterie-tunisie/,2026-04-05 09:41:31.767748,0.0024223001186913207,,
blog_article,Bac receveur,plomberie,,,370.0,40.0,700.0,TND,unité,,,Tunis,SM Devis (source blog),True,Fourchette estimée : 40.0 – 700.0 DT/unité,https://www.sm-devis.tn/prix-installation-douche-baignoire-y-compris-robinetterie-tunisie/,2026-04-05 09:41:31.770748,0.0005110513114906217,7.356826257607005e-06,0.0024096651434419728
blog_article,Baignoire acier,plomberie,,,100350.0,,,TND,unité,,,Tunis,SM Devis (source blog),True,,https://www.sm-devis.tn/prix-installation-douche-baignoire-y-compris-robinetterie-tunisie/,2026-04-05 09:41:31.767748,0.1389796424302775,,
blog_article,Baignoire acrylique,plomberie,,,60700.0,,,TND,unité,,,Tunis,SM Devis (source blog),True,,https://www.sm-devis.tn/prix-installation-douche-baignoire-y-compris-robinetterie-tunisie/,2026-04-05 09:41:31.767748,0.08406586329585163,,
blog_article,Robinetterie,plomberie,,,40700.0,,,TND,unité,,,Tunis,SM Devis (source blog),True,Robinetterie,https://www.sm-devis.tn/prix-installation-douche-baignoire-y-compris-robinetterie-tunisie/,2026-04-05 09:41:31.767748,0.05636660522047917,,
blog_article,Cabine de douche,plomberie,,,300900.0,,,TND,unité,,,Tunis,SM Devis (source blog),True,Cabine de douche,https://www.sm-devis.tn/prix-installation-douche-baignoire-y-compris-robinetterie-tunisie/,2026-04-05 09:41:31.767748,0.4167339527810748,,
blog_article,Bac receveur,plomberie,,,40700.0,,,TND,unité,,,Tunis,SM Devis (source blog),True,Bac receveur,https://www.sm-devis.tn/prix-installation-douche-baignoire-y-compris-robinetterie-tunisie/,2026-04-05 09:41:31.767748,0.05636660522047917,,
blog_article,Carrelage,plomberie,,,15300.0,,,TND,m²,,,Tunis,SM Devis (source blog),True,Carrelage,https://www.sm-devis.tn/prix-installation-douche-baignoire-y-compris-robinetterie-tunisie/,2026-04-05 09:41:31.767748,0.021188547464756156,,
blog_article,Plomberie,plomberie,,,19.0,,,TND,unité,,,Tunis,SM Devis (source blog),True,Plomberie,https://www.sm-devis.tn/prix-installation-douche-baignoire-y-compris-robinetterie-tunisie/,2026-04-05 09:41:31.767748,2.4929332267835206e-05,,
blog_article,Plomberie (cuivre/multicouche),plomberie,,,2750.0,,,TND,unité,,,Tunisie,limmobilier.tn (source blog),True,Plomberie (cuivre/multicouche),https://limmobilier.tn/article/25/prix-des-materiaux-de-construction-en-tunisie-2025-guide-complet.html,2026-04-05 09:33:34.591996,0.0038072630224599436,,
blog_article,Baignoire résine,plomberie,,,80900.0,,,TND,unité,,,Tunis,SM Devis (source blog),True,,https://www.sm-devis.tn/prix-installation-douche-baignoire-y-compris-robinetterie-tunisie/,2026-04-05 09:41:31.767748,0.1120421139519778,,
blog_article,Cabine de douche,plomberie,,,600.0,300.0,900.0,TND,unité,,,Tunis,SM Devis (source blog),True,Fourchette estimée : 300.0 – 900.0 DT/unité,https://www.sm-devis.tn/prix-installation-douche-baignoire-y-compris-robinetterie-tunisie/,2026-04-05 09:41:31.770748,0.0008295927793574049,5.640233464165371e-05,0.0030993231696131154
blog_article,Dépannage de fuite Tunis,plomberie,,,160550.0,,,TND,unité,,,Tunis,SM Devis (source blog),True,,https://www.sm-devis.tn/prix-pose-reparation-de-fuite-plomberie-tunis/,2026-04-05 09:42:16.630493,0.22235440923714858,,
blog_article,Prix d’une installation d ‘une baignoire en Tunisie  varie,plomberie,,,3530.0,60.0,7000.0,TND,ht,,,Tunis,SM Devis (source blog),True,Fourchette estimée : 60.0 – 7000.0 DT/ht,https://www.sm-devis.tn/prix-installation-douche-baignoire-y-compris-robinetterie-tunisie/,2026-04-05 09:41:31.770748,0.004887534087399469,1.1129557671764444e-05,0.02413389296783297
blog_article,Baignoire acrylique,plomberie,,,380.0,60.0,700.0,TND,unité,,,Tunis,SM Devis (source blog),True,Fourchette estimée : 60.0 – 700.0 DT/unité,https://www.sm-devis.tn/prix-installation-douche-baignoire-y-compris-robinetterie-tunisie/,2026-04-05 09:41:31.770748,0.0005249009405283079,1.1129557671764444e-05,0.0024096651434419728
blog_article,Baignoire résine,plomberie,,,490.0,80.0,900.0,TND,unité,,,Tunis,SM Devis (source blog),True,Fourchette estimée : 80.0 – 900.0 DT/unité,https://www.sm-devis.tn/prix-installation-douche-baignoire-y-compris-robinetterie-tunisie/,2026-04-05 09:41:31.770748,0.0006772468599428565,1.4902289085921883e-05,0.0030993231696131154
blog_article,Baignoire acier,plomberie,,,225.0,100.0,350.0,TND,unité,,,Tunis,SM Devis (source blog),True,Fourchette estimée : 100.0 – 350.0 DT/unité,https://www.sm-devis.tn/prix-installation-douche-baignoire-y-compris-robinetterie-tunisie/,2026-04-05 09:41:31.770748,0.00031023169044417146,1.8675020500079322e-05,0.0012027635976424732
blog_article,Baignoire fonte,plomberie,,,1750.0,500.0,3000.0,TND,unité,,,Tunis,SM Devis (source blog),True,Fourchette estimée : 500.0 – 3000.0 DT/unité,https://www.sm-devis.tn/prix-installation-douche-baignoire-y-compris-robinetterie-tunisie/,2026-04-05 09:41:31.770748,0.0024223001186913207,9.41296487832281e-05,0.010340732444410116
blog_article,Baignoire balnéo,plomberie,,,3800.0,600.0,7000.0,TND,unité,,,Tunis,SM Devis (source blog),True,Fourchette estimée : 600.0 – 7000.0 DT/unité,https://www.sm-devis.tn/prix-installation-douche-baignoire-y-compris-robinetterie-tunisie/,2026-04-05 09:41:31.770748,0.005261474071416997,0.00011299330585401529,0.02413389296783297
blog_article,Moins d'un mois,plomberie,,,2.0,1.0,3.0,TND,unité,,,Tunis,SM Devis (source blog),True,Fourchette estimée : 1.0 – 3.0 DT/unité,https://www.sm-devis.tn/prix-installation-douche-baignoire-y-compris-robinetterie-tunisie/,2026-04-05 09:41:31.771733,1.3849629037686226e-06,0.0,6.206922235540285e-06
blog_article,Entre 1 et 3 mois,plomberie,,,4.5,3.0,6.0,TND,unité,,,Tunis,SM Devis (source blog),True,Fourchette estimée : 3.0 – 6.0 DT/unité,https://www.sm-devis.tn/prix-installation-douche-baignoire-y-compris-robinetterie-tunisie/,2026-04-05 09:41:31.771733,4.847370163190179e-06,3.772731414157439e-07,1.6551792628107427e-05
blog_article,Robinetterie,plomberie,,,370.0,40.0,700.0,TND,unité,,,Tunis,SM Devis (source blog),True,Fourchette estimée : 40.0 – 700.0 DT/unité,https://www.sm-devis.tn/prix-installation-douche-baignoire-y-compris-robinetterie-tunisie/,2026-04-05 09:41:31.770748,0.0005110513114906217,7.356826257607005e-06,0.0024096651434419728
blog_article,Entre 3 et 6 mois,plomberie,,,9.0,6.0,12.0,TND,unité,,,Tunis,SM Devis (source blog),True,Fourchette estimée : 6.0 – 12.0 DT/unité,https://www.sm-devis.tn/prix-installation-douche-baignoire-y-compris-robinetterie-tunisie/,2026-04-05 09:41:31.771733,1.107970323014898e-05,9.431828535393596e-07,3.7241533413241716e-05
blog_article,"Le taux d’humidité idéal d’une maison, ou hygrométrie se situe",renovation,,,50.0,40.0,60.0,TND,unité,,,Tunis,SM Devis (source blog),True,Fourchette estimée : 40.0 – 60.0 DT/unité,https://www.sm-devis.tn/cout-travaux-traitement-de-lhumidite-tunisie/,2026-04-05 09:36:23.923495,6.78631822846625e-05,7.356826257607005e-06,0.00020275945969431598
blog_article,Fournitures,renovation,,,50.0,,,TND,unité,,,Tunis,SM Devis (source blog),True,Fournitures : 50 dt,https://www.sm-devis.tn/prix-pose-travaux-electricite-tunisie/,2026-04-05 09:42:21.024383,6.78631822846625e-05,,
blog_article,Tableau,renovation,,,50.0,,,TND,unité,,,Tunis,SM Devis (source blog),True,Tableau : à partir de 50 dt,https://www.sm-devis.tn/prix-pose-travaux-electricite-tunisie/,2026-04-05 09:42:21.024383,6.78631822846625e-05,,
blog_article,Fournitures,renovation,,,150.0,,,TND,unité,,,Tunis,SM Devis (source blog),True,Fournitures : à partir de 150 dt,https://www.sm-devis.tn/prix-pose-travaux-electricite-tunisie/,2026-04-05 09:42:21.024383,0.00020635947266152475,,
blog_article,Fournitures,renovation,,,200.0,,,TND,unité,,,Tunis,SM Devis (source blog),True,Fournitures : 200 dt,https://www.sm-devis.tn/prix-pose-travaux-electricite-tunisie/,2026-04-05 09:42:21.024383,0.0002756076178499559,,
blog_article,Le prix pose électricité Tunisie varie entre en moyenne,renovation,,,4550.0,100.0,9000.0,TND,unité,,,Tunis,SM Devis (source blog),True,Fourchette estimée : 100.0 – 9000.0 DT/unité,https://www.sm-devis.tn/prix-pose-travaux-electricite-tunisie/,2026-04-05 09:42:21.026374,0.006300196249243464,1.8675020500079322e-05,0.031030473229544397
blog_article,3 heures,renovation,,,240.0,180.0,300.0,TND,unité,,,Tunis,SM Devis (source blog),True,Fourchette estimée : 180.0 – 300.0 DT/unité,https://www.sm-devis.tn/prix-pose-travaux-electricite-tunisie/,2026-04-05 09:42:21.027366,0.0003310061340007008,3.376594615670908e-05,0.0010303490910996873
blog_article,Fournitures : 20 dt,renovation,,,1.5,1.0,2.0,TND,unité,,,Tunis,SM Devis (source blog),True,Fourchette estimée : 1.0 – 2.0 DT/unité,https://www.sm-devis.tn/prix-pose-travaux-electricite-tunisie/,2026-04-05 09:42:21.027366,6.924814518843113e-07,0.0,2.7586321046845713e-06
blog_article,Comptez 125 DT HT par installation,renovation,,,1.0,,,TND,unité,,,Tunis,SM Devis (source blog),True,"Comptez 125 DT HT par installation
 – 1",https://www.sm-devis.tn/tous-les-prix-de-pose-travaux-en-tunisie/,2026-04-05 09:42:39.223560,0.0,,
blog_article,2 heures,renovation,,,135.0,120.0,150.0,TND,unité,,,Tunis,SM Devis (source blog),True,Fourchette estimée : 120.0 – 150.0 DT/unité,https://www.sm-devis.tn/prix-pose-travaux-electricite-tunisie/,2026-04-05 09:42:21.027366,0.00018558502910499542,2.244775191423676e-05,0.0005131055714713302
blog_article,1 à 2 heures,renovation,,,60.0,30.0,90.0,TND,unité,,,Tunis,SM Devis (source blog),True,Fourchette estimée : 30.0 – 90.0 DT/unité,https://www.sm-devis.tn/prix-pose-travaux-electricite-tunisie/,2026-04-05 09:42:21.027366,8.171281132234873e-05,5.470460550528286e-06,0.0003062081636199874
blog_article,varie,renovation,,,275.0,50.0,500.0,TND,unité,,,Tunis,SM Devis (source blog),True,Fourchette estimée : 50.0 – 500.0 DT/unité,https://www.sm-devis.tn/cout-travaux-ramonage-tunisie/,2026-04-05 09:36:22.567597,0.00037947983563260256,9.243191964685726e-06,0.0017200071172708302
blog_article,1 heure,renovation,,,75.5,50.0,101.0,TND,unité,,,Tunis,SM Devis (source blog),True,Fourchette estimée : 50.0 – 101.0 DT/unité,https://www.sm-devis.tn/prix-pose-travaux-electricite-tunisie/,2026-04-05 09:42:21.027366,0.00010317973633076238,9.243191964685726e-06,0.00034413935505940026
blog_article,"otre logement, réaliser les travaux d’installation électrique neuve en respectant la norme de sécurité en vigueur (NF C",renovation,,,57.5,15.0,100.0,TND,unité,,,Tunis,SM Devis (source blog),True,Fourchette estimée : 15.0 – 100.0 DT/unité,http://www.sm-devis.tn/installation-electrique-neuf-renovation/,2026-04-05 09:34:23.096614,7.825040406292718e-05,2.640911989910207e-06,0.00034069106492854454
blog_article,"Lisse, à preparerou à enduire",renovation,,,31.5,28.0,35.0,TND,unité,,,Tunis,SM Devis (source blog),True,Fourchette estimée : 28.0 – 35.0 DT/unité,https://www.sm-devis.tn/cout-travaux-installation-peinture-tunisie/,2026-04-05 09:36:21.079222,4.224136856494299e-05,5.093187409112542e-06,0.00011655220642292313
blog_article,Surface à enduire,renovation,,,48.5,42.0,55.0,TND,unité,,,Tunis,SM Devis (source blog),True,Fourchette estimée : 42.0 – 55.0 DT/unité,https://www.sm-devis.tn/cout-travaux-installation-peinture-tunisie/,2026-04-05 09:36:21.079222,6.578573792900957e-05,7.734099399022749e-06,0.0001855180090400374
blog_article,Avec  fenêtre de toit,renovation,,,150.0,25.0,380.0,TND,unité,,,Tunis,SM Devis (source blog),True,Avec  fenêtre de toit,http://www.sm-devis.tn/entreprise-installation-travaux-pose-moustiquaire-tunisie/,2026-04-05 09:34:20.041741,0.00020635947266152475,4.5272776969889265e-06,0.0013062123015681445
blog_article,Nettoyage par haute pression,renovation,,,28.0,15.0,50.0,TND,unité,,,Tunis,SM Devis (source blog),True,Nettoyage par haute pression,https://www.sm-devis.tn/prix-travaux-de-nettoyage-de-facade-tunisie/,2026-04-05 09:42:27.267535,3.739399840175281e-05,2.640911989910207e-06,0.00016827655838575883
blog_article,"Sablage, ponçage, peeling ou nébulisation",renovation,,,40.0,30.0,90.0,TND,unité,,,Tunis,SM Devis (source blog),True,"Sablage, ponçage, peeling ou nébulisation",https://www.sm-devis.tn/prix-travaux-de-nettoyage-de-facade-tunisie/,2026-04-05 09:42:27.268530,5.401355324697628e-05,5.470460550528286e-06,0.0003062081636199874
blog_article,prix d’un nettoyage de façade de maison Tunisie  est compris,renovation,,,60.0,30.0,90.0,TND,unité,,,Tunis,SM Devis (source blog),True,Fourchette estimée : 30.0 – 90.0 DT/unité,https://www.sm-devis.tn/prix-travaux-de-nettoyage-de-facade-tunisie/,2026-04-05 09:42:27.272534,8.171281132234873e-05,5.470460550528286e-06,0.0003062081636199874
blog_article,Avec porte & porte-fenêtre de toit,renovation,,,160.0,12.0,377.0,TND,unité,,,Tunis,SM Devis (source blog),True,Avec porte & porte-fenêtre de toit,http://www.sm-devis.tn/entreprise-installation-travaux-pose-moustiquaire-tunisie/,2026-04-05 09:34:20.041741,0.00022020910169921097,2.0750022777865914e-06,0.0012958674311755775
blog_article,Avec  baie coulissante,renovation,,,250.0,130.0,390.0,TND,unité,,,Tunis,SM Devis (source blog),True,Avec  baie coulissante,http://www.sm-devis.tn/entreprise-installation-travaux-pose-moustiquaire-tunisie/,2026-04-05 09:34:20.041741,0.000344855763038387,2.433411762131548e-05,0.0013406952028767016
blog_article,Autoaggrippante,renovation,,,35.0,6.0,290.0,TND,unité,,,Tunis,SM Devis (source blog),True,Autoaggrippante,http://www.sm-devis.tn/entreprise-installation-travaux-pose-moustiquaire-tunisie/,2026-04-05 09:34:20.041741,4.708873872813317e-05,9.431828535393596e-07,0.0009958661897911303
blog_article,Avec Aimantée,renovation,,,51.0,20.0,250.0,TND,unité,,,Tunis,SM Devis (source blog),True,Avec Aimantée,http://www.sm-devis.tn/entreprise-installation-travaux-pose-moustiquaire-tunisie/,2026-04-05 09:34:20.041741,6.924814518843113e-05,3.5840948434495667e-06,0.0008579345845569017
blog_article,Avec fenêtre,renovation,,,80.0,6.0,280.0,TND,unité,,,Tunis,SM Devis (source blog),True,Avec fenêtre,http://www.sm-devis.tn/entreprise-installation-travaux-pose-moustiquaire-tunisie/,2026-04-05 09:34:20.040751,0.00010941206939772119,9.431828535393596e-07,0.0009613832884825731
blog_article,Avec rideau,renovation,,,61.0,20.0,230.0,TND,unité,,,Tunis,SM Devis (source blog),True,Avec rideau,http://www.sm-devis.tn/entreprise-installation-travaux-pose-moustiquaire-tunisie/,2026-04-05 09:34:20.041741,8.309777422611735e-05,3.5840948434495667e-06,0.0007889687819397874
blog_article,Avec enroulement,renovation,,,160.0,24.0,390.0,TND,unité,,,Tunis,SM Devis (source blog),True,Avec enroulement,http://www.sm-devis.tn/entreprise-installation-travaux-pose-moustiquaire-tunisie/,2026-04-05 09:34:20.041741,0.00022020910169921097,4.338641126281055e-06,0.0013406952028767016
blog_article,Avec plissée,renovation,,,280.0,180.0,415.0,TND,unité,,,Tunis,SM Devis (source blog),True,Avec plissée,http://www.sm-devis.tn/entreprise-installation-travaux-pose-moustiquaire-tunisie/,2026-04-05 09:34:20.042741,0.00038640465015144567,3.376594615670908e-05,0.0014269024561480944
blog_article,Toile de remplacement,renovation,,,60.0,13.0,450.0,TND,unité,,,Tunis,SM Devis (source blog),True,Toile de remplacement,http://www.sm-devis.tn/entreprise-installation-travaux-pose-moustiquaire-tunisie/,2026-04-05 09:34:20.042741,8.171281132234873e-05,2.2636388484944632e-06,0.0015475926107280445
blog_article,Pose d’une moustiquaire,renovation,,,190.0,90.0,360.0,TND,unité,,,Tunis,SM Devis (source blog),True,Pose d’une moustiquaire,http://www.sm-devis.tn/entreprise-installation-travaux-pose-moustiquaire-tunisie/,2026-04-05 09:34:20.042741,0.0002617579888122697,1.6788654793000602e-05,0.0012372464989510302
blog_article,Total fourniture et pose,renovation,,,590.0,100.0,2500.0,TND,unité,,,Tunis,SM Devis (source blog),True,Total fourniture et pose,http://www.sm-devis.tn/entreprise-installation-travaux-pose-moustiquaire-tunisie/,2026-04-05 09:34:20.042741,0.0008157431503197187,1.8675020500079322e-05,0.008616587378982259
blog_article,Moins d'un mois,renovation,,,2.0,1.0,3.0,TND,unité,,,Tunis,SM Devis (source blog),True,Fourchette estimée : 1.0 – 3.0 DT/unité,http://www.sm-devis.tn/entreprise-installation-travaux-pose-moustiquaire-tunisie/,2026-04-05 09:34:20.048656,1.3849629037686226e-06,0.0,6.206922235540285e-06
blog_article,Entre 1 et 3 mois,renovation,,,4.5,3.0,6.0,TND,unité,,,Tunis,SM Devis (source blog),True,Fourchette estimée : 3.0 – 6.0 DT/unité,http://www.sm-devis.tn/entreprise-installation-travaux-pose-moustiquaire-tunisie/,2026-04-05 09:34:20.048656,4.847370163190179e-06,3.772731414157439e-07,1.6551792628107427e-05
blog_article,Entre 3 et 6 mois,renovation,,,9.0,6.0,12.0,TND,unité,,,Tunis,SM Devis (source blog),True,Fourchette estimée : 6.0 – 12.0 DT/unité,http://www.sm-devis.tn/entreprise-installation-travaux-pose-moustiquaire-tunisie/,2026-04-05 09:34:20.048656,1.107970323014898e-05,9.431828535393596e-07,3.7241533413241716e-05
blog_article,Pour cadre fixe,renovation,,,70.0,25.0,250.0,TND,unité,,,Tunis,SM Devis (source blog),True,Pour cadre fixe,http://www.sm-devis.tn/entreprise-installation-travaux-pose-moustiquaire-tunisie/,2026-04-05 09:34:20.041741,9.556244036003495e-05,4.5272776969889265e-06,0.0008579345845569017
blog_article,Mini inverter,renovation,,,15.0,12.0,18.0,TND,unité,,,Tunis,SM Devis (source blog),True,Fourchette estimée : 12.0 – 18.0 DT/unité,http://www.sm-devis.tn/entreprise-de-travaux-de-climatisation-et-ventilation-tunis/,2026-04-05 09:34:16.896538,1.9389480652760716e-05,2.0750022777865914e-06,5.7931274198376e-05
blog_article,30 000 BTU =,renovation,,,75.0,70.0,80.0,TND,unité,,,Tunis,SM Devis (source blog),True,Fourchette estimée : 70.0 – 80.0 DT/unité,http://www.sm-devis.tn/entreprise-de-travaux-de-climatisation-et-ventilation-tunis/,2026-04-05 09:34:16.895543,0.00010248725487887806,1.3015923378843163e-05,0.00027172526231143023
blog_article,24 000 BTU =,renovation,,,60.0,50.0,70.0,TND,unité,,,Tunis,SM Devis (source blog),True,Fourchette estimée : 50.0 – 70.0 DT/unité,http://www.sm-devis.tn/entreprise-de-travaux-de-climatisation-et-ventilation-tunis/,2026-04-05 09:34:16.895543,8.171281132234873e-05,9.243191964685726e-06,0.0002372423610028731
blog_article,Surface à préparer,renovation,,,32.0,28.0,36.0,TND,unité,,,Tunis,SM Devis (source blog),True,Fourchette estimée : 28.0 – 36.0 DT/unité,https://www.sm-devis.tn/cout-travaux-installation-peinture-tunisie/,2026-04-05 09:36:21.079222,4.29338500168273e-05,5.093187409112542e-06,0.00012000049655377884
blog_article,Surface lisse,renovation,,,28.5,26.0,31.0,TND,unité,,,Tunis,SM Devis (source blog),True,Fourchette estimée : 26.0 – 31.0 DT/unité,https://www.sm-devis.tn/cout-travaux-installation-peinture-tunisie/,2026-04-05 09:36:21.079222,3.808647985363712e-05,4.715914267696798e-06,0.00010275904589950028
blog_article,"Fourniture et pose de toile de verre
Préparation support et entoilage
2 Couches de peinture",renovation,,,40.0,,,TND,m²,,,Tunis,SM Devis (source blog),True,"Fourniture et pose de toile de verre
Préparation support et entoilage
2 Couches de peinture | Tous types de surfaces | 40 à 46 dtTTC/m2
de mur et plafond",https://www.sm-devis.tn/cout-travaux-installation-peinture-tunisie/,2026-04-05 09:36:21.073216,5.401355324697628e-05,,
blog_article,"Lessivage
Impression
Rebouchage des parties écaillées et des fissures
2 Passes d’enduit croisées,
2 Couches de peinture",renovation,,,42.0,,,TND,m²,,,Tunis,SM Devis (source blog),True,"Lessivage
Impression
Rebouchage des parties écaillées et des fissures
2 Passes d’enduit croisées,
2 Couches de peinture | Surface à enduire | 42 à 55dt TTC/m2
de mur et plafond",https://www.sm-devis.tn/cout-travaux-installation-peinture-tunisie/,2026-04-05 09:36:21.072602,5.678347905451353e-05,,
blog_article,"Lessivage
Rebouchage des parties écaillées et des fissures
Impression
2 Couches de peintures",renovation,,,28.0,,,TND,m²,,,Tunis,SM Devis (source blog),True,"Lessivage
Rebouchage des parties écaillées et des fissures
Impression
2 Couches de peintures | Surface à préparer | 28 à 36dt TTC/m2
de mur et plafond",https://www.sm-devis.tn/cout-travaux-installation-peinture-tunisie/,2026-04-05 09:36:21.072602,3.739399840175281e-05,,
blog_article,varie,renovation,,,125.0,50.0,200.0,TND,m,,,Tunis,SM Devis (source blog),True,Fourchette estimée : 50.0 – 200.0 DT/m,https://www.sm-devis.tn/cout-societe-travaux-dallage-exterieur-tunisie/,2026-04-05 09:36:16.933801,0.0001717354000673092,9.243191964685726e-06,0.000685520078014116
blog_article,Veuillez entrer uniquement 2 chiffres * Exemple,renovation,,,12.0,,,TND,unité,,,Tunis,SM Devis (source blog),True,Veuillez entrer uniquement 2 chiffres * Exemple: 12 Cette boîte est pour la protection contre le spam - Veuillez laisser en blanc :,http://www.sm-devis.tn/decrivez-projet-de-travaux/,2026-04-05 09:33:48.133496,1.5234591941454847e-05,,
blog_article,vons mis en place la première plateforme d’avis clients vérifiés du bâtiment en appliquant la norme Française AFNOR NF Z,renovation,,,287.5,74.0,501.0,TND,unité,,,Tunis,SM Devis (source blog),True,Fourchette estimée : 74.0 – 501.0 DT/unité,http://www.sm-devis.tn/decrivez-projet-de-travaux/,2026-04-05 09:33:48.137401,0.00039679187192971036,1.3770469661674652e-05,0.001723455407401686
blog_article,"Pour s’assurer de la fiabilité de nos avis, chaque avis client est vérifié selon la norme AFNOR NF Z",renovation,,,287.5,74.0,501.0,TND,unité,,,Tunis,SM Devis (source blog),True,Fourchette estimée : 74.0 – 501.0 DT/unité,http://www.sm-devis.tn/decrivez-projet-de-travaux/,2026-04-05 09:33:48.137401,0.00039679187192971036,1.3770469661674652e-05,0.001723455407401686
blog_article,Radiateur,renovation,,,100.0,,,TND,unité,,,Tunis,SM Devis (source blog),True,Radiateur : à partir de 100 dt,https://www.sm-devis.tn/prix-pose-travaux-electricite-tunisie/,2026-04-05 09:42:21.024383,0.00013711132747309363,,
blog_article,Puissance (en BTU),renovation,,,9000.0,,,TND,BTU,,,Tunis,SM Devis (source blog),True,Puissance (en BTU): 9 000 BTU ==> Surface traitable inférieur à 25m²,http://www.sm-devis.tn/entreprise-de-travaux-de-climatisation-et-ventilation-tunis/,2026-04-05 09:34:16.886543,0.012463281171013835,,
blog_article,Puissance (en BTU),renovation,,,12000.0,,,TND,BTU,,,Tunis,SM Devis (source blog),True,Puissance (en BTU): 12 000 BTU ==> Surface traitable entre 25m² et 35m²,http://www.sm-devis.tn/entreprise-de-travaux-de-climatisation-et-ventilation-tunis/,2026-04-05 09:34:16.887538,0.016618169882319702,,
blog_article,Puissance (en BTU),renovation,,,18000.0,,,TND,BTU,,,Tunis,SM Devis (source blog),True,Puissance (en BTU): 18 000 BTU ==> Surface traitable supérieur à 35m²,http://www.sm-devis.tn/entreprise-de-travaux-de-climatisation-et-ventilation-tunis/,2026-04-05 09:34:16.887538,0.024927947304931437,,
blog_article,"Plus précisément, on peut donner les équivalences suivantes",renovation,,,7000.0,,,TND,unité,,,Tunis,SM Devis (source blog),True,"Plus précisément, on peut donner les équivalences suivantes :


7 000",http://www.sm-devis.tn/entreprise-de-travaux-de-climatisation-et-ventilation-tunis/,2026-04-05 09:34:16.891552,0.00969335536347659,,
blog_article,Un climatiseur augmente votre consommation d’électricité liée à une pièce,renovation,,,20.0,15.0,25.0,TND,unité,,,Tunis,SM Devis (source blog),True,Fourchette estimée : 15.0 – 25.0 DT/unité,http://www.sm-devis.tn/entreprise-de-travaux-de-climatisation-et-ventilation-tunis/,2026-04-05 09:34:16.895543,2.631429517160383e-05,2.640911989910207e-06,8.2069305114366e-05
blog_article,7 000 BTU =,renovation,,,11.0,7.0,15.0,TND,unité,,,Tunis,SM Devis (source blog),True,Fourchette estimée : 7.0 – 15.0 DT/unité,http://www.sm-devis.tn/entreprise-de-travaux-de-climatisation-et-ventilation-tunis/,2026-04-05 09:34:16.895543,1.3849629037686225e-05,1.1318194242472316e-06,4.7586403805808854e-05
blog_article,9 000 BTU =,renovation,,,20.0,15.0,25.0,TND,unité,,,Tunis,SM Devis (source blog),True,Fourchette estimée : 15.0 – 25.0 DT/unité,http://www.sm-devis.tn/entreprise-de-travaux-de-climatisation-et-ventilation-tunis/,2026-04-05 09:34:16.895543,2.631429517160383e-05,2.640911989910207e-06,8.2069305114366e-05
blog_article,12 000 BTU =,renovation,,,30.0,25.0,35.0,TND,unité,,,Tunis,SM Devis (source blog),True,Fourchette estimée : 25.0 – 35.0 DT/unité,http://www.sm-devis.tn/entreprise-de-travaux-de-climatisation-et-ventilation-tunis/,2026-04-05 09:34:16.895543,4.016392420929005e-05,4.5272776969889265e-06,0.00011655220642292313
blog_article,18 000 BTU =,renovation,,,42.5,35.0,50.0,TND,unité,,,Tunis,SM Devis (source blog),True,Fourchette estimée : 35.0 – 50.0 DT/unité,http://www.sm-devis.tn/entreprise-de-travaux-de-climatisation-et-ventilation-tunis/,2026-04-05 09:34:16.895543,5.7475960506397835e-05,6.413643404067646e-06,0.00016827655838575883
blog_article,Tous types de surfaces,renovation,,,43.0,40.0,46.0,TND,unité,,,Tunis,SM Devis (source blog),True,Fourchette estimée : 40.0 – 46.0 DT/unité,https://www.sm-devis.tn/cout-travaux-installation-peinture-tunisie/,2026-04-05 09:36:21.079222,5.816844195828215e-05,7.356826257607005e-06,0.00015448339786233598
blog_article,Fournitures,renovation,,,20.0,,,TND,unité,,,Tunis,SM Devis (source blog),True,Fournitures : 20 dt,https://www.sm-devis.tn/prix-pose-travaux-electricite-tunisie/,2026-04-05 09:42:21.024383,2.631429517160383e-05,,
blog_article,Circuit électrique,renovation,,,185.0,120.0,250.0,TND,unité,,,Tunis,SM Devis (source blog),True,,https://www.sm-devis.tn/prix-installation-renovation-magasin-tunisie/,2026-04-05 09:41:44.518905,0.0002548331742934265,2.244775191423676e-05,0.0008579345845569017
blog_article,"Fournitures (fils électriques, boitier)",renovation,,,20.0,,,TND,unité,,,Tunis,SM Devis (source blog),True,"Fournitures (fils électriques, boitier) : 20 dt",https://www.sm-devis.tn/prix-pose-travaux-electricite-tunisie/,2026-04-05 09:42:21.024383,2.631429517160383e-05,,
blog_article,Poêle à fioul,renovation,,,200.0,,850.0,TND,unité,,,Tunis,SM Devis (source blog),True,1500 dt,https://www.sm-devis.tn/guide-des-prix-poele-tunisie/,2026-04-05 09:40:54.465054,0.0002756076178499559,,0.0029269086630703297
blog_article,Poêle à double combustion,renovation,,,300.0,,2150.0,TND,unité,,,Tunis,SM Devis (source blog),True,4000 dt,https://www.sm-devis.tn/guide-des-prix-poele-tunisie/,2026-04-05 09:40:54.465054,0.00041410390822681816,,0.007409685833182759
blog_article,Poêle à bois double combustion,renovation,,,300.0,,3150.0,TND,unité,,,Tunis,SM Devis (source blog),True,6000 dt,https://www.sm-devis.tn/guide-des-prix-poele-tunisie/,2026-04-05 09:40:54.465054,0.00041410390822681816,,0.010857975964038473
blog_article,Poêle à bois classique,renovation,,,350.0,,1175.0,TND,unité,,,Tunis,SM Devis (source blog),True,2000 dt,https://www.sm-devis.tn/guide-des-prix-poele-tunisie/,2026-04-05 09:40:54.465054,0.00048335205341524926,,0.004047602955598437
blog_article,Poêle à pétrole électronique,renovation,,,400.0,,650.0,TND,unité,,,Tunis,SM Devis (source blog),True,900 dt,https://www.sm-devis.tn/guide-des-prix-poele-tunisie/,2026-04-05 09:40:54.466064,0.0005526001986036804,,0.002237250636899187
blog_article,Poêle à bois en fonte,renovation,,,700.0,,3350.0,TND,unité,,,Tunis,SM Devis (source blog),True,6000 dt,https://www.sm-devis.tn/guide-des-prix-poele-tunisie/,2026-04-05 09:40:54.466064,0.0009680890697342672,,0.011547633990209616
blog_article,Poêle à granulés / pellets,renovation,,,3000.0,,7000.0,TND,unité,,,Tunis,SM Devis (source blog),True,11000 dt,https://www.sm-devis.tn/guide-des-prix-poele-tunisie/,2026-04-05 09:40:54.466064,0.004153503748402099,,0.02413389296783297
blog_article,Poêle de masse,renovation,,,5000.0,,10500.0,TND,unité,,,Tunis,SM Devis (source blog),True,16000 dt,https://www.sm-devis.tn/guide-des-prix-poele-tunisie/,2026-04-05 09:40:54.466064,0.006923429555939344,,0.03620290842582797
blog_article,Chauffagiste,renovation,,,40.0,,60.0,TND,unité,,,Tunis,SM Devis (source blog),True,80 dt,https://www.sm-devis.tn/guide-des-prix-poele-tunisie/,2026-04-05 09:40:54.466064,5.401355324697628e-05,,0.00020275945969431598
blog_article,Plafond,renovation,,,129.0,68.0,190.0,TND,unité,,,Tunis,SM Devis (source blog),True,,https://www.sm-devis.tn/guide-des-prix-renovation-tunisie/,2026-04-05 09:40:57.619479,0.0001772752516823837,1.263865023742742e-05,0.0006510371767055589
blog_article,Toiture,renovation,,,174.5,49.0,300.0,TND,unité,,,Tunis,SM Devis (source blog),True,,https://www.sm-devis.tn/guide-des-prix-renovation-tunisie/,2026-04-05 09:40:57.619479,0.000240291063803856,9.054555393977853e-06,0.0010303490910996873
blog_article,Sols,renovation,,,124.0,48.0,200.0,TND,unité,,,Tunis,SM Devis (source blog),True,,https://www.sm-devis.tn/guide-des-prix-renovation-tunisie/,2026-04-05 09:40:57.619479,0.00017035043716354058,8.86591882326998e-06,0.000685520078014116
blog_article,Isolation toiture,renovation,,,88.5,27.0,150.0,TND,unité,,,Tunis,SM Devis (source blog),True,,https://www.sm-devis.tn/guide-des-prix-renovation-tunisie/,2026-04-05 09:40:57.619479,0.00012118425407975448,4.90455083840467e-06,0.0005131055714713302
blog_article,Magasin,renovation,,,139.5,29.0,250.0,TND,unité,,,Tunis,SM Devis (source blog),True,,https://www.sm-devis.tn/guide-des-prix-renovation-tunisie/,2026-04-05 09:40:57.620480,0.00019181736217195423,5.281823979820414e-06,0.0008579345845569017
blog_article,Façade,renovation,,,187.5,25.0,350.0,TND,unité,,,Tunis,SM Devis (source blog),True,,https://www.sm-devis.tn/guide-des-prix-renovation-tunisie/,2026-04-05 09:40:57.620480,0.0002582955815528481,4.5272776969889265e-06,0.0012027635976424732
blog_article,Murs,renovation,,,44.0,38.0,50.0,TND,unité,,,Tunis,SM Devis (source blog),True,,https://www.sm-devis.tn/guide-des-prix-renovation-tunisie/,2026-04-05 09:40:57.620480,5.955340486205077e-05,6.9795531161912615e-06,0.00016827655838575883
blog_article,Électrique,renovation,,,130.0,80.0,180.0,TND,unité,,,Tunis,SM Devis (source blog),True,,https://www.sm-devis.tn/guide-des-prix-renovation-tunisie/,2026-04-05 09:40:57.620480,0.00017866021458615231,1.4902289085921883e-05,0.0006165542753970017
blog_article,Poêle à gaz catalyse,renovation,,,120.0,,155.0,TND,unité,,,Tunis,SM Devis (source blog),True,190 dt,https://www.sm-devis.tn/guide-des-prix-poele-tunisie/,2026-04-05 09:40:54.465054,0.0001648105855484661,,0.0005303470221256089
blog_article,Poêle électrique,renovation,,,100.0,,250.0,TND,unité,,,Tunis,SM Devis (source blog),True,400 dt,https://www.sm-devis.tn/guide-des-prix-poele-tunisie/,2026-04-05 09:40:54.465054,0.00013711132747309363,,0.0008579345845569017
blog_article,Poêle à pétrole double combustion,renovation,,,100.0,,140.0,TND,unité,,,Tunis,SM Devis (source blog),True,180 dt,https://www.sm-devis.tn/guide-des-prix-poele-tunisie/,2026-04-05 09:40:54.465054,0.00013711132747309363,,0.00047862267016277315
blog_article,Poêle à gaz infrarouge,renovation,,,70.0,,160.0,TND,unité,,,Tunis,SM Devis (source blog),True,250 dt,https://www.sm-devis.tn/guide-des-prix-poele-tunisie/,2026-04-05 09:40:54.464546,9.556244036003495e-05,,0.0005475884727798874
blog_article,Luminaire,renovation,,,40.0,,,TND,unité,,,Tunis,SM Devis (source blog),True,Luminaire : à partir de 40 dt,https://www.sm-devis.tn/prix-pose-travaux-electricite-tunisie/,2026-04-05 09:42:21.024383,5.401355324697628e-05,,
blog_article,tallation de cheminée va être déterminé selon le système choisi. Le budget à prévoir pour acquérir une cheminée oscille,renovation,,,3000.0,1000.0,5000.0,TND,unité,,,Tunis,SM Devis (source blog),True,Fourchette estimée : 1000.0 – 5000.0 DT/unité,https://www.sm-devis.tn/guide-des-prix-cheminee-tunisie/,2026-04-05 09:40:48.787147,0.004153503748402099,0.00018844793413716406,0.017237312706121544
blog_article,cquérir une cheminée oscille entre 1 000 et 5 000 dt s’il s’agit de construire une cheminée à foyer ouvert. Il se situe,renovation,,,5000.0,2000.0,8000.0,TND,unité,,,Tunis,SM Devis (source blog),True,Fourchette estimée : 2000.0 – 8000.0 DT/unité,https://www.sm-devis.tn/guide-des-prix-cheminee-tunisie/,2026-04-05 09:40:48.787147,0.006923429555939344,0.000377084504845036,0.027582183098688685
blog_article,Le prix d’une cheminée à foyer ouvert est en moyenne compris,renovation,,,750.0,500.0,1000.0,TND,unité,,,Tunis,SM Devis (source blog),True,Fourchette estimée : 500.0 – 1000.0 DT/unité,https://www.sm-devis.tn/guide-des-prix-cheminee-tunisie/,2026-04-05 09:40:48.787147,0.0010373372149226983,9.41296487832281e-05,0.003444152182698687
blog_article,Le prix moyen d’une cheminée à foyer fermé est affiché,renovation,,,3000.0,1000.0,5000.0,TND,unité,,,Tunis,SM Devis (source blog),True,Fourchette estimée : 1000.0 – 5000.0 DT/unité,https://www.sm-devis.tn/guide-des-prix-cheminee-tunisie/,2026-04-05 09:40:48.787147,0.004153503748402099,0.00018844793413716406,0.017237312706121544
blog_article,"ermé est affiché entre 1 000dt et 5 000dt HT, hors pose. Concernant le prix d’un insert de cheminée, comptez en moyenne",renovation,,,1750.0,500.0,3000.0,TND,unité,,,Tunis,SM Devis (source blog),True,Fourchette estimée : 500.0 – 3000.0 DT/unité,https://www.sm-devis.tn/guide-des-prix-cheminee-tunisie/,2026-04-05 09:40:48.787147,0.0024223001186913207,9.41296487832281e-05,0.010340732444410116
blog_article,Le prix d’une cheminée à gaz est compris,renovation,,,2000.0,1000.0,3000.0,TND,unité,,,Tunis,SM Devis (source blog),True,Fourchette estimée : 1000.0 – 3000.0 DT/unité,https://www.sm-devis.tn/guide-des-prix-cheminee-tunisie/,2026-04-05 09:40:48.787147,0.0027685408446334763,0.00018844793413716406,0.010340732444410116
blog_article,Le prix d’une cheminée au bioéthanol est en moyenne compris,renovation,,,1250.0,500.0,2000.0,TND,unité,,,Tunis,SM Devis (source blog),True,Fourchette estimée : 500.0 – 2000.0 DT/unité,https://www.sm-devis.tn/guide-des-prix-cheminee-tunisie/,2026-04-05 09:40:48.787147,0.0017298186668070095,9.41296487832281e-05,0.006892442313554401
blog_article,Cuisine,renovation,,,550.0,100.0,1000.0,TND,unité,,,Tunis,SM Devis (source blog),True,,https://www.sm-devis.tn/guide-des-prix-renovation-tunisie/,2026-04-05 09:40:57.620480,0.0007603446341689738,1.8675020500079322e-05,0.003444152182698687
blog_article,"n moyenne compris entre 500dt et 2 000dt HT, hors pose tandis que le prix d’une cheminée électrique se situe en moyenne",renovation,,,1250.0,500.0,2000.0,TND,unité,,,Tunis,SM Devis (source blog),True,Fourchette estimée : 500.0 – 2000.0 DT/unité,https://www.sm-devis.tn/guide-des-prix-cheminee-tunisie/,2026-04-05 09:40:48.787147,0.0017298186668070095,9.41296487832281e-05,0.006892442313554401
blog_article,Climatiseur monosplit,renovation,,,2175.0,350.0,4000.0,TND,unité,,,Tunis,SM Devis (source blog),True,,https://www.sm-devis.tn/guide-des-prix-climatisation-tunisie/,2026-04-05 09:40:50.134687,0.0030109093527929853,6.583416317704731e-05,0.01378902257526583
blog_article,Climatiseur multisplit,renovation,,,3000.0,1500.0,4500.0,TND,unité,,,Tunis,SM Devis (source blog),True,,https://www.sm-devis.tn/guide-des-prix-climatisation-tunisie/,2026-04-05 09:40:50.135707,0.004153503748402099,0.00028276621949110004,0.015513167640693687
blog_article,Pompe à chaleur Air Air,renovation,,,2750.0,2500.0,3000.0,TND,unité,,,Tunis,SM Devis (source blog),True,,https://www.sm-devis.tn/guide-des-prix-climatisation-tunisie/,2026-04-05 09:40:50.135707,0.0038072630224599436,0.00047140279019897195,0.010340732444410116
blog_article,Pose climatiseur,renovation,,,1000.0,500.0,1500.0,TND,unité,,,Tunis,SM Devis (source blog),True,,https://www.sm-devis.tn/guide-des-prix-climatisation-tunisie/,2026-04-05 09:40:50.135707,0.001383577940864854,9.41296487832281e-05,0.005168297248126544
blog_article,Les prix  des climatiseur en Tunisie varie en moyenne,renovation,,,1050.0,300.0,1800.0,TND,unité,,,Tunis,SM Devis (source blog),True,Fourchette estimée : 300.0 – 1800.0 DT/unité,https://www.sm-devis.tn/guide-des-prix-climatisation-tunisie/,2026-04-05 09:40:50.141795,0.001452826086053285,5.640233464165371e-05,0.006202784287383258
blog_article,tre donnés comme référence. La fourchette de dépenses moyennes lors de la mise en place d’une climatisation est estimée,renovation,,,6830.0,2480.0,11180.0,TND,unité,,,Tunis,SM Devis (source blog),True,Fourchette estimée : 2480.0 – 11180.0 DT/unité,https://www.sm-devis.tn/guide-des-prix-climatisation-tunisie/,2026-04-05 09:40:50.142793,0.009457911669835924,0.00046763005878481455,0.03854774571480985
blog_article,Poêle à pétrole simple combustion,renovation,,,60.0,,80.0,TND,unité,,,Tunis,SM Devis (source blog),True,100 dt,https://www.sm-devis.tn/guide-des-prix-poele-tunisie/,2026-04-05 09:40:54.464546,8.171281132234873e-05,,0.00027172526231143023
blog_article,Poêle à gaz infrableu,renovation,,,60.0,,125.0,TND,unité,,,Tunis,SM Devis (source blog),True,190 dt,https://www.sm-devis.tn/guide-des-prix-poele-tunisie/,2026-04-05 09:40:54.464546,8.171281132234873e-05,,0.00042689831819993736
blog_article,Climatiseur monobloc,renovation,,,2100.0,200.0,4000.0,TND,unité,,,Tunis,SM Devis (source blog),True,,https://www.sm-devis.tn/guide-des-prix-climatisation-tunisie/,2026-04-05 09:40:50.134687,0.0029070371350103387,3.753867757086651e-05,0.01378902257526583
blog_article,Maison/Appartement,renovation,,,1050.0,200.0,1900.0,TND,unité,,,Tunis,SM Devis (source blog),True,,https://www.sm-devis.tn/guide-des-prix-renovation-tunisie/,2026-04-05 09:40:57.621479,0.001452826086053285,3.753867757086651e-05,0.006547613300468829
blog_article,Bureaux,renovation,,,600.0,300.0,900.0,TND,unité,,,Tunis,SM Devis (source blog),True,,https://www.sm-devis.tn/guide-des-prix-renovation-tunisie/,2026-04-05 09:40:57.621479,0.0008295927793574049,5.640233464165371e-05,0.0030993231696131154
blog_article,Plomberie (tarif à la prestation),renovation,,,2400.0,300.0,4500.0,TND,unité,,,Tunis,SM Devis (source blog),True,,https://www.sm-devis.tn/guide-des-prix-renovation-tunisie/,2026-04-05 09:40:57.621479,0.0033225260061409256,5.640233464165371e-05,0.015513167640693687
blog_article,Rénovation totale,renovation,,,650.0,500.0,800.0,TND,unité,,,Tunis,SM Devis (source blog),True,,https://www.sm-devis.tn/prix-de-la-renovation-bureaux-tunis/,2026-04-05 09:41:15.479443,0.0008988409245458361,9.41296487832281e-05,0.002754494156527544
blog_article,Prix de la rénovation bureaux  Tunisie varie,renovation,,,900.0,300.0,1500.0,TND,m,,,Tunis,SM Devis (source blog),True,Fourchette estimée : 300.0 – 1500.0 DT/m,https://www.sm-devis.tn/prix-de-la-renovation-bureaux-tunis/,2026-04-05 09:41:15.483350,0.0012450816504879917,5.640233464165371e-05,0.005168297248126544
blog_article,complète est compris,renovation,,,550.0,450.0,650.0,TND,unité,,,Tunis,SM Devis (source blog),True,Fourchette estimée : 450.0 – 650.0 DT/unité,https://www.sm-devis.tn/prix-de-la-renovation-bureaux-tunis/,2026-04-05 09:41:15.483350,0.0007603446341689738,8.46978202478345e-05,0.002237250636899187
blog_article,Rénovation légère,renovation,,,80300.0,,,TND,unité,,,Tunis,SM Devis (source blog),True,,https://www.sm-devis.tn/prix-dune-renovation-appartement-tunis/,2026-04-05 09:41:19.844497,0.11121113620971662,,
blog_article,Rénovation complète,renovation,,,5001.0,,,TND,unité,,,Tunis,SM Devis (source blog),True,,https://www.sm-devis.tn/prix-dune-renovation-appartement-tunis/,2026-04-05 09:41:19.845966,0.006924814518843113,,
blog_article,De la rénovation légère à la réhabilitation,renovation,,,80.0,,,TND,unité,,,Tunis,SM Devis (source blog),True,De la rénovation légère à la réhabilitation : de 80 à 1.200 dt,https://www.sm-devis.tn/prix-dune-renovation-appartement-tunis/,2026-04-05 09:41:19.848960,0.00010941206939772119,,
blog_article,Prix d’une rénovation appartement Tunis varie,renovation,,,640.0,80.0,1200.0,TND,m,,,Tunis,SM Devis (source blog),True,Fourchette estimée : 80.0 – 1200.0 DT/m,https://www.sm-devis.tn/prix-dune-renovation-appartement-tunis/,2026-04-05 09:41:19.850950,0.0008849912955081499,1.4902289085921883e-05,0.00413381020886983
blog_article,Rénovation légère,renovation,,,190.0,80.0,300.0,TND,unité,,,Tunis,SM Devis (source blog),True,Fourchette estimée : 80.0 – 300.0 DT/unité,https://www.sm-devis.tn/prix-dune-renovation-appartement-tunis/,2026-04-05 09:41:19.850950,0.0002617579888122697,1.4902289085921883e-05,0.0010303490910996873
blog_article,Rénovation basique,renovation,,,350.0,300.0,400.0,TND,unité,,,Tunis,SM Devis (source blog),True,,https://www.sm-devis.tn/prix-de-la-renovation-bureaux-tunis/,2026-04-05 09:41:15.479443,0.00048335205341524926,5.640233464165371e-05,0.0013751781041852588
blog_article,Rénovation lourde,renovation,,,1.1,1.0,1.2,TND,unité,,,Tunis,SM Devis (source blog),True,Fourchette estimée : 1.0 – 1.2 DT/unité,https://www.sm-devis.tn/prix-dune-renovation-appartement-tunis/,2026-04-05 09:41:19.850950,1.3849629037686237e-07,0.0,0.0
blog_article,Tableau électrique équipé,renovation,,,100700.0,,,TND,unité,,,Tunis,SM Devis (source blog),True,,https://www.sm-devis.tn/prix-installation-electrique-neuf-et-renovation-tunisie/,2026-04-05 09:41:35.720730,0.1394643794465965,,
blog_article,Cablage,renovation,,,70100.0,,,TND,unité,,,Tunis,SM Devis (source blog),True,,https://www.sm-devis.tn/prix-installation-electrique-neuf-et-renovation-tunisie/,2026-04-05 09:41:35.720730,0.09708451459127668,,
blog_article,Raccordement au compteur,renovation,,,10.0,,,TND,unité,,,Tunis,SM Devis (source blog),True,,https://www.sm-devis.tn/prix-installation-electrique-neuf-et-renovation-tunisie/,2026-04-05 09:41:35.720730,1.2464666133917603e-05,,
blog_article,Main d’oeuvre (Electricien),renovation,,,3545.0,,,TND,heure,,,Tunis,SM Devis (source blog),True,,https://www.sm-devis.tn/prix-installation-electrique-neuf-et-renovation-tunisie/,2026-04-05 09:41:35.720730,0.004908308530955998,,
blog_article,Installation Electrique complète d’une maison,renovation,,,10000.0,,,TND,unité,,,Tunis,SM Devis (source blog),True,,https://www.sm-devis.tn/prix-installation-electrique-neuf-et-renovation-tunisie/,2026-04-05 09:41:35.721836,0.013848244074782457,,
blog_article,Installation Electrique complète d’un studio,renovation,,,3500.0,,,TND,unité,,,Tunis,SM Devis (source blog),True,,https://www.sm-devis.tn/prix-installation-electrique-neuf-et-renovation-tunisie/,2026-04-05 09:41:35.721836,0.00484598520028641,,
blog_article,Tableau électrique équipé,renovation,,,400.0,100.0,700.0,TND,unité,,,Tunis,SM Devis (source blog),True,Fourchette estimée : 100.0 – 700.0 DT/unité,https://www.sm-devis.tn/prix-installation-electrique-neuf-et-renovation-tunisie/,2026-04-05 09:41:35.723865,0.0005526001986036804,1.8675020500079322e-05,0.0024096651434419728
blog_article,Main d’oeuvre (Electricien),renovation,,,40.0,35.0,45.0,TND,unité,,,Tunis,SM Devis (source blog),True,Fourchette estimée : 35.0 – 45.0 DT/unité,https://www.sm-devis.tn/prix-installation-electrique-neuf-et-renovation-tunisie/,2026-04-05 09:41:35.723865,5.401355324697628e-05,6.413643404067646e-06,0.00015103510773148025
blog_article,les équivalences suivantes,renovation,,,7000.0,,,TND,unité,,,Tunis,SM Devis (source blog),True,"les équivalences suivantes
 :


7 000",https://www.sm-devis.tn/travaux-climatisation-entreprise-climatisation-tunisie/,2026-04-05 09:42:42.783767,0.00969335536347659,,
blog_article,Installation insert de cheminée,renovation,,,2000.0,,5000.0,TND,unité,,,Tunis,SM Devis (source blog),True,8000 dt,https://www.sm-devis.tn/guide-des-prix-cheminee-tunisie/,2026-04-05 09:40:48.783462,0.0027685408446334763,,0.017237312706121544
blog_article,Le prix de l’installation d’une VMC double flux s’élève,renovation,,,2750.0,1500.0,4000.0,TND,unité,,,Tunis,SM Devis (source blog),True,Fourchette estimée : 1500.0 – 4000.0 DT/unité,https://www.sm-devis.tn/guide-des-prix-vmc-tunisie/,2026-04-05 09:41:02.568373,0.0038072630224599436,0.00028276621949110004,0.01378902257526583
blog_article,"Si les travaux de ventilation sont prévus pour une construction neuve, le prix de la VMC oscille",renovation,,,465.0,350.0,580.0,TND,unité,,,Tunis,SM Devis (source blog),True,Fourchette estimée : 350.0 – 580.0 DT/unité,https://www.sm-devis.tn/guide-des-prix-vmc-tunisie/,2026-04-05 09:41:02.568373,0.0006426227873486408,6.583416317704731e-05,0.001995870327739287
blog_article,Salle de bains (tarif à la prestation),renovation,,,6250.0,2500.0,10000.0,TND,unité,,,Tunis,SM Devis (source blog),True,,https://www.sm-devis.tn/guide-des-prix-renovation-tunisie/,2026-04-05 09:40:57.621479,0.008654633185650122,0.00047140279019897195,0.03447876336040011
blog_article,Salle de bains (7 m²),renovation,,,6250.0,2500.0,10000.0,TND,m²,,,Tunis,SM Devis (source blog),True,Salle de bains (7 m²),https://www.sm-devis.tn/guide-des-prix-renovation-tunisie/,2026-04-05 09:40:57.621479,0.008654633185650122,0.00047140279019897195,0.03447876336040011
blog_article,Prix Indicatif,renovation,,,150.0,100.0,200.0,TND,unité,,,Tunis,SM Devis (source blog),True,"Prix Indicatif :
 Entre 
100 à 200 dinars",https://www.sm-devis.tn/guide-des-prix-renovation-tunisie/,2026-04-05 09:40:57.624474,0.00020635947266152475,1.8675020500079322e-05,0.000685520078014116
blog_article,Prix Indicatif,renovation,,,1500.0,1000.0,2000.0,TND,unité,,,Tunis,SM Devis (source blog),True,"Prix Indicatif :
 Entre 
1 000 à 2 000 dinars",https://www.sm-devis.tn/guide-des-prix-renovation-tunisie/,2026-04-05 09:40:57.624474,0.002076059392749165,0.00018844793413716406,0.006892442313554401
blog_article,Prix Indicatif,renovation,,,75.0,50.0,100.0,TND,unité,,,Tunis,SM Devis (source blog),True,"Prix Indicatif :
 Entre 
50 à 100 dinars",https://www.sm-devis.tn/guide-des-prix-renovation-tunisie/,2026-04-05 09:40:57.624474,0.00010248725487887806,9.243191964685726e-06,0.00034069106492854454
blog_article,Prix Indicatif,renovation,,,95.0,70.0,120.0,TND,unité,,,Tunis,SM Devis (source blog),True,"Prix Indicatif :
 Entre 
70 à 120 dinars",https://www.sm-devis.tn/guide-des-prix-renovation-tunisie/,2026-04-05 09:40:57.624474,0.00013018651295425052,1.3015923378843163e-05,0.00040965686754565884
blog_article,Prix Indicatif,renovation,,,400.0,300.0,500.0,TND,unité,,,Tunis,SM Devis (source blog),True,"Prix Indicatif :
 Entre 
300 à 500 dinars",https://www.sm-devis.tn/guide-des-prix-renovation-tunisie/,2026-04-05 09:40:57.624989,0.0005526001986036804,5.640233464165371e-05,0.0017200071172708302
blog_article,Prix Indicatif,renovation,,,650.0,500.0,800.0,TND,unité,,,Tunis,SM Devis (source blog),True,"Prix Indicatif :
 Entre 
500 à 800 dinars",https://www.sm-devis.tn/guide-des-prix-renovation-tunisie/,2026-04-05 09:40:57.624989,0.0008988409245458361,9.41296487832281e-05,0.002754494156527544
blog_article,Le prix de l’installation d’une VMC simple flux est compris,renovation,,,600.0,300.0,900.0,TND,unité,,,Tunis,SM Devis (source blog),True,Fourchette estimée : 300.0 – 900.0 DT/unité,https://www.sm-devis.tn/guide-des-prix-vmc-tunisie/,2026-04-05 09:41:02.568373,0.0008295927793574049,5.640233464165371e-05,0.0030993231696131154
blog_article,Prix Indicatif,renovation,,,35.0,20.0,50.0,TND,unité,,,Tunis,SM Devis (source blog),True,"Prix Indicatif :
 Entre 
20 à 50 dinars",https://www.sm-devis.tn/guide-des-prix-renovation-tunisie/,2026-04-05 09:40:57.624989,4.708873872813317e-05,3.5840948434495667e-06,0.00016827655838575883
blog_article,"pour des appartements, maison , villa se situe",renovation,,,1525.0,450.0,2600.0,TND,m,,,Tunis,SM Devis (source blog),True,Fourchette estimée : 450.0 – 2600.0 DT/m,https://www.sm-devis.tn/guide-des-prix-renovation-tunisie/,2026-04-05 09:40:57.628006,0.002110683465343381,8.46978202478345e-05,0.00896141639206783
blog_article,Le coût d’une fosse septique en béton va varier,renovation,,,4150.0,1800.0,6500.0,TND,unité,,,Tunis,SM Devis (source blog),True,Fourchette estimée : 1800.0 – 6500.0 DT/unité,https://www.sm-devis.tn/guide-des-prix-terrassement-prix-fosse-septique-beton-tunisie/,2026-04-05 09:40:59.292836,0.005746211087736015,0.00033935719070346163,0.022409747902405117
blog_article,"s sanitaires et les eaux provenant de la vaisselle et du ménage. La fosse toutes eaux est vidée régulièrement, tous les",renovation,,,4.5,4.0,5.0,TND,unité,,,Tunis,SM Devis (source blog),True,Fourchette estimée : 4.0 – 5.0 DT/unité,https://www.sm-devis.tn/guide-des-prix-terrassement-prix-fosse-septique-beton-tunisie/,2026-04-05 09:40:59.292836,4.847370163190179e-06,5.659097121236158e-07,1.3103502497251713e-05
blog_article,VMC simple flux autoréglable (pose comprise),renovation,,,420.0,,690.0,TND,unité,,,Tunis,SM Devis (source blog),True,960 dt,https://www.sm-devis.tn/guide-des-prix-vmc-tunisie/,2026-04-05 09:41:02.564277,0.0005802994566790528,,0.0023751822421334157
blog_article,VMC simple flux hygroréglable (pose comprise),renovation,,,600.0,,1140.0,TND,unité,,,Tunis,SM Devis (source blog),True,1680 dt,https://www.sm-devis.tn/guide-des-prix-vmc-tunisie/,2026-04-05 09:41:02.565381,0.0008295927793574049,,0.003926912801018487
blog_article,VMC double flux (pose comprise),renovation,,,4200.0,,7500.0,TND,unité,,,Tunis,SM Devis (source blog),True,10800 dt,https://www.sm-devis.tn/guide-des-prix-vmc-tunisie/,2026-04-05 09:41:02.565381,0.0058154592329244465,,0.025858038033260828
blog_article,Le prix d’une VMC simple flux hygroréglable se situe en moyenne,renovation,,,600.0,500.0,700.0,TND,unité,,,Tunis,SM Devis (source blog),True,Fourchette estimée : 500.0 – 700.0 DT/unité,https://www.sm-devis.tn/guide-des-prix-vmc-tunisie/,2026-04-05 09:41:02.568373,0.0008295927793574049,9.41296487832281e-05,0.0024096651434419728
blog_article,Le prix d’une VMC simple flux hygroréglable varie en moyenne,renovation,,,1300.0,1200.0,1400.0,TND,unité,,,Tunis,SM Devis (source blog),True,Fourchette estimée : 1200.0 – 1400.0 DT/unité,https://www.sm-devis.tn/guide-des-prix-vmc-tunisie/,2026-04-05 09:41:02.568373,0.0017990668119954407,0.00022617524827873845,0.004823468235040973
blog_article,Prix Indicatif,renovation,,,350.0,200.0,500.0,TND,unité,,,Tunis,SM Devis (source blog),True,"Prix Indicatif :
 Entre 
200 à 500 dinars",https://www.sm-devis.tn/guide-des-prix-renovation-tunisie/,2026-04-05 09:40:57.624989,0.00048335205341524926,3.753867757086651e-05,0.0017200071172708302
blog_article,Cheminée à gaz,renovation,,,1100.0,,2200.0,TND,unité,,,Tunis,SM Devis (source blog),True,3300 dt,https://www.sm-devis.tn/guide-des-prix-cheminee-tunisie/,2026-04-05 09:40:48.783462,0.001522074231241716,,0.007582100339725545
blog_article,Fourchette de dépenses moyennes 3500 dt,renovation,,,6500.0,,,TND,unité,,,Tunis,SM Devis (source blog),True,Fourchette de dépenses moyennes 3500 dt – 6500 dt,https://www.sm-devis.tn/guide-des-prix-cheminee-tunisie/,2026-04-05 09:40:48.785051,0.009000873911592279,,
blog_article,Cheminée au bioéthanol,renovation,,,550.0,,1375.0,TND,unité,,,Tunis,SM Devis (source blog),True,2200 dt,https://www.sm-devis.tn/guide-des-prix-cheminee-tunisie/,2026-04-05 09:40:48.783462,0.0007603446341689738,,0.00473726098176958
blog_article,940 dt à 1 900 dt,renovation,,,9450.0,5900.0,13000.0,TND,unité,,,Tunis,SM Devis (source blog),True,Fourchette estimée : 5900.0 – 13000.0 DT/unité,https://www.sm-devis.tn/devis-travaux-cuisine-tunisie/,2026-04-05 09:39:49.822161,0.013086514477709714,0.0011127671306057365,0.04482363375296725
blog_article,Devis cuisine en Tunisie,renovation,,,2850.0,1800.0,3900.0,TND,unité,,,Tunis,SM Devis (source blog),True,Fourchette estimée : 1800.0 – 3900.0 DT/unité,https://www.sm-devis.tn/devis-travaux-cuisine-tunisie/,2026-04-05 09:39:49.822161,0.003945759312836806,0.00033935719070346163,0.013444193562180259
blog_article,Restreint,renovation,,,2350.0,1300.0,3400.0,TND,unité,,,Tunis,SM Devis (source blog),True,Fourchette estimée : 1300.0 – 3400.0 DT/unité,https://www.sm-devis.tn/devis-travaux-cuisine-tunisie/,2026-04-05 09:39:49.822161,0.0032532778609524944,0.00024503890534952565,0.011720048496752402
blog_article,Bonne sélection,renovation,,,5650.0,3300.0,8000.0,TND,unité,,,Tunis,SM Devis (source blog),True,Fourchette estimée : 3300.0 – 8000.0 DT/unité,https://www.sm-devis.tn/devis-travaux-cuisine-tunisie/,2026-04-05 09:39:49.823160,0.00782365544338895,0.0006223120467652695,0.027582183098688685
blog_article,Large choix,renovation,,,11000.0,8500.0,13500.0,TND,unité,,,Tunis,SM Devis (source blog),True,Fourchette estimée : 8500.0 – 13500.0 DT/unité,https://www.sm-devis.tn/devis-travaux-cuisine-tunisie/,2026-04-05 09:39:49.823160,0.01523320697855108,0.0016032222144462035,0.04654777881839511
blog_article,"Large choix, y compris matériaux nobles",renovation,,,21550.0,13600.0,29500.0,TND,unité,,,Tunis,SM Devis (source blog),True,Fourchette estimée : 13600.0 – 29500.0 DT/unité,https://www.sm-devis.tn/devis-travaux-cuisine-tunisie/,2026-04-05 09:39:49.823160,0.02984456561331005,0.0025652687250563504,0.10172042091208654
blog_article,Choix quasi-illimité,renovation,,,73750.0,27500.0,120000.0,TND,unité,,,Tunis,SM Devis (source blog),True,Fourchette estimée : 27500.0 – 120000.0 DT/unité,https://www.sm-devis.tn/devis-travaux-cuisine-tunisie/,2026-04-05 09:39:49.823160,0.10213962919003214,0.00518731705789577,0.41379067775452866
blog_article,Achat et pose d’un crépi pour maison (sans artisan),renovation,,,2030.0,,,TND,unité,,,Tunis,SM Devis (source blog),True,,https://www.sm-devis.tn/entreprise-installation-renovation-crepis-tunisie/,2026-04-05 09:40:23.402122,0.0028100897317465353,,
blog_article,Pose d’un crépi par un artisan (fourniture comprise),renovation,,,4060.0,,,TND,unité,,,Tunis,SM Devis (source blog),True,,https://www.sm-devis.tn/entreprise-installation-renovation-crepis-tunisie/,2026-04-05 09:40:23.402122,0.005621564426396839,,
blog_article,Pose d’un crépi d’isolation par un artisan (fourniture comprise),renovation,,,6080.0,,,TND,unité,,,Tunis,SM Devis (source blog),True,,https://www.sm-devis.tn/entreprise-installation-renovation-crepis-tunisie/,2026-04-05 09:40:23.402122,0.008419189492009456,,
blog_article,Achat et pose d’un crépi pour maison (sans artisan),renovation,,,25.0,20.0,30.0,TND,unité,,,Tunis,SM Devis (source blog),True,Fourchette estimée : 20.0 – 30.0 DT/unité,https://www.sm-devis.tn/entreprise-installation-renovation-crepis-tunisie/,2026-04-05 09:40:23.404626,3.323910969044694e-05,3.5840948434495667e-06,9.931075576864456e-05
blog_article,Pose d’un crépi par un artisan (fourniture comprise),renovation,,,50.0,40.0,60.0,TND,unité,,,Tunis,SM Devis (source blog),True,Fourchette estimée : 40.0 – 60.0 DT/unité,https://www.sm-devis.tn/entreprise-installation-renovation-crepis-tunisie/,2026-04-05 09:40:23.404626,6.78631822846625e-05,7.356826257607005e-06,0.00020275945969431598
blog_article,Pose d’un crépi d’isolation par un artisan (fourniture comprise),renovation,,,70.0,60.0,80.0,TND,unité,,,Tunis,SM Devis (source blog),True,Fourchette estimée : 60.0 – 80.0 DT/unité,https://www.sm-devis.tn/entreprise-installation-renovation-crepis-tunisie/,2026-04-05 09:40:23.404626,9.556244036003495e-05,1.1129557671764444e-05,0.00027172526231143023
blog_article,Coût installation petits travaux de maçonnerie varie,renovation,,,125.0,50.0,200.0,TND,m,,,Tunis,SM Devis (source blog),True,Fourchette estimée : 50.0 – 200.0 DT/m,https://www.sm-devis.tn/entreprise-petits-travaux-de-maconnerie-tunis/,2026-04-05 09:40:25.350325,0.0001717354000673092,9.243191964685726e-06,0.000685520078014116
blog_article,Revêtement sol,renovation,,,42.5,25.0,60.0,TND,unité,,,Tunis,SM Devis (source blog),True,,https://www.sm-devis.tn/entreprise-renovation-de-magasin-en-tunisie/,2026-04-05 09:40:27.910175,5.7475960506397835e-05,4.5272776969889265e-06,0.00020275945969431598
blog_article,Cloisonnement,renovation,,,90.0,80.0,100.0,TND,unité,,,Tunis,SM Devis (source blog),True,,https://www.sm-devis.tn/entreprise-renovation-de-magasin-en-tunisie/,2026-04-05 09:40:27.910175,0.0001232616984354074,1.4902289085921883e-05,0.00034069106492854454
blog_article,Circuit électrique,renovation,,,135.0,120.0,150.0,TND,unité,,,Tunis,SM Devis (source blog),True,,https://www.sm-devis.tn/entreprise-renovation-de-magasin-en-tunisie/,2026-04-05 09:40:27.910175,0.00018558502910499542,2.244775191423676e-05,0.0005131055714713302
blog_article,Entre 3 500 dt et 5 800 dt,renovation,,,1420.0,940.0,1900.0,TND,unité,,,Tunis,SM Devis (source blog),True,Fourchette estimée : 940.0 – 1900.0 DT/unité,https://www.sm-devis.tn/devis-travaux-cuisine-tunisie/,2026-04-05 09:39:49.822161,0.0019652623604476754,0.00017712973989469176,0.006547613300468829
blog_article,580 dt à 990 dt,renovation,,,4650.0,3500.0,5800.0,TND,unité,,,Tunis,SM Devis (source blog),True,Fourchette estimée : 3500.0 – 5800.0 DT/unité,https://www.sm-devis.tn/devis-travaux-cuisine-tunisie/,2026-04-05 09:39:49.822161,0.006438692539620326,0.0006600393609068439,0.019995944810806115
blog_article,Jusqu’à 3 400 dt,renovation,,,785.0,580.0,990.0,TND,unité,,,Tunis,SM Devis (source blog),True,Fourchette estimée : 580.0 – 990.0 DT/unité,https://www.sm-devis.tn/devis-travaux-cuisine-tunisie/,2026-04-05 09:39:49.822161,0.0010858109165546,0.00010922057443985785,0.0034096692813901297
blog_article,Pour un tarifs compris,renovation,,,2600.0,1400.0,3800.0,TND,unité,,,Tunis,SM Devis (source blog),True,Fourchette estimée : 1400.0 – 3800.0 DT/unité,https://www.sm-devis.tn/devis-travaux-cuisine-tunisie/,2026-04-05 09:39:49.822161,0.00359951858689465,0.00026390256242031285,0.013099364549094687
blog_article,Prise,renovation,,,20.0,10.0,30.0,TND,unité,,,Tunis,SM Devis (source blog),True,Prise : 10 à 30 dt,https://www.sm-devis.tn/prix-pose-travaux-electricite-tunisie/,2026-04-05 09:42:21.024383,2.631429517160383e-05,1.6977291363708474e-06,9.931075576864456e-05
blog_article,Electricien,renovation,,,50.0,25.0,65.0,TND,unité,,,Tunis,SM Devis (source blog),True,Electricien,https://www.sm-devis.tn/prix-pose-travaux-electricite-tunisie/,2026-04-05 09:42:21.021376,6.78631822846625e-05,4.5272776969889265e-06,0.00022000091034859456
blog_article,Installation d’un système de chauffage électrique dans une maison,renovation,,,4000.0,7700.0,13300.0,TND,unité,,,Tunis,SM Devis (source blog),True,Installation d’un système de chauffage électrique dans une maison,https://www.sm-devis.tn/prix-pose-travaux-electricite-tunisie/,2026-04-05 09:42:21.020375,0.005538466652170722,0.0014523129578799061,0.04585812079222397
blog_article,Installation électrique dans une maison sans chauffage électrique,renovation,,,7300.0,5300.0,8600.0,TND,unité,,,Tunis,SM Devis (source blog),True,Installation électrique dans une maison sans chauffage électrique,https://www.sm-devis.tn/prix-pose-travaux-electricite-tunisie/,2026-04-05 09:42:21.020375,0.010108844234607176,0.0009995851881810134,0.02965115717720211
blog_article,Installation d’un système de chauffage électrique dans un appartement,renovation,,,5500.0,3200.0,7400.0,TND,unité,,,Tunis,SM Devis (source blog),True,Installation d’un système de chauffage électrique dans un appartement,https://www.sm-devis.tn/prix-pose-travaux-electricite-tunisie/,2026-04-05 09:42:21.020375,0.007615911007823655,0.0006034483896944823,0.02551320902017526
blog_article,Installation électrique dans un appartement sans chauffage électrique,renovation,,,4650.0,2200.0,7000.0,TND,unité,,,Tunis,SM Devis (source blog),True,Installation électrique dans un appartement sans chauffage électrique,https://www.sm-devis.tn/prix-pose-travaux-electricite-tunisie/,2026-04-05 09:42:21.020375,0.006438692539620326,0.00041481181898661036,0.02413389296783297
blog_article,Appartement neuf de 50m2,renovation,,,502.0,,,TND,m²,,,Tunis,SM Devis (source blog),True,80 à 160 DT HT / m2,https://www.sm-devis.tn/prix-pose-travaux-electricite-tunisie/,2026-04-05 09:42:21.019371,0.0006938664147880799,,
blog_article,Maison neuve 100m2,renovation,,,1002.0,,,TND,m²,,,Tunis,SM Devis (source blog),True,50 à 120 DT HT / m2,https://www.sm-devis.tn/prix-pose-travaux-electricite-tunisie/,2026-04-05 09:42:21.019371,0.0013863478666723912,,
blog_article,Cheminée à foyer fermé,renovation,,,1100.0,,3300.0,TND,unité,,,Tunis,SM Devis (source blog),True,5500 dt,https://www.sm-devis.tn/guide-des-prix-cheminee-tunisie/,2026-04-05 09:40:48.783462,0.001522074231241716,,0.01137521948366683
blog_article,Jusqu’à 3 400 dt,renovation,,,3400.0,,,TND,unité,,,Tunis,SM Devis (source blog),True,580 dt à 990 dt,https://www.sm-devis.tn/devis-travaux-cuisine-tunisie/,2026-04-05 09:39:49.816154,0.004707488909909548,,
blog_article,Entre 5 900 dt et 13 000 dt,renovation,,,9450.0,,,TND,unité,,,Tunis,SM Devis (source blog),True,1 800 dt à 3 900 dt,https://www.sm-devis.tn/devis-travaux-cuisine-tunisie/,2026-04-05 09:39:49.816154,0.013086514477709714,,
blog_article,Entrée de gamme Tunis,renovation,,,2350.0,,,TND,unité,,,Tunis,SM Devis (source blog),True,"Cuisine en kit ou standard, qualité modeste à acceptable | Restreint | SM Devis",https://www.sm-devis.tn/devis-travaux-cuisine-tunisie/,2026-04-05 09:39:49.817160,0.0032532778609524944,,
blog_article,Milieu de gamme – Confort Tunis,renovation,,,5650.0,,,TND,unité,,,Tunis,SM Devis (source blog),True,Cuisine standard de bonne qualité | Bonne sélection | SM Devis,https://www.sm-devis.tn/devis-travaux-cuisine-tunisie/,2026-04-05 09:39:49.817160,0.00782365544338895,,
blog_article,Milieu de gamme – Confort Plus Tunis,renovation,,,11000.0,,,TND,unité,,,Tunis,SM Devis (source blog),True,Cuisine de qualité supérieure | Large choix | SM Devis,https://www.sm-devis.tn/devis-travaux-cuisine-tunisie/,2026-04-05 09:39:49.817160,0.01523320697855108,,
blog_article,Haut de gamme Tunis,renovation,,,21550.0,,,TND,unité,,,Tunis,SM Devis (source blog),True,"Cuisine de qualité premium | Large choix, y compris matériaux nobles | SM Devis",https://www.sm-devis.tn/devis-travaux-cuisine-tunisie/,2026-04-05 09:39:49.817160,0.02984456561331005,,
blog_article,Luxe Tunis,renovation,,,73750.0,,,TND,unité,,,Tunis,SM Devis (source blog),True,Cuisine de qualité exceptionnelle | Choix quasi-illimité | SM Devis,https://www.sm-devis.tn/devis-travaux-cuisine-tunisie/,2026-04-05 09:39:49.817160,0.10213962919003214,,
blog_article,représente une rentrée d’argent non négligeable pour les cuisinistes,renovation,,,27.5,17.0,38.0,TND,unité,,,Tunis,SM Devis (source blog),True,"représente une rentrée d’argent non négligeable pour les cuisinistes : de 
17 à 38",https://www.sm-devis.tn/devis-travaux-cuisine-tunisie/,2026-04-05 09:39:49.820161,3.67015169498685e-05,3.018185131325951e-06,0.00012689707681549028
blog_article,budget minimum,renovation,,,12500.0,10000.0,15000.0,TND,unité,,,Tunis,SM Devis (source blog),True,Fourchette estimée : 10000.0 – 15000.0 DT/unité,https://www.sm-devis.tn/devis-travaux-cuisine-tunisie/,2026-04-05 09:39:49.822161,0.017310651334204015,0.0018861770705080115,0.05172021401467868
blog_article,Entre 3 500 dt et 5 800 dt,renovation,,,4650.0,,,TND,unité,,,Tunis,SM Devis (source blog),True,940 dt à 1 900 dt,https://www.sm-devis.tn/devis-travaux-cuisine-tunisie/,2026-04-05 09:39:49.816154,0.006438692539620326,,
blog_article,"Le coût d’une rénovation Tunisie de point de vente dépend du niveau de rénovation, et oscille",renovation,,,1400.0,800.0,2000.0,TND,unité,,,Tunis,SM Devis (source blog),True,Fourchette estimée : 800.0 – 2000.0 DT/unité,https://www.sm-devis.tn/entreprise-renovation-de-magasin-en-tunisie/,2026-04-05 09:40:27.913682,0.001937563102372303,0.00015072061999558967,0.006892442313554401
blog_article,Le prix de la rénovation de magasin Tunisie varie,renovation,,,180.0,60.0,300.0,TND,m,,,Tunis,SM Devis (source blog),True,Fourchette estimée : 60.0 – 300.0 DT/m,https://www.sm-devis.tn/entreprise-renovation-de-magasin-en-tunisie/,2026-04-05 09:40:27.912179,0.0002479083597745834,1.1129557671764444e-05,0.0010303490910996873
blog_article,Insert,renovation,,,3000.0,1000.0,5000.0,TND,unité,,,Tunis,SM Devis (source blog),True,,https://www.sm-devis.tn/guide-des-prix-chauffage-prix-du-chauffage-au-bois-tunisie/,2026-04-05 09:40:43.648934,0.004153503748402099,0.00018844793413716406,0.017237312706121544
blog_article,Chauffe-eau thermodynamique (CET),renovation,,,3250.0,2500.0,4000.0,TND,unité,,,Tunis,SM Devis (source blog),True,Fourchette estimée : 2500.0 – 4000.0 DT/unité,https://www.sm-devis.tn/guide-des-prix-chauffe-eau-comparatif-du-prix-des-chauffe-eau-pour-bien-choisir-tunisie/,2026-04-05 09:40:44.895180,0.004499744474344255,0.00047140279019897195,0.01378902257526583
blog_article,Chauffe-eau solaire (CESI),renovation,,,5750.0,4500.0,7000.0,TND,unité,,,Tunis,SM Devis (source blog),True,Fourchette estimée : 4500.0 – 7000.0 DT/unité,https://www.sm-devis.tn/guide-des-prix-chauffe-eau-comparatif-du-prix-des-chauffe-eau-pour-bien-choisir-tunisie/,2026-04-05 09:40:44.896185,0.007962151733765811,0.0008486759316147158,0.02413389296783297
blog_article,Quel chauffe-eau pour un appartement,renovation,,,2.5,2.0,3.0,TND,unité,,,Tunis,SM Devis (source blog),True,Fourchette estimée : 2.0 – 3.0 DT/unité,https://www.sm-devis.tn/guide-des-prix-chauffe-eau-comparatif-du-prix-des-chauffe-eau-pour-bien-choisir-tunisie/,2026-04-05 09:40:44.896185,2.077444355652934e-06,1.8863657070787194e-07,6.206922235540285e-06
blog_article,Capacité,renovation,,,175.0,50.0,300.0,TND,unité,,,Tunis,SM Devis (source blog),True,Fourchette estimée : 50.0 – 300.0 DT/unité,https://www.sm-devis.tn/guide-des-prix-chauffe-eau-comparatif-du-prix-des-chauffe-eau-pour-bien-choisir-tunisie/,2026-04-05 09:40:44.896185,0.00024098354525574033,9.243191964685726e-06,0.0010303490910996873
blog_article,Maximum 50 litres,renovation,,,210.1,150.2,270.0,TND,unité,,,Tunis,SM Devis (source blog),True,Fourchette estimée : 150.2 – 270.0 DT/unité,https://www.sm-devis.tn/guide-des-prix-chauffe-eau-comparatif-du-prix-des-chauffe-eau-pour-bien-choisir-tunisie/,2026-04-05 09:40:44.896185,0.000289595743178019,2.814457634961449e-05,0.000926900387174016
blog_article,"150, 200 et 270 litres",renovation,,,300.0,200.0,400.0,TND,unité,,,Tunis,SM Devis (source blog),True,Fourchette estimée : 200.0 – 400.0 DT/unité,https://www.sm-devis.tn/guide-des-prix-chauffe-eau-comparatif-du-prix-des-chauffe-eau-pour-bien-choisir-tunisie/,2026-04-05 09:40:44.896185,0.00041410390822681816,3.753867757086651e-05,0.0013751781041852588
blog_article,Chauffe-eau solaire combiné (70m² de surface chauffée),renovation,,,13000.0,70.0,15500.0,TND,unité,,,Tunis,SM Devis (source blog),True,18000 dt,https://www.sm-devis.tn/guide-des-prix-chauffe-eau-prix-chauffe-eau-solaire-combine-tunisie/,2026-04-05 09:40:46.307428,0.018003132786088324,1.3015923378843163e-05,0.053444359080106536
blog_article,Chauffe-eau solaire combiné (150m² de surface chauffée),renovation,,,20000.0,150.0,22500.0,TND,unité,,,Tunis,SM Devis (source blog),True,25000 dt,https://www.sm-devis.tn/guide-des-prix-chauffe-eau-prix-chauffe-eau-solaire-combine-tunisie/,2026-04-05 09:40:46.307428,0.02769787311246868,2.8106849035472917e-05,0.07758238999609654
blog_article,Fourchette de dépenses moyennes 14250 dt,renovation,,,16750.0,,,TND,unité,,,Tunis,SM Devis (source blog),True,Fourchette de dépenses moyennes 14250 dt – 16750 dt,https://www.sm-devis.tn/guide-des-prix-chauffe-eau-prix-chauffe-eau-solaire-combine-tunisie/,2026-04-05 09:40:46.310336,0.02319674367522066,,
blog_article,Chauffe-eau gaz,renovation,,,600.0,200.0,1000.0,TND,unité,,,Tunis,SM Devis (source blog),True,Fourchette estimée : 200.0 – 1000.0 DT/unité,https://www.sm-devis.tn/guide-des-prix-chauffe-eau-comparatif-du-prix-des-chauffe-eau-pour-bien-choisir-tunisie/,2026-04-05 09:40:44.895180,0.0008295927793574049,3.753867757086651e-05,0.003444152182698687
blog_article,Prix des chauffe-eau solaire combiné en Tunisie varie,renovation,,,19000.0,13000.0,25000.0,TND,unité,,,Tunis,SM Devis (source blog),True,Fourchette estimée : 13000.0 – 25000.0 DT/unité,https://www.sm-devis.tn/guide-des-prix-chauffe-eau-prix-chauffe-eau-solaire-combine-tunisie/,2026-04-05 09:40:46.313336,0.02631291020870006,0.0024520867826316275,0.08620311532323582
blog_article,Split,renovation,,,1650.0,1300.0,2000.0,TND,unité,,,Tunis,SM Devis (source blog),True,,https://www.sm-devis.tn/guide-des-prix-chauffe-eau-prix-chauffe-eau-thermodynamique-tunisie/,2026-04-05 09:40:47.395807,0.0022838038283144587,0.00024503890534952565,0.006892442313554401
blog_article,Sur air ambiant,renovation,,,1700.0,1400.0,2000.0,TND,unité,,,Tunis,SM Devis (source blog),True,,https://www.sm-devis.tn/guide-des-prix-chauffe-eau-prix-chauffe-eau-thermodynamique-tunisie/,2026-04-05 09:40:47.395807,0.0023530519735028895,0.00026390256242031285,0.006892442313554401
blog_article,Sur air extérieur,renovation,,,2100.0,2000.0,2200.0,TND,unité,,,Tunis,SM Devis (source blog),True,,https://www.sm-devis.tn/guide-des-prix-chauffe-eau-prix-chauffe-eau-thermodynamique-tunisie/,2026-04-05 09:40:47.395807,0.0029070371350103387,0.000377084504845036,0.007582100339725545
blog_article,Sur air extrait,renovation,,,2950.0,2400.0,3500.0,TND,unité,,,Tunis,SM Devis (source blog),True,,https://www.sm-devis.tn/guide-des-prix-chauffe-eau-prix-chauffe-eau-thermodynamique-tunisie/,2026-04-05 09:40:47.395807,0.0040842556032136676,0.00045253913312818476,0.012064877509837972
blog_article,Fourchette de dépenses moyennes 900 dt,renovation,,,2300.0,,,TND,unité,,,Tunis,SM Devis (source blog),True,Fourchette de dépenses moyennes 900 dt – 2300 dt,https://www.sm-devis.tn/guide-des-prix-chauffe-eau-prix-chauffe-eau-thermodynamique-tunisie/,2026-04-05 09:40:47.399812,0.003184029715764063,,
blog_article,Le prix des chauffe-eaux thermodynamiques en Tunisie varie,renovation,,,2400.0,1300.0,3500.0,TND,unité,,,Tunis,SM Devis (source blog),True,Fourchette estimée : 1300.0 – 3500.0 DT/unité,https://www.sm-devis.tn/guide-des-prix-chauffe-eau-prix-chauffe-eau-thermodynamique-tunisie/,2026-04-05 09:40:47.401812,0.0033225260061409256,0.00024503890534952565,0.012064877509837972
blog_article,Cheminée à foyer ouvert,renovation,,,550.0,,825.0,TND,unité,,,Tunis,SM Devis (source blog),True,1100 dt,https://www.sm-devis.tn/guide-des-prix-cheminee-tunisie/,2026-04-05 09:40:48.782462,0.0007603446341689738,,0.002840701409798937
blog_article,Insert de cheminée,renovation,,,550.0,,1925.0,TND,unité,,,Tunis,SM Devis (source blog),True,3300 dt,https://www.sm-devis.tn/guide-des-prix-cheminee-tunisie/,2026-04-05 09:40:48.782462,0.0007603446341689738,,0.006633820553740222
blog_article,Cheminée électrique,renovation,,,550.0,,1375.0,TND,unité,,,Tunis,SM Devis (source blog),True,2200 dt,https://www.sm-devis.tn/guide-des-prix-cheminee-tunisie/,2026-04-05 09:40:48.783462,0.0007603446341689738,,0.00473726098176958
blog_article,Le prix d’un chauffe-eau solaire combiné oscille,renovation,,,19000.0,13000.0,25000.0,TND,unité,,,Tunis,SM Devis (source blog),True,Fourchette estimée : 13000.0 – 25000.0 DT/unité,https://www.sm-devis.tn/guide-des-prix-chauffe-eau-prix-chauffe-eau-solaire-combine-tunisie/,2026-04-05 09:40:46.313336,0.02631291020870006,0.0024520867826316275,0.08620311532323582
blog_article,s’élève,renovation,,,12000.0,7000.0,17000.0,TND,unité,,,Tunis,SM Devis (source blog),True,Fourchette estimée : 7000.0 – 17000.0 DT/unité,https://www.sm-devis.tn/guide-des-prix-chaudieres-prix-dune-chaudiere-a-granules-tunisie/,2026-04-05 09:40:42.430563,0.016618169882319702,0.0013202673583843957,0.05861679427639011
blog_article,Chauffe-eau électrique,renovation,,,515.0,130.0,900.0,TND,unité,,,Tunis,SM Devis (source blog),True,Fourchette estimée : 130.0 – 900.0 DT/unité,https://www.sm-devis.tn/guide-des-prix-chauffe-eau-comparatif-du-prix-des-chauffe-eau-pour-bien-choisir-tunisie/,2026-04-05 09:40:44.895180,0.000711870932537072,2.433411762131548e-05,0.0030993231696131154
blog_article,dt Chauffe-eau gazde 200 dt à 1 000 dt Chauffe-eau thermodynamique (CET)de 2 500 à 4 000 dt\ ¹Chauffe-eau solaire (CESI),renovation,,,5750.0,4500.0,7000.0,TND,unité,,,Tunis,SM Devis (source blog),True,Fourchette estimée : 4500.0 – 7000.0 DT/unité,https://www.sm-devis.tn/guide-des-prix-chauffe-eau-comparatif-du-prix-des-chauffe-eau-pour-bien-choisir-tunisie/,2026-04-05 09:40:44.895180,0.007962151733765811,0.0008486759316147158,0.02413389296783297
blog_article,Poêle à granulés,renovation,,,4000.0,3000.0,5000.0,TND,unité,,,Tunis,SM Devis (source blog),True,,https://www.sm-devis.tn/guide-des-prix-chauffage-prix-du-chauffage-au-bois-tunisie/,2026-04-05 09:40:43.648934,0.005538466652170722,0.0005657210755529079,0.017237312706121544
blog_article,Poêle de masse à bûches,renovation,,,10500.0,5000.0,16000.0,TND,unité,,,Tunis,SM Devis (source blog),True,,https://www.sm-devis.tn/guide-des-prix-chauffage-prix-du-chauffage-au-bois-tunisie/,2026-04-05 09:40:43.648934,0.014540725526666768,0.0009429942169686518,0.0551685041455344
blog_article,Fourchette de dépenses moyennes 2903 dt,renovation,,,13947.0,,,TND,unité,,,Tunis,SM Devis (source blog),True,Fourchette de dépenses moyennes 2903 dt – 13947 dt,https://www.sm-devis.tn/guide-des-prix-chauffage-prix-du-chauffage-au-bois-tunisie/,2026-04-05 09:40:43.649955,0.01931469265595721,,
blog_article,r de moderniser votre équipement de chauffage au bois existant. La fourchette moyenne TTC des travaux est comprise ente,renovation,,,8425.0,2903.0,13947.0,TND,unité,,,Tunis,SM Devis (source blog),True,Fourchette estimée : 2903.0 – 13947.0 DT/unité,https://www.sm-devis.tn/guide-des-prix-chauffage-prix-du-chauffage-au-bois-tunisie/,2026-04-05 09:40:43.651853,0.011666927501346876,0.0005474233281942444,0.04808916450688761
blog_article,Chauffe-eau électrique,renovation,,,130900.0,,,TND,unité,,,Tunis,SM Devis (source blog),True,,https://www.sm-devis.tn/guide-des-prix-chauffe-eau-comparatif-du-prix-des-chauffe-eau-pour-bien-choisir-tunisie/,2026-04-05 09:40:44.890671,0.18129025914040892,,
blog_article,is peut facilement dépasser les 5 500 € pour un chauffe-eau solaire destiné à la production d’eau chaude sanitaire pour,renovation,,,5.5,5.0,6.0,TND,unité,,,Tunis,SM Devis (source blog),True,Fourchette estimée : 5.0 – 6.0 DT/unité,https://www.sm-devis.tn/guide-des-prix-chauffe-eau-comparatif-du-prix-des-chauffe-eau-pour-bien-choisir-tunisie/,2026-04-05 09:40:44.895180,6.232333066958801e-06,7.545462828314878e-07,1.6551792628107427e-05
blog_article,Chauffe-eau thermodynamique (CET),renovation,,,3250.0,,,TND,unité,,,Tunis,SM Devis (source blog),True,,https://www.sm-devis.tn/guide-des-prix-chauffe-eau-comparatif-du-prix-des-chauffe-eau-pour-bien-choisir-tunisie/,2026-04-05 09:40:44.890671,0.004499744474344255,,
blog_article,Chauffe-eau solaire (CESI),renovation,,,5750.0,,,TND,unité,,,Tunis,SM Devis (source blog),True,,https://www.sm-devis.tn/guide-des-prix-chauffe-eau-comparatif-du-prix-des-chauffe-eau-pour-bien-choisir-tunisie/,2026-04-05 09:40:44.890671,0.007962151733765811,,
blog_article,Chauffe-eau gaz,renovation,,,600.0,,,TND,unité,,,Tunis,SM Devis (source blog),True,,https://www.sm-devis.tn/guide-des-prix-chauffe-eau-comparatif-du-prix-des-chauffe-eau-pour-bien-choisir-tunisie/,2026-04-05 09:40:44.890671,0.0008295927793574049,,
blog_article,Capacité,renovation,,,50.0,,,TND,unité,,,Tunis,SM Devis (source blog),True,"Capacité | 50 à 300 litres | Maximum 50 litres | 150, 200 et 270 litres",https://www.sm-devis.tn/guide-des-prix-chauffe-eau-comparatif-du-prix-des-chauffe-eau-pour-bien-choisir-tunisie/,2026-04-05 09:40:44.891672,6.78631822846625e-05,,
blog_article,s peut facilement dépasser les 5 500 dt pour un chauffe-eau solaire destiné à la production d’eau chaude sanitaire pour,renovation,,,5.5,5.0,6.0,TND,unité,,,Tunis,SM Devis (source blog),True,Fourchette estimée : 5.0 – 6.0 DT/unité,https://www.sm-devis.tn/guide-des-prix-chauffe-eau-comparatif-du-prix-des-chauffe-eau-pour-bien-choisir-tunisie/,2026-04-05 09:40:44.895180,6.232333066958801e-06,7.545462828314878e-07,1.6551792628107427e-05
blog_article,Le prix de la rénovation de magasin en Tunisie varie entre é,renovation,,,137.5,25.0,250.0,TND,m,,,Tunis,SM Devis (source blog),True,Fourchette estimée : 25.0 – 250.0 DT/m,https://www.sm-devis.tn/prix-installation-renovation-magasin-tunisie/,2026-04-05 09:41:44.520898,0.00018904743636441698,4.5272776969889265e-06,0.0008579345845569017
blog_article,iné à la production d’eau chaude sanitaire pour 5 à 6 personnes environ.Type de chauffe-eau Prix Chauffe-eau électrique,renovation,,,515.0,130.0,900.0,TND,unité,,,Tunis,SM Devis (source blog),True,Fourchette estimée : 130.0 – 900.0 DT/unité,https://www.sm-devis.tn/guide-des-prix-chauffe-eau-comparatif-du-prix-des-chauffe-eau-pour-bien-choisir-tunisie/,2026-04-05 09:40:44.895180,0.000711870932537072,2.433411762131548e-05,0.0030993231696131154
blog_article,e sanitaire pour 5 à 6 personnes environ.Type de chauffe-eau Prix Chauffe-eau électrique de 130 à 900 dt Chauffe-eau gaz,renovation,,,600.0,200.0,1000.0,TND,unité,,,Tunis,SM Devis (source blog),True,Fourchette estimée : 200.0 – 1000.0 DT/unité,https://www.sm-devis.tn/guide-des-prix-chauffe-eau-comparatif-du-prix-des-chauffe-eau-pour-bien-choisir-tunisie/,2026-04-05 09:40:44.895180,0.0008295927793574049,3.753867757086651e-05,0.003444152182698687
blog_article,fe-eau Prix Chauffe-eau électrique de 130 à 900 dt Chauffe-eau gazde 200 dt à 1 000 dt Chauffe-eau thermodynamique (CET),renovation,,,3250.0,2500.0,4000.0,TND,unité,,,Tunis,SM Devis (source blog),True,Fourchette estimée : 2500.0 – 4000.0 DT/unité,https://www.sm-devis.tn/guide-des-prix-chauffe-eau-comparatif-du-prix-des-chauffe-eau-pour-bien-choisir-tunisie/,2026-04-05 09:40:44.895180,0.004499744474344255,0.00047140279019897195,0.01378902257526583
blog_article,Avantages / inconvénients,renovation,,,2020.0,,,TND,unité,,,Tunis,SM Devis (source blog),True,Avantages / inconvénients | + Des tarifs accessibles+ Peut se caler sur les heures creuses+ Facile à installer – Gros consommateur d’énergie | + Se raccorde au réseau existant+ Économique à l’usage– Nécessité d’entretien / doit être installé près du point de puisage | + économique à l’usage / adapté RT2020+ Peut bénéficier des aides de l’État–  nécessite parfois une solution d’appoint / complexe à installer.,https://www.sm-devis.tn/guide-des-prix-chauffe-eau-comparatif-du-prix-des-chauffe-eau-pour-bien-choisir-tunisie/,2026-04-05 09:40:44.891672,0.002796240102708849,,
blog_article,"r de votre habitation. En fonction de votre besoin, vous avez la possibilité de changer d’élément (une unité intérieure",renovation,,,250.0,200.0,300.0,TND,unité,,,Tunis,SM Devis (source blog),True,Fourchette estimée : 200.0 – 300.0 DT/unité,https://www.sm-devis.tn/travaux-climatisation-entreprise-climatisation-tunisie/,2026-04-05 09:42:42.790770,0.000344855763038387,3.753867757086651e-05,0.0010303490910996873
blog_article,varie,toiture,,,125.0,50.0,200.0,TND,m,,,Tunis,SM Devis (source blog),True,Fourchette estimée : 50.0 – 200.0 DT/m,https://www.sm-devis.tn/cout-installation-couverture-toiture-tuile-ardoise-zinc-tunisie/,2026-04-05 09:35:15.658761,0.0001717354000673092,9.243191964685726e-06,0.000685520078014116
blog_article,Veuillez entrer uniquement 2 chiffres * Exemple,toiture,,,12.0,,,TND,unité,,,Tunis,SM Devis (source blog),True,Veuillez entrer uniquement 2 chiffres * Exemple: 12 Cette boîte est pour la protection contre le spam - Veuillez laisser en blanc :,http://www.sm-devis.tn/couverturetoiture-tuile-ardoise-zinc/,2026-04-05 09:33:47.494361,1.5234591941454847e-05,,
blog_article,Moins d'un mois,toiture,,,2.0,1.0,3.0,TND,unité,,,Tunis,SM Devis (source blog),True,Fourchette estimée : 1.0 – 3.0 DT/unité,http://www.sm-devis.tn/couverturetoiture-tuile-ardoise-zinc/,2026-04-05 09:33:47.501363,1.3849629037686226e-06,0.0,6.206922235540285e-06
blog_article,Entre 1 et 3 mois,toiture,,,4.5,3.0,6.0,TND,unité,,,Tunis,SM Devis (source blog),True,Fourchette estimée : 3.0 – 6.0 DT/unité,http://www.sm-devis.tn/couverturetoiture-tuile-ardoise-zinc/,2026-04-05 09:33:47.501363,4.847370163190179e-06,3.772731414157439e-07,1.6551792628107427e-05
blog_article,Entre 3 et 6 mois,toiture,,,9.0,6.0,12.0,TND,unité,,,Tunis,SM Devis (source blog),True,Fourchette estimée : 6.0 – 12.0 DT/unité,http://www.sm-devis.tn/couverturetoiture-tuile-ardoise-zinc/,2026-04-05 09:33:47.501363,1.107970323014898e-05,9.431828535393596e-07,3.7241533413241716e-05
